record_id,timestamp,charge_point_id,sensor_reading,expected_reading,deviation_percent,actuator_state,actuator_command,actuator_response_time_ms,scada_latency_ms,packet_loss_percent,protocol,command_type,command_frequency,power_reading_kw,current_reading_a,temperature_c,digital_value,physical_value,data_consistency,anomaly_score,attack_type,attack_subtype,label
1,2026-01-01 12:06:00,CP-008,171.99,227.46,24.39,unknown,override,1206.4,326.7,18.06,modbus,stop_charging,86,36.51,158.74,21.9,171.99,249.1,77.11,0.932,combined_attack,multi_vector,1
2,2026-01-01 07:11:00,CP-003,222.19,221.29,0.41,on,none,29.85,44.37,0.52,modbus,start_charging,7,21.42,93.13,33.54,222.19,221.45,0.74,0.0693,none,none,0
3,2026-01-01 09:46:00,CP-015,239.35,238.16,0.5,off,none,13.2,48.76,0.4,ocpp,stop_charging,8,11.03,47.96,35.23,239.35,239.22,0.13,0.0312,none,none,0
4,2026-01-01 05:11:00,CP-001,233.48,233.0,0.21,on,none,23.02,32.58,0.26,iec61850,write_register,5,11.96,52.0,35.33,233.48,233.21,0.27,0.0998,none,none,0
5,2026-01-01 14:52:00,CP-006,29.81,226.41,86.83,unknown,write_register,35.62,6.48,2.77,ocpp,reset_device,34,2.77,12.04,20.17,29.81,226.41,196.6,0.6962,false_data_injection,state_injection,1
6,2026-01-01 03:10:00,CP-011,236.34,238.29,0.82,off,none,37.76,26.5,0.23,modbus,read_register,2,8.95,38.91,42.02,236.34,235.61,0.73,0.1547,none,none,0
7,2026-01-01 09:12:00,CP-020,224.26,224.18,0.04,off,none,42.29,21.92,0.4,modbus,start_charging,1,4.4,19.13,20.75,224.26,223.49,0.77,0.0581,none,none,0
8,2026-01-01 00:27:00,CP-014,232.12,232.17,0.02,off,none,45.98,13.55,0.04,dnp3,read_register,9,20.59,89.52,33.46,232.12,232.56,0.44,0.1484,none,none,0
9,2026-01-01 10:12:00,CP-017,233.0,233.37,0.16,on,none,35.08,23.18,0.03,ocpp,stop_charging,8,8.75,38.04,34.9,233.0,232.34,0.66,0.149,none,none,0
10,2026-01-01 02:25:00,CP-008,236.7,237.72,0.43,off,none,28.52,37.36,0.42,dnp3,write_register,4,11.75,51.09,23.88,236.7,236.08,0.62,0.175,none,none,0
11,2026-01-01 08:18:00,CP-016,226.01,227.95,0.85,off,none,43.66,28.54,0.3,modbus,set_power_limit,2,20.43,88.83,32.84,226.01,226.03,0.02,0.0826,none,none,0
12,2026-01-01 09:43:00,CP-014,232.96,232.11,0.37,on,none,19.16,37.98,0.34,ocpp,set_power_limit,1,20.23,87.96,36.63,232.96,232.46,0.5,0.1375,none,none,0
13,2026-01-01 05:23:00,CP-018,228.74,227.74,0.44,off,none,43.14,14.93,0.08,ocpp,set_power_limit,10,18.34,79.74,37.12,228.74,228.31,0.43,0.1486,none,none,0
14,2026-01-01 13:00:00,CP-016,167.05,221.68,24.64,fault,override,1220.89,263.41,16.23,iec61850,update_firmware,39,25.91,112.65,44.11,167.05,259.64,92.59,0.9486,combined_attack,sensor_plus_actuator,1
15,2026-01-01 11:09:00,CP-007,226.29,225.85,0.19,off,none,48.95,36.62,0.1,dnp3,set_power_limit,2,12.54,54.52,39.38,226.29,225.34,0.95,0.1592,none,none,0
16,2026-01-01 07:12:00,CP-015,234.75,232.84,0.82,on,none,12.52,44.23,0.23,iec61850,stop_charging,10,9.51,41.35,36.15,234.75,234.4,0.35,0.1187,none,none,0
17,2026-01-01 12:33:00,CP-009,114.38,226.28,49.45,unknown,inject_command,1342.87,207.25,22.61,ocpp,update_firmware,99,41.4,180.0,28.14,114.38,265.92,151.54,0.6737,combined_attack,multi_vector,1
18,2026-01-01 16:35:00,CP-006,222.15,222.15,6.15,unknown,reset_device,424.31,213.78,5.97,iec61850,write_register,85,14.27,62.04,23.36,222.15,223.21,1.06,0.8756,scada_attack,protocol_manipulation,1
19,2026-01-01 10:22:00,CP-011,235.56,234.15,0.6,on,none,20.95,9.41,0.98,ocpp,stop_charging,2,17.87,77.7,23.09,235.56,235.61,0.05,0.1751,none,none,0
20,2026-01-01 14:59:00,CP-018,14.45,230.94,93.74,on,write_register,26.4,55.76,1.86,ocpp,reset_device,61,1.11,4.83,25.02,14.45,230.94,216.49,0.6415,false_data_injection,register_injection,1
21,2026-01-01 13:52:00,CP-008,49.18,234.35,79.01,transitioning,write_register,32.08,13.68,0.57,modbus,write_register,86,0.91,3.96,27.27,49.18,234.35,185.17,0.6976,false_data_injection,state_injection,1
22,2026-01-01 14:35:00,CP-007,193.26,234.23,17.49,off,none,31.31,22.85,0.92,modbus,update_firmware,57,1.84,8.0,53.98,193.26,191.5,1.76,0.6899,sensor_spoofing,voltage_spoof,1
23,2026-01-01 08:25:00,CP-016,230.27,231.17,0.39,off,none,19.28,7.73,0.02,iec61850,set_power_limit,2,8.09,35.17,36.21,230.27,231.05,0.78,0.0234,none,none,0
24,2026-01-01 13:56:00,CP-006,13.78,235.21,94.14,fault,write_register,23.7,70.26,2.47,ocpp,update_firmware,33,2.29,9.96,27.46,13.78,235.21,221.43,0.8007,false_data_injection,register_injection,1
25,2026-01-01 03:27:00,CP-019,222.18,220.6,0.72,off,none,28.64,23.29,0.54,ocpp,stop_charging,5,11.8,51.3,41.31,222.18,221.36,0.82,0.1615,none,none,0
26,2026-01-01 01:03:00,CP-003,237.04,238.45,0.59,off,none,48.17,33.21,0.89,dnp3,set_power_limit,1,14.73,64.04,25.87,237.04,237.41,0.37,0.0575,none,none,0
27,2026-01-01 15:54:00,CP-003,41.03,229.72,82.14,off,write_register,40.9,9.17,0.55,iec61850,update_firmware,94,2.54,11.04,28.01,41.03,229.72,188.69,0.7779,false_data_injection,measurement_injection,1
28,2026-01-01 03:20:00,CP-009,235.47,237.05,0.67,on,none,19.14,27.9,0.04,modbus,write_register,1,11.96,52.0,29.57,235.47,234.77,0.7,0.1862,none,none,0
29,2026-01-01 03:05:00,CP-005,224.99,225.84,0.38,on,none,40.46,35.43,0.49,iec61850,stop_charging,7,11.59,50.39,35.84,224.99,225.75,0.76,0.0186,none,none,0
30,2026-01-01 04:22:00,CP-012,234.32,232.78,0.66,on,none,10.09,20.98,0.63,iec61850,set_power_limit,9,10.1,43.91,22.66,234.32,235.11,0.79,0.0985,none,none,0
31,2026-01-01 15:50:00,CP-020,140.0,233.58,40.06,unknown,override,606.94,363.12,25.96,modbus,stop_charging,95,40.51,176.13,32.29,140.0,282.72,142.72,0.7961,combined_attack,sensor_plus_actuator,1
32,2026-01-01 00:24:00,CP-008,237.29,239.19,0.79,on,none,45.26,6.12,0.74,iec61850,stop_charging,4,8.07,35.09,39.68,237.29,236.51,0.78,0.1744,none,none,0
33,2026-01-01 06:50:00,CP-003,237.7,237.45,0.11,on,none,15.6,13.69,0.72,ocpp,stop_charging,7,4.2,18.26,33.51,237.7,237.32,0.38,0.1068,none,none,0
34,2026-01-01 08:06:00,CP-014,234.72,233.74,0.42,on,none,32.28,7.35,0.93,dnp3,start_charging,10,20.85,90.65,44.18,234.72,234.92,0.2,0.1496,none,none,0
35,2026-01-01 11:22:00,CP-014,225.26,226.15,0.39,off,none,47.73,43.58,0.63,modbus,read_register,4,17.17,74.65,24.69,225.26,225.65,0.39,0.1549,none,none,0
36,2026-01-01 11:23:00,CP-020,227.55,226.94,0.27,on,none,48.87,30.96,0.01,iec61850,read_register,5,20.04,87.13,32.55,227.55,228.29,0.74,0.1399,none,none,0
37,2026-01-01 13:16:00,CP-006,232.76,232.76,0.0,on,none,22.31,35.64,0.94,ocpp,reset_device,36,0.93,4.04,33.28,232.76,230.63,2.13,0.7116,sensor_spoofing,current_spoof,1
38,2026-01-01 12:46:00,CP-006,195.98,239.2,18.07,off,none,18.13,47.38,0.57,dnp3,set_power_limit,36,2.49,10.83,30.32,195.98,192.08,3.9,0.8825,sensor_spoofing,voltage_spoof,1
39,2026-01-01 08:35:00,CP-005,238.05,236.28,0.75,off,none,26.77,44.86,0.7,iec61850,start_charging,6,3.15,13.7,26.99,238.05,238.11,0.06,0.1841,none,none,0
40,2026-01-01 10:25:00,CP-012,234.15,233.15,0.43,off,none,38.27,13.24,0.99,dnp3,set_power_limit,5,8.24,35.83,30.69,234.15,235.03,0.88,0.1763,none,none,0
41,2026-01-01 05:20:00,CP-011,237.28,237.15,0.05,off,none,31.94,11.08,0.95,ocpp,set_power_limit,10,11.67,50.74,38.72,237.28,238.03,0.75,0.087,none,none,0
42,2026-01-01 07:30:00,CP-014,233.82,234.96,0.49,on,none,10.75,26.79,0.43,ocpp,read_register,1,18.07,78.57,32.84,233.82,232.94,0.88,0.0238,none,none,0
43,2026-01-01 05:02:00,CP-006,232.81,232.57,0.1,on,none,44.02,46.88,0.52,ocpp,read_register,10,12.7,55.22,37.46,232.81,233.04,0.23,0.1348,none,none,0
44,2026-01-01 05:47:00,CP-009,235.54,234.83,0.3,on,none,14.5,23.61,0.37,ocpp,start_charging,6,14.28,62.09,20.61,235.54,235.15,0.39,0.1975,none,none,0
45,2026-01-01 02:26:00,CP-004,220.64,221.28,0.29,on,none,19.63,8.03,0.59,dnp3,set_power_limit,1,7.65,33.26,21.11,220.64,220.52,0.12,0.108,none,none,0
46,2026-01-01 01:11:00,CP-013,239.35,240.57,0.51,off,none,13.61,22.76,0.26,modbus,stop_charging,6,15.78,68.61,36.81,239.35,239.52,0.17,0.1645,none,none,0
47,2026-01-01 00:57:00,CP-015,235.2,234.01,0.51,on,none,47.11,24.72,0.7,modbus,read_register,10,18.19,79.09,37.74,235.2,234.82,0.38,0.0027,none,none,0
48,2026-01-01 04:53:00,CP-020,239.38,239.93,0.23,off,none,47.89,14.75,0.61,dnp3,stop_charging,3,7.17,31.17,30.27,239.38,238.67,0.71,0.1165,none,none,0
49,2026-01-01 02:34:00,CP-019,231.58,231.25,0.14,on,none,17.85,15.35,0.57,ocpp,stop_charging,9,15.44,67.13,37.12,231.58,231.09,0.49,0.1643,none,none,0
50,2026-01-01 12:55:00,CP-018,224.59,224.59,9.11,transitioning,update_firmware,147.03,393.33,19.1,modbus,update_firmware,22,18.22,79.22,46.43,224.59,224.86,0.27,0.8006,scada_attack,replay_attack,1
51,2026-01-01 10:41:00,CP-011,227.21,228.45,0.54,off,none,19.53,17.42,0.58,modbus,read_register,3,14.96,65.04,35.05,227.21,226.29,0.92,0.1937,none,none,0
52,2026-01-01 13:30:00,CP-002,220.8,220.8,4.6,on,inject_command,358.87,200.93,10.06,iec61850,update_firmware,23,19.49,84.74,39.0,220.8,217.59,3.21,0.7428,scada_attack,protocol_manipulation,1
53,2026-01-01 10:06:00,CP-020,231.82,230.25,0.68,on,none,31.53,25.73,0.14,iec61850,write_register,8,15.92,69.22,23.69,231.82,231.39,0.43,0.1494,none,none,0
54,2026-01-01 12:20:00,CP-013,146.62,230.92,36.51,unknown,bypass,335.97,302.12,15.22,iec61850,update_firmware,27,28.48,123.83,39.15,146.62,272.94,126.32,0.9697,combined_attack,sensor_plus_actuator,1
55,2026-01-01 10:36:00,CP-011,228.59,228.98,0.17,on,none,27.37,18.03,0.49,dnp3,write_register,10,5.9,25.65,32.78,228.59,228.09,0.5,0.1533,none,none,0
56,2026-01-01 12:44:00,CP-002,167.53,237.95,29.59,unknown,inject_command,687.36,293.36,13.57,ocpp,read_register,46,35.76,155.48,29.74,167.53,284.34,116.81,0.7257,combined_attack,multi_vector,1
57,2026-01-01 12:14:00,CP-017,176.42,222.59,20.74,unknown,bypass,1040.97,331.7,10.9,ocpp,write_register,32,41.63,181.0,37.48,176.42,262.97,86.55,0.7295,combined_attack,fdi_plus_scada,1
58,2026-01-01 12:40:00,CP-017,17.92,229.88,92.2,off,write_register,45.06,6.47,0.36,iec61850,update_firmware,90,2.13,9.26,36.45,17.92,229.88,211.96,0.6404,false_data_injection,state_injection,1
59,2026-01-01 11:51:00,CP-010,108.57,222.04,51.1,fault,override,319.91,357.38,15.34,dnp3,reset_device,87,36.32,157.91,29.3,108.57,269.85,161.28,0.6336,combined_attack,multi_vector,1
60,2026-01-01 06:19:00,CP-010,220.45,221.48,0.47,on,none,22.84,13.66,0.28,iec61850,stop_charging,2,8.18,35.57,23.94,220.45,219.68,0.77,0.1917,none,none,0
61,2026-01-01 08:46:00,CP-015,234.72,235.3,0.25,on,none,38.29,30.74,0.8,iec61850,set_power_limit,2,15.23,66.22,22.13,234.72,235.63,0.91,0.1084,none,none,0
62,2026-01-01 14:19:00,CP-019,239.85,239.85,2.63,fault,reset_device,385.23,362.18,12.72,iec61850,start_charging,43,11.61,50.48,28.93,239.85,242.92,3.07,0.7949,scada_attack,protocol_manipulation,1
63,2026-01-01 12:15:00,CP-008,45.7,238.0,80.8,fault,write_register,46.9,10.88,0.75,modbus,update_firmware,29,1.32,5.74,33.1,45.7,238.0,192.3,0.8525,false_data_injection,register_injection,1
64,2026-01-01 02:41:00,CP-003,233.69,232.81,0.38,on,none,17.17,43.27,0.02,ocpp,set_power_limit,3,17.29,75.17,37.82,233.69,233.49,0.2,0.0154,none,none,0
65,2026-01-01 04:09:00,CP-008,234.54,233.06,0.64,on,none,33.59,12.6,0.37,modbus,stop_charging,5,17.65,76.74,35.58,234.54,234.73,0.19,0.0096,none,none,0
66,2026-01-01 15:26:00,CP-016,226.82,226.82,3.49,fault,bypass,825.28,30.75,1.82,ocpp,update_firmware,51,18.08,78.61,37.1,226.82,226.52,0.3,0.6078,actuator_manipulation,charger_manipulation,1
67,2026-01-01 06:06:00,CP-015,228.2,226.52,0.74,on,none,19.79,29.63,0.62,ocpp,read_register,3,5.82,25.3,36.33,228.2,227.27,0.93,0.1708,none,none,0
68,2026-01-01 05:26:00,CP-012,229.27,230.44,0.51,off,none,13.21,38.78,0.15,iec61850,stop_charging,2,13.32,57.91,24.54,229.27,230.06,0.79,0.05,none,none,0
69,2026-01-01 13:21:00,CP-013,225.05,225.05,3.38,fault,update_firmware,68.06,471.6,8.51,modbus,stop_charging,74,10.09,43.87,47.09,225.05,229.59,4.54,0.7603,scada_attack,command_injection,1
70,2026-01-01 09:05:00,CP-004,232.51,232.83,0.14,on,none,48.98,46.25,0.38,modbus,write_register,1,20.46,88.96,31.05,232.51,232.11,0.4,0.1252,none,none,0
71,2026-01-01 12:56:00,CP-016,225.66,225.66,0.0,on,none,11.35,38.75,0.81,dnp3,reset_device,71,0.39,1.7,45.92,225.66,223.36,2.3,0.634,sensor_spoofing,current_spoof,1
72,2026-01-01 07:14:00,CP-010,229.12,227.79,0.58,on,none,38.47,17.84,0.97,ocpp,write_register,4,5.22,22.7,44.84,229.12,229.27,0.15,0.0882,none,none,0
73,2026-01-01 06:08:00,CP-012,238.63,237.0,0.69,off,none,22.91,45.39,0.82,dnp3,set_power_limit,2,8.56,37.22,23.36,238.63,239.02,0.39,0.0549,none,none,0
74,2026-01-01 14:01:00,CP-009,151.17,227.5,33.55,unknown,bypass,743.34,565.62,12.22,ocpp,reset_device,29,33.11,143.96,47.13,151.17,259.91,108.74,0.6607,combined_attack,multi_vector,1
75,2026-01-01 10:32:00,CP-014,229.84,228.18,0.73,on,none,26.43,46.09,0.01,iec61850,write_register,8,10.51,45.7,27.48,229.84,229.7,0.14,0.0364,none,none,0
76,2026-01-01 10:50:00,CP-013,223.11,222.04,0.48,off,none,24.75,45.6,0.09,ocpp,stop_charging,3,18.5,80.43,24.4,223.11,223.25,0.14,0.1887,none,none,0
77,2026-01-01 08:42:00,CP-017,237.27,235.74,0.65,on,none,28.22,6.47,0.16,iec61850,read_register,10,19.19,83.43,22.76,237.27,237.01,0.26,0.0579,none,none,0
78,2026-01-01 02:13:00,CP-009,222.75,223.21,0.21,on,none,19.7,35.14,0.53,ocpp,read_register,2,10.85,47.17,37.93,222.75,221.95,0.8,0.1542,none,none,0
79,2026-01-01 06:23:00,CP-016,224.63,223.53,0.49,off,none,46.51,22.64,0.7,iec61850,start_charging,8,12.26,53.3,21.63,224.63,223.86,0.77,0.0957,none,none,0
80,2026-01-01 05:09:00,CP-016,232.28,233.34,0.45,on,none,43.92,21.7,0.32,iec61850,stop_charging,3,21.7,94.35,42.9,232.28,231.84,0.44,0.0444,none,none,0
81,2026-01-01 14:49:00,CP-019,283.0,233.27,21.32,on,none,21.3,11.1,0.76,iec61850,reset_device,74,1.21,5.26,33.2,283.0,282.9,0.1,0.7965,sensor_spoofing,voltage_spoof,1
82,2026-01-01 05:44:00,CP-020,238.57,239.11,0.23,off,none,12.17,28.6,0.32,ocpp,start_charging,9,16.26,70.7,23.83,238.57,238.92,0.35,0.1995,none,none,0
83,2026-01-01 09:32:00,CP-007,238.17,237.82,0.15,on,none,49.81,8.44,0.11,iec61850,stop_charging,8,6.13,26.65,25.18,238.17,237.26,0.91,0.0053,none,none,0
84,2026-01-01 06:30:00,CP-013,228.12,227.86,0.11,on,none,36.5,26.37,0.19,dnp3,start_charging,7,5.93,25.78,44.94,228.12,228.46,0.34,0.0269,none,none,0
85,2026-01-01 01:05:00,CP-005,224.88,224.53,0.16,on,none,16.8,8.55,0.87,ocpp,stop_charging,10,5.72,24.87,31.53,224.88,224.39,0.49,0.0511,none,none,0
86,2026-01-01 09:58:00,CP-012,237.46,238.69,0.52,on,none,28.28,36.42,0.73,ocpp,read_register,10,5.33,23.17,33.27,237.46,238.36,0.9,0.1503,none,none,0
87,2026-01-01 08:56:00,CP-011,220.32,221.09,0.35,on,none,34.35,5.19,0.01,ocpp,stop_charging,9,20.01,87.0,37.58,220.32,220.84,0.52,0.1076,none,none,0
88,2026-01-01 13:35:00,CP-014,49.04,225.34,78.24,transitioning,write_register,13.89,26.36,2.13,ocpp,read_register,98,0.86,3.74,44.92,49.04,225.34,176.3,0.9308,false_data_injection,measurement_injection,1
89,2026-01-01 12:52:00,CP-013,34.04,236.8,85.62,off,write_register,11.16,30.45,0.65,dnp3,read_register,91,2.32,10.09,29.16,34.04,236.8,202.76,0.727,false_data_injection,measurement_injection,1
90,2026-01-01 00:15:00,CP-008,223.33,223.27,0.03,on,none,44.59,45.61,0.16,modbus,stop_charging,5,20.6,89.57,39.63,223.33,222.9,0.43,0.1393,none,none,0
91,2026-01-01 01:12:00,CP-012,222.17,221.11,0.48,on,none,34.78,47.44,0.33,ocpp,read_register,8,20.28,88.17,27.55,222.17,221.99,0.18,0.028,none,none,0
92,2026-01-01 07:46:00,CP-020,225.99,227.87,0.83,on,none,29.88,43.13,0.79,ocpp,start_charging,5,3.9,16.96,44.91,225.99,225.79,0.2,0.0452,none,none,0
93,2026-01-01 07:59:00,CP-004,236.49,237.28,0.33,on,none,24.07,32.1,0.81,iec61850,stop_charging,1,17.48,76.0,36.03,236.49,235.86,0.63,0.0887,none,none,0
94,2026-01-01 05:43:00,CP-004,231.9,231.1,0.35,off,none,13.14,7.52,0.77,iec61850,stop_charging,7,20.67,89.87,23.01,231.9,232.44,0.54,0.1495,none,none,0
95,2026-01-01 05:57:00,CP-009,232.11,232.56,0.19,on,none,19.24,6.17,0.08,dnp3,write_register,9,19.08,82.96,31.72,232.11,232.41,0.3,0.0368,none,none,0
96,2026-01-01 14:36:00,CP-002,11.05,223.1,95.05,off,write_register,43.33,98.41,0.74,ocpp,stop_charging,47,0.44,1.91,30.39,11.05,223.1,212.05,0.9858,false_data_injection,state_injection,1
97,2026-01-01 09:33:00,CP-015,227.62,228.6,0.43,on,none,25.87,5.48,0.11,ocpp,start_charging,8,12.21,53.09,21.71,227.62,227.72,0.1,0.0485,none,none,0
98,2026-01-01 01:32:00,CP-019,221.12,221.15,0.01,off,none,28.47,6.69,0.37,iec61850,read_register,2,14.69,63.87,32.68,221.12,221.05,0.07,0.1109,none,none,0
99,2026-01-01 06:14:00,CP-014,238.56,236.78,0.75,off,none,32.6,35.52,0.56,modbus,write_register,10,16.02,69.65,39.99,238.56,239.34,0.78,0.0707,none,none,0
100,2026-01-01 03:06:00,CP-017,235.0,235.78,0.33,off,none,28.19,26.96,0.58,modbus,stop_charging,6,19.15,83.26,39.89,235.0,234.8,0.2,0.1936,none,none,0
101,2026-01-01 10:43:00,CP-009,237.83,238.87,0.44,off,none,45.8,25.18,0.72,dnp3,read_register,8,10.96,47.65,43.28,237.83,237.84,0.01,0.0044,none,none,0
102,2026-01-01 04:45:00,CP-012,235.5,235.45,0.02,on,none,17.03,32.3,0.84,ocpp,set_power_limit,4,8.0,34.78,42.16,235.5,234.65,0.85,0.0151,none,none,0
103,2026-01-01 00:44:00,CP-016,237.02,235.75,0.54,on,none,24.19,16.63,0.28,iec61850,set_power_limit,1,12.82,55.74,24.78,237.02,236.5,0.52,0.0813,none,none,0
104,2026-01-01 11:48:00,CP-014,222.45,222.45,5.78,fault,update_firmware,194.86,392.35,8.39,iec61850,update_firmware,57,13.02,56.61,44.9,222.45,220.98,1.47,0.9342,scada_attack,replay_attack,1
105,2026-01-01 15:51:00,CP-001,239.26,239.26,0.87,transitioning,inject_command,91.42,198.16,17.46,modbus,stop_charging,68,17.42,75.74,46.22,239.26,236.67,2.59,0.9936,scada_attack,command_injection,1
106,2026-01-01 11:54:00,CP-013,222.03,222.03,8.8,transitioning,update_firmware,142.57,414.29,10.21,iec61850,reset_device,96,16.94,73.65,30.08,222.03,217.06,4.97,0.674,scada_attack,protocol_manipulation,1
107,2026-01-01 11:28:00,CP-010,236.77,237.95,0.5,off,none,36.93,5.19,0.91,modbus,read_register,1,5.91,25.7,29.36,236.77,237.4,0.63,0.164,none,none,0
108,2026-01-01 09:40:00,CP-004,232.0,233.93,0.83,off,none,37.12,48.76,0.69,iec61850,write_register,6,21.58,93.83,36.66,232.0,231.14,0.86,0.0035,none,none,0
109,2026-01-01 09:04:00,CP-019,235.94,237.68,0.73,off,none,19.89,26.31,0.96,modbus,start_charging,9,18.09,78.65,43.59,235.94,236.49,0.55,0.1239,none,none,0
110,2026-01-01 07:17:00,CP-005,235.99,236.9,0.38,off,none,23.55,10.05,0.48,modbus,write_register,9,5.22,22.7,20.62,235.99,236.23,0.24,0.0441,none,none,0
111,2026-01-01 13:53:00,CP-019,221.97,221.97,0.51,on,reset_device,265.23,276.76,12.14,modbus,set_power_limit,95,19.75,85.87,27.52,221.97,221.84,0.13,0.8277,scada_attack,protocol_manipulation,1
112,2026-01-01 10:15:00,CP-018,223.7,224.95,0.56,on,none,25.75,41.79,0.78,dnp3,read_register,9,18.91,82.22,33.47,223.7,224.34,0.64,0.1303,none,none,0
113,2026-01-01 13:36:00,CP-019,231.9,231.9,4.76,unknown,reset_device,204.33,227.86,17.34,ocpp,stop_charging,83,13.29,57.78,27.37,231.9,233.88,1.98,0.8692,scada_attack,replay_attack,1
114,2026-01-01 04:28:00,CP-018,225.72,227.11,0.61,on,none,30.91,6.14,0.15,modbus,write_register,5,17.25,75.0,24.02,225.72,225.29,0.43,0.0501,none,none,0
115,2026-01-01 12:53:00,CP-013,227.97,227.97,2.68,off,update_firmware,336.32,118.25,11.71,ocpp,set_power_limit,41,20.34,88.43,38.76,227.97,230.77,2.8,0.6441,scada_attack,protocol_manipulation,1
116,2026-01-01 03:58:00,CP-001,229.48,228.01,0.64,on,none,34.05,5.38,0.25,iec61850,start_charging,7,20.01,87.0,41.29,229.48,229.4,0.08,0.0436,none,none,0
117,2026-01-01 05:12:00,CP-007,228.38,229.39,0.44,off,none,44.17,17.58,0.18,ocpp,set_power_limit,4,18.47,80.3,38.02,228.38,228.99,0.61,0.1111,none,none,0
118,2026-01-01 14:38:00,CP-009,227.29,227.29,2.35,unknown,update_firmware,84.67,377.28,9.82,ocpp,update_firmware,88,20.58,89.48,40.26,227.29,223.26,4.03,0.967,scada_attack,protocol_manipulation,1
119,2026-01-01 09:39:00,CP-009,233.0,232.48,0.22,on,none,45.42,23.5,0.77,dnp3,read_register,9,18.03,78.39,43.06,233.0,233.14,0.14,0.0504,none,none,0
120,2026-01-01 08:17:00,CP-006,228.68,228.38,0.13,on,none,30.53,48.8,0.68,ocpp,stop_charging,9,14.96,65.04,33.12,228.68,228.26,0.42,0.0875,none,none,0
121,2026-01-01 05:03:00,CP-012,224.79,222.79,0.9,on,none,13.47,17.42,0.4,dnp3,stop_charging,10,6.81,29.61,20.38,224.79,225.2,0.41,0.1838,none,none,0
122,2026-01-01 01:19:00,CP-016,234.25,234.02,0.1,on,none,22.88,11.68,0.13,iec61850,stop_charging,10,13.08,56.87,31.34,234.25,234.46,0.21,0.0198,none,none,0
123,2026-01-01 13:33:00,CP-014,223.68,223.68,7.22,on,update_firmware,484.32,417.46,13.56,iec61850,set_power_limit,85,17.19,74.74,38.87,223.68,226.62,2.94,0.8777,scada_attack,command_injection,1
124,2026-01-01 00:36:00,CP-019,227.61,225.63,0.88,off,none,21.94,22.55,0.89,dnp3,set_power_limit,9,18.2,79.13,42.45,227.61,227.59,0.02,0.0546,none,none,0
125,2026-01-01 06:02:00,CP-003,234.45,232.9,0.67,on,none,25.72,19.56,0.02,dnp3,set_power_limit,4,19.77,85.96,22.25,234.45,234.1,0.35,0.1297,none,none,0
126,2026-01-01 01:45:00,CP-003,230.47,229.91,0.24,on,none,25.62,26.16,0.64,iec61850,start_charging,1,9.78,42.52,21.69,230.47,229.95,0.52,0.1314,none,none,0
127,2026-01-01 13:14:00,CP-002,236.5,236.5,0.0,off,none,13.36,24.95,0.28,ocpp,reset_device,84,1.23,5.35,42.24,236.5,239.92,3.42,0.9764,sensor_spoofing,current_spoof,1
128,2026-01-01 07:52:00,CP-018,223.52,224.93,0.63,off,none,41.29,7.49,0.9,iec61850,set_power_limit,5,19.48,84.7,42.51,223.52,223.33,0.19,0.0727,none,none,0
129,2026-01-01 00:19:00,CP-020,239.97,241.95,0.82,on,none,31.51,27.76,0.13,iec61850,read_register,4,10.02,43.57,23.94,239.97,240.64,0.67,0.1407,none,none,0
130,2026-01-01 16:39:00,CP-002,227.79,227.79,0.0,off,none,36.33,22.89,0.71,iec61850,stop_charging,37,2.45,10.65,109.81,227.79,229.86,2.07,0.8634,sensor_spoofing,temperature_spoof,1
131,2026-01-01 09:28:00,CP-013,223.14,221.58,0.7,off,none,29.13,8.09,0.96,ocpp,write_register,4,8.89,38.65,40.45,223.14,223.47,0.33,0.0318,none,none,0
132,2026-01-01 15:03:00,CP-014,234.67,234.67,3.88,transitioning,update_firmware,196.7,259.55,15.85,ocpp,write_register,47,11.43,49.7,44.94,234.67,235.35,0.68,0.9792,scada_attack,protocol_manipulation,1
133,2026-01-01 02:56:00,CP-013,220.58,221.04,0.21,on,none,27.98,24.33,0.0,ocpp,write_register,5,17.29,75.17,40.22,220.58,219.71,0.87,0.0204,none,none,0
134,2026-01-01 02:32:00,CP-008,233.91,234.73,0.35,off,none,46.61,29.84,0.78,dnp3,stop_charging,9,15.33,66.65,27.71,233.91,233.63,0.28,0.1766,none,none,0
135,2026-01-01 15:56:00,CP-002,231.15,231.15,0.33,unknown,bypass,579.7,27.82,0.49,ocpp,read_register,23,11.02,47.91,25.67,231.15,231.85,0.7,0.8659,actuator_manipulation,breaker_manipulation,1
136,2026-01-01 14:55:00,CP-004,238.04,238.04,0.0,on,none,31.48,12.53,0.74,dnp3,start_charging,88,0.86,3.74,49.94,238.04,235.65,2.39,0.9044,sensor_spoofing,current_spoof,1
137,2026-01-01 09:13:00,CP-007,232.63,234.28,0.7,off,none,11.76,6.34,0.2,ocpp,write_register,5,16.66,72.43,28.5,232.63,232.74,0.11,0.0357,none,none,0
138,2026-01-01 07:57:00,CP-004,230.7,229.65,0.46,off,none,25.54,45.94,0.39,iec61850,start_charging,2,20.79,90.39,38.92,230.7,230.29,0.41,0.1719,none,none,0
139,2026-01-01 13:20:00,CP-012,228.43,228.43,0.0,on,none,17.48,21.11,0.16,ocpp,update_firmware,22,1.32,5.74,41.58,228.43,229.37,0.94,0.8778,sensor_spoofing,current_spoof,1
140,2026-01-01 03:53:00,CP-011,236.35,235.56,0.34,off,none,43.71,43.62,0.68,ocpp,write_register,5,21.51,93.52,31.08,236.35,237.0,0.65,0.0539,none,none,0
141,2026-01-01 16:13:00,CP-003,132.32,233.67,43.37,fault,inject_command,723.92,273.36,24.3,ocpp,stop_charging,96,46.94,204.09,53.62,132.32,274.26,141.94,0.8253,combined_attack,multi_vector,1
142,2026-01-01 09:59:00,CP-008,227.37,227.84,0.21,off,none,30.6,34.71,0.0,iec61850,read_register,6,19.6,85.22,44.24,227.37,227.84,0.47,0.1356,none,none,0
143,2026-01-01 01:30:00,CP-011,224.43,225.55,0.5,on,none,30.42,10.13,0.51,iec61850,start_charging,3,7.49,32.57,23.66,224.43,223.82,0.61,0.1205,none,none,0
144,2026-01-01 00:38:00,CP-015,223.63,222.67,0.43,off,none,18.47,19.71,0.76,dnp3,start_charging,7,7.79,33.87,22.05,223.63,222.67,0.96,0.1079,none,none,0
145,2026-01-01 02:55:00,CP-004,233.54,232.2,0.58,on,none,30.64,29.84,0.33,dnp3,stop_charging,4,18.16,78.96,35.74,233.54,232.91,0.63,0.1315,none,none,0
146,2026-01-01 14:50:00,CP-011,179.38,232.19,22.74,unknown,bypass,1138.68,387.4,10.83,modbus,start_charging,95,43.7,190.0,39.99,179.38,257.39,78.01,0.7255,combined_attack,fdi_plus_scada,1
147,2026-01-01 07:04:00,CP-019,237.97,237.64,0.14,on,none,11.6,26.18,0.77,modbus,stop_charging,9,10.49,45.61,40.24,237.97,238.36,0.39,0.0196,none,none,0
148,2026-01-01 06:43:00,CP-020,233.13,234.47,0.57,on,none,38.32,10.4,0.86,ocpp,stop_charging,10,18.26,79.39,24.62,233.13,232.35,0.78,0.0369,none,none,0
149,2026-01-01 08:02:00,CP-018,232.94,233.45,0.22,on,none,48.97,13.92,0.7,ocpp,read_register,7,14.74,64.09,35.01,232.94,232.24,0.7,0.1916,none,none,0
150,2026-01-01 00:25:00,CP-016,224.45,225.72,0.56,off,none,23.99,41.92,0.87,ocpp,read_register,4,10.57,45.96,26.97,224.45,223.59,0.86,0.1547,none,none,0
151,2026-01-01 05:39:00,CP-011,231.0,232.99,0.85,off,none,26.49,33.5,0.83,iec61850,set_power_limit,4,13.7,59.57,25.35,231.0,231.53,0.53,0.1852,none,none,0
152,2026-01-01 15:36:00,CP-017,46.61,224.26,79.22,unknown,write_register,21.26,57.84,1.53,ocpp,update_firmware,45,2.26,9.83,28.97,46.61,224.26,177.65,0.6783,false_data_injection,measurement_injection,1
153,2026-01-01 02:37:00,CP-016,220.31,220.44,0.06,off,none,10.47,28.82,0.27,iec61850,read_register,9,18.45,80.22,36.85,220.31,220.92,0.61,0.182,none,none,0
154,2026-01-01 06:24:00,CP-006,225.65,225.04,0.27,on,none,30.32,23.26,0.71,modbus,start_charging,9,15.34,66.7,39.81,225.65,225.72,0.07,0.0802,none,none,0
155,2026-01-01 09:02:00,CP-015,229.91,229.98,0.03,on,none,45.35,15.1,0.28,dnp3,set_power_limit,8,9.01,39.17,29.8,229.91,229.58,0.33,0.176,none,none,0
156,2026-01-01 14:14:00,CP-009,102.28,220.57,53.63,unknown,override,1181.94,214.95,18.15,dnp3,update_firmware,96,43.06,187.22,25.94,102.28,243.57,141.29,0.7395,combined_attack,fdi_plus_scada,1
157,2026-01-01 14:03:00,CP-011,234.95,234.95,1.61,fault,override,489.76,13.95,1.94,iec61850,start_charging,97,7.08,30.78,46.17,234.95,230.18,4.77,0.6477,actuator_manipulation,breaker_manipulation,1
158,2026-01-01 14:30:00,CP-004,128.86,222.35,42.05,unknown,inject_command,1161.95,167.94,22.94,dnp3,update_firmware,78,39.33,171.0,38.3,128.86,270.56,141.7,0.9253,combined_attack,sensor_plus_actuator,1
159,2026-01-01 02:43:00,CP-003,226.81,227.89,0.47,off,none,48.76,19.69,0.63,dnp3,stop_charging,4,9.76,42.43,43.53,226.81,226.67,0.14,0.1359,none,none,0
160,2026-01-01 02:40:00,CP-003,230.0,229.74,0.11,off,none,32.63,43.61,0.1,modbus,write_register,4,20.12,87.48,37.31,230.0,230.13,0.13,0.0542,none,none,0
161,2026-01-01 00:06:00,CP-015,222.86,221.42,0.65,off,none,39.88,24.28,0.58,iec61850,write_register,3,12.68,55.13,22.27,222.86,221.95,0.91,0.0219,none,none,0
162,2026-01-01 14:46:00,CP-007,237.44,237.44,3.0,transitioning,force_off,913.15,36.79,1.76,ocpp,set_power_limit,39,20.34,88.43,48.5,237.44,236.89,0.55,0.8488,actuator_manipulation,relay_manipulation,1
163,2026-01-01 06:25:00,CP-014,224.77,223.74,0.46,on,none,48.96,22.27,0.34,dnp3,stop_charging,10,17.96,78.09,33.61,224.77,224.24,0.53,0.1325,none,none,0
164,2026-01-01 12:13:00,CP-019,234.3,234.3,1.39,transitioning,bypass,938.78,8.07,1.68,dnp3,stop_charging,80,17.95,78.04,41.2,234.3,231.1,3.2,0.8834,actuator_manipulation,breaker_manipulation,1
165,2026-01-01 08:03:00,CP-006,238.94,237.41,0.64,off,none,40.93,46.77,0.83,dnp3,read_register,4,16.56,72.0,24.76,238.94,239.66,0.72,0.1564,none,none,0
166,2026-01-01 06:20:00,CP-018,230.28,229.11,0.51,off,none,31.97,17.2,0.94,iec61850,set_power_limit,4,6.25,27.17,27.78,230.28,231.06,0.78,0.1081,none,none,0
167,2026-01-01 12:26:00,CP-018,224.88,224.88,1.59,transitioning,force_on,243.2,45.52,1.41,dnp3,start_charging,30,19.97,86.83,27.12,224.88,221.25,3.63,0.9904,actuator_manipulation,charger_manipulation,1
168,2026-01-01 04:26:00,CP-010,229.06,227.59,0.65,off,none,34.1,44.89,0.51,iec61850,set_power_limit,4,6.82,29.65,35.6,229.06,228.64,0.42,0.0691,none,none,0
169,2026-01-01 16:24:00,CP-014,227.1,227.1,0.0,off,none,11.62,49.16,0.85,modbus,start_charging,62,0.58,2.52,116.88,227.1,223.76,3.34,0.9968,sensor_spoofing,temperature_spoof,1
170,2026-01-01 00:20:00,CP-020,239.68,240.91,0.51,on,none,36.71,29.96,0.93,modbus,write_register,5,5.19,22.57,22.68,239.68,239.79,0.11,0.0545,none,none,0
171,2026-01-01 03:22:00,CP-008,236.09,238.02,0.81,off,none,12.76,25.93,0.28,iec61850,start_charging,2,13.51,58.74,20.2,236.09,235.49,0.6,0.1128,none,none,0
172,2026-01-01 03:46:00,CP-004,226.17,225.76,0.18,off,none,45.8,16.93,0.64,dnp3,write_register,6,19.82,86.17,29.24,226.17,226.06,0.11,0.0527,none,none,0
173,2026-01-01 04:38:00,CP-009,228.15,227.95,0.09,off,none,27.32,5.76,0.67,modbus,set_power_limit,2,17.36,75.48,34.64,228.15,228.55,0.4,0.0145,none,none,0
174,2026-01-01 16:01:00,CP-017,237.44,237.44,2.41,unknown,update_firmware,273.71,130.02,14.0,dnp3,read_register,91,15.07,65.52,22.97,237.44,241.36,3.92,0.6582,scada_attack,replay_attack,1
175,2026-01-01 06:05:00,CP-004,237.97,239.81,0.77,on,none,34.9,16.39,0.46,dnp3,set_power_limit,1,14.55,63.26,32.34,237.97,237.4,0.57,0.1319,none,none,0
176,2026-01-01 13:45:00,CP-018,181.2,228.77,20.79,off,none,25.98,46.73,0.63,dnp3,stop_charging,35,0.31,1.35,49.65,181.2,183.78,2.58,0.8319,sensor_spoofing,voltage_spoof,1
177,2026-01-01 08:49:00,CP-003,222.29,220.69,0.72,on,none,21.41,13.22,0.77,ocpp,start_charging,7,15.89,69.09,21.47,222.29,223.21,0.92,0.0363,none,none,0
178,2026-01-01 04:29:00,CP-002,233.81,232.99,0.35,on,none,24.35,25.37,0.62,ocpp,set_power_limit,7,7.51,32.65,39.61,233.81,234.41,0.6,0.0575,none,none,0
179,2026-01-01 05:38:00,CP-019,227.16,226.99,0.07,off,none,45.31,12.51,0.18,dnp3,set_power_limit,6,15.49,67.35,33.35,227.16,227.36,0.2,0.1867,none,none,0
180,2026-01-01 08:47:00,CP-002,239.15,239.24,0.04,off,none,30.11,5.84,0.66,ocpp,read_register,5,17.95,78.04,26.13,239.15,239.56,0.41,0.1775,none,none,0
181,2026-01-01 06:41:00,CP-009,226.7,225.77,0.41,on,none,20.21,31.29,0.46,ocpp,set_power_limit,4,12.88,56.0,36.94,226.7,227.69,0.99,0.0627,none,none,0
182,2026-01-01 13:25:00,CP-005,237.96,237.96,7.3,fault,inject_command,227.23,128.66,12.32,modbus,write_register,97,18.58,80.78,26.24,237.96,235.31,2.65,0.7449,scada_attack,protocol_manipulation,1
183,2026-01-01 00:35:00,CP-013,233.88,234.71,0.35,on,none,26.59,19.89,0.47,modbus,write_register,7,10.4,45.22,39.24,233.88,234.77,0.89,0.0039,none,none,0
184,2026-01-01 16:15:00,CP-009,223.37,223.37,6.45,unknown,inject_command,414.56,438.36,19.69,iec61850,read_register,49,19.22,83.57,23.15,223.37,227.53,4.16,0.637,scada_attack,command_injection,1
185,2026-01-01 08:07:00,CP-002,220.11,220.13,0.01,off,none,22.1,22.76,0.37,modbus,set_power_limit,3,7.95,34.57,32.59,220.11,220.97,0.86,0.1756,none,none,0
186,2026-01-01 13:17:00,CP-019,224.52,224.52,4.42,fault,bypass,407.48,24.78,0.18,iec61850,set_power_limit,66,6.58,28.61,32.21,224.52,225.94,1.42,0.7799,actuator_manipulation,breaker_manipulation,1
187,2026-01-01 00:11:00,CP-007,234.26,233.86,0.17,off,none,27.52,28.29,0.12,ocpp,read_register,6,3.4,14.78,33.85,234.26,234.44,0.18,0.0014,none,none,0
188,2026-01-01 05:27:00,CP-013,236.57,235.06,0.64,on,none,25.39,48.87,0.25,modbus,write_register,8,16.97,73.78,22.35,236.57,236.9,0.33,0.0417,none,none,0
189,2026-01-01 15:31:00,CP-015,231.73,231.73,0.08,fault,bypass,642.06,21.6,0.63,dnp3,set_power_limit,23,9.13,39.7,42.01,231.73,233.19,1.46,0.7582,actuator_manipulation,relay_manipulation,1
190,2026-01-01 05:10:00,CP-019,222.56,222.66,0.04,off,none,29.13,29.33,0.5,dnp3,write_register,8,21.55,93.7,37.46,222.56,222.48,0.08,0.1378,none,none,0
191,2026-01-01 04:25:00,CP-006,234.61,233.12,0.64,off,none,36.3,32.28,0.32,dnp3,stop_charging,10,20.4,88.7,39.06,234.61,234.16,0.45,0.1927,none,none,0
192,2026-01-01 08:58:00,CP-012,238.72,238.5,0.09,on,none,39.73,39.13,0.68,iec61850,write_register,2,18.51,80.48,35.63,238.72,239.34,0.62,0.0442,none,none,0
193,2026-01-01 15:32:00,CP-011,160.52,232.87,31.07,fault,bypass,367.03,472.77,12.64,modbus,read_register,37,28.79,125.17,38.3,160.52,281.07,120.55,0.694,combined_attack,sensor_plus_actuator,1
194,2026-01-01 09:31:00,CP-020,234.66,234.49,0.07,on,none,37.94,9.3,0.7,modbus,write_register,3,8.2,35.65,35.7,234.66,234.24,0.42,0.1833,none,none,0
195,2026-01-01 08:16:00,CP-020,222.63,223.29,0.3,off,none,30.51,27.03,0.89,dnp3,start_charging,10,14.41,62.65,22.26,222.63,222.48,0.15,0.0736,none,none,0
196,2026-01-01 02:14:00,CP-001,239.29,241.2,0.79,on,none,26.28,47.08,0.88,dnp3,write_register,5,9.1,39.57,36.15,239.29,240.11,0.82,0.0179,none,none,0
197,2026-01-01 01:26:00,CP-007,235.1,233.56,0.66,off,none,14.44,35.52,0.59,iec61850,read_register,4,10.51,45.7,34.98,235.1,234.12,0.98,0.0603,none,none,0
198,2026-01-01 14:13:00,CP-014,48.61,223.45,78.25,off,write_register,24.6,92.87,2.36,modbus,stop_charging,46,0.92,4.0,41.89,48.61,223.45,174.84,0.9636,false_data_injection,measurement_injection,1
199,2026-01-01 14:17:00,CP-008,23.15,223.69,89.65,fault,write_register,36.73,54.39,1.73,iec61850,update_firmware,36,0.98,4.26,33.12,23.15,223.69,200.54,0.6581,false_data_injection,measurement_injection,1
200,2026-01-01 15:38:00,CP-007,150.09,227.22,33.95,unknown,override,913.32,289.46,14.33,ocpp,update_firmware,62,30.16,131.13,53.14,150.09,258.88,108.79,0.7309,combined_attack,fdi_plus_scada,1
201,2026-01-01 07:41:00,CP-015,229.19,227.32,0.82,off,none,45.39,12.39,0.43,iec61850,stop_charging,8,17.52,76.17,34.22,229.19,229.17,0.02,0.1108,none,none,0
202,2026-01-01 06:00:00,CP-018,230.5,232.0,0.65,on,none,30.83,25.32,0.83,modbus,write_register,9,13.22,57.48,44.6,230.5,229.58,0.92,0.0775,none,none,0
203,2026-01-01 07:32:00,CP-009,238.98,238.37,0.26,on,none,44.21,40.14,0.61,modbus,read_register,10,17.5,76.09,33.22,238.98,239.41,0.43,0.1929,none,none,0
204,2026-01-01 06:29:00,CP-010,221.25,222.85,0.72,on,none,10.03,30.2,0.98,modbus,start_charging,1,7.47,32.48,37.56,221.25,221.04,0.21,0.0636,none,none,0
205,2026-01-01 07:51:00,CP-001,224.91,226.22,0.58,off,none,29.42,49.61,0.42,modbus,write_register,3,8.18,35.57,20.73,224.91,225.49,0.58,0.0556,none,none,0
206,2026-01-01 00:12:00,CP-002,224.58,226.2,0.72,off,none,12.83,15.71,0.67,ocpp,set_power_limit,3,16.74,72.78,42.06,224.58,224.73,0.15,0.0486,none,none,0
207,2026-01-01 05:55:00,CP-007,237.25,236.49,0.32,on,none,27.2,45.91,0.77,ocpp,start_charging,2,13.59,59.09,43.72,237.25,236.49,0.76,0.0635,none,none,0
208,2026-01-01 13:24:00,CP-012,2.75,223.19,98.77,off,none,37.95,46.08,0.67,dnp3,reset_device,51,2.29,9.96,23.35,2.75,-0.96,3.71,0.9052,sensor_spoofing,power_spoof,1
209,2026-01-01 13:29:00,CP-004,36.99,230.63,83.96,off,write_register,10.28,95.08,2.12,iec61850,write_register,85,2.44,10.61,45.47,36.99,230.63,193.64,0.782,false_data_injection,measurement_injection,1
210,2026-01-01 00:59:00,CP-015,231.03,230.56,0.2,on,none,44.56,17.43,0.79,dnp3,start_charging,9,8.08,35.13,20.06,231.03,231.48,0.45,0.1675,none,none,0
211,2026-01-01 07:02:00,CP-005,222.22,222.08,0.06,off,none,16.85,20.46,0.89,ocpp,set_power_limit,3,13.98,60.78,33.82,222.22,221.68,0.54,0.0823,none,none,0
212,2026-01-01 00:46:00,CP-018,226.62,227.43,0.36,off,none,22.26,15.37,0.72,iec61850,read_register,9,21.07,91.61,37.25,226.62,226.0,0.62,0.1477,none,none,0
213,2026-01-01 14:11:00,CP-001,228.01,228.01,3.55,transitioning,reset_device,245.37,439.12,9.51,modbus,reset_device,69,19.29,83.87,50.66,228.01,223.17,4.84,0.9857,scada_attack,protocol_manipulation,1
214,2026-01-01 09:38:00,CP-020,224.14,224.31,0.08,off,none,14.83,14.62,0.36,ocpp,read_register,7,15.43,67.09,20.3,224.14,223.57,0.57,0.044,none,none,0
215,2026-01-01 00:34:00,CP-008,236.8,235.91,0.38,off,none,35.07,17.36,0.08,iec61850,write_register,5,9.38,40.78,42.33,236.8,235.96,0.84,0.0302,none,none,0
216,2026-01-01 11:26:00,CP-020,238.54,236.94,0.68,off,none,30.13,41.26,0.67,dnp3,write_register,4,17.76,77.22,33.79,238.54,237.77,0.77,0.1713,none,none,0
217,2026-01-01 16:36:00,CP-002,233.3,233.3,8.1,transitioning,inject_command,187.88,361.4,17.22,dnp3,update_firmware,50,16.2,70.43,47.8,233.3,236.77,3.47,0.8665,scada_attack,protocol_manipulation,1
218,2026-01-01 10:59:00,CP-016,228.48,229.25,0.34,off,none,34.07,33.65,0.14,ocpp,stop_charging,7,13.44,58.43,33.47,228.48,228.47,0.01,0.1072,none,none,0
219,2026-01-01 15:09:00,CP-002,40.69,229.46,82.27,unknown,write_register,37.52,82.71,2.79,ocpp,stop_charging,22,2.91,12.65,53.13,40.69,229.46,188.77,0.8267,false_data_injection,measurement_injection,1
220,2026-01-01 09:55:00,CP-007,221.18,219.91,0.58,on,none,20.37,45.6,0.41,modbus,write_register,2,8.57,37.26,29.44,221.18,220.73,0.45,0.0684,none,none,0
221,2026-01-01 08:22:00,CP-013,236.09,234.44,0.7,on,none,10.56,10.04,0.02,ocpp,read_register,4,12.14,52.78,23.63,236.09,235.57,0.52,0.1684,none,none,0
222,2026-01-01 09:35:00,CP-009,223.07,222.5,0.26,on,none,38.58,45.17,0.53,dnp3,read_register,9,15.18,66.0,37.91,223.07,223.86,0.79,0.0781,none,none,0
223,2026-01-01 05:54:00,CP-013,230.41,231.12,0.31,on,none,26.69,30.78,0.43,iec61850,set_power_limit,6,11.53,50.13,23.29,230.41,230.71,0.3,0.1162,none,none,0
224,2026-01-01 00:28:00,CP-007,227.28,225.56,0.76,off,none,34.93,34.85,0.12,iec61850,set_power_limit,5,15.67,68.13,28.15,227.28,227.67,0.39,0.1109,none,none,0
225,2026-01-01 03:39:00,CP-016,232.98,231.68,0.56,off,none,18.93,31.5,0.18,iec61850,start_charging,3,6.38,27.74,20.04,232.98,233.38,0.4,0.1146,none,none,0
226,2026-01-01 15:55:00,CP-004,222.78,222.78,0.0,on,none,27.52,21.5,0.7,modbus,reset_device,87,2.69,11.7,32.89,222.78,223.21,0.43,0.7674,sensor_spoofing,current_spoof,1
227,2026-01-01 02:59:00,CP-014,231.93,232.23,0.13,off,none,17.43,33.6,0.69,ocpp,set_power_limit,3,12.3,53.48,23.51,231.93,231.56,0.37,0.0902,none,none,0
228,2026-01-01 09:36:00,CP-010,228.88,229.27,0.17,on,none,40.9,39.52,0.93,iec61850,write_register,4,4.74,20.61,30.54,228.88,229.86,0.98,0.0674,none,none,0
229,2026-01-01 00:58:00,CP-014,221.86,223.83,0.88,on,none,28.46,10.29,0.83,dnp3,start_charging,9,16.4,71.3,30.39,221.86,221.82,0.04,0.0944,none,none,0
230,2026-01-01 07:26:00,CP-006,235.29,235.69,0.17,on,none,31.75,44.26,0.83,iec61850,start_charging,6,4.82,20.96,34.5,235.29,235.94,0.65,0.0026,none,none,0
231,2026-01-01 08:36:00,CP-013,228.92,227.74,0.52,off,none,37.9,44.95,0.78,dnp3,write_register,5,4.6,20.0,33.44,228.92,228.7,0.22,0.1438,none,none,0
232,2026-01-01 02:57:00,CP-018,223.74,223.04,0.31,off,none,14.56,35.18,0.49,iec61850,set_power_limit,7,14.61,63.52,34.68,223.74,223.44,0.3,0.1691,none,none,0
233,2026-01-01 13:58:00,CP-014,238.66,238.66,4.28,unknown,bypass,315.99,20.02,0.71,iec61850,stop_charging,59,11.97,52.04,34.89,238.66,237.6,1.06,0.7668,actuator_manipulation,relay_manipulation,1
234,2026-01-01 00:29:00,CP-007,228.41,230.17,0.76,on,none,34.62,18.54,0.55,modbus,start_charging,5,6.99,30.39,39.64,228.41,228.62,0.21,0.0644,none,none,0
235,2026-01-01 02:28:00,CP-009,221.22,223.01,0.8,on,none,35.04,24.22,0.5,iec61850,stop_charging,9,9.06,39.39,30.41,221.22,220.52,0.7,0.0753,none,none,0
236,2026-01-01 10:51:00,CP-006,232.95,231.03,0.83,on,none,45.41,41.79,0.69,ocpp,read_register,3,4.37,19.0,26.13,232.95,233.77,0.82,0.1941,none,none,0
237,2026-01-01 05:05:00,CP-003,230.06,229.42,0.28,on,none,42.12,48.05,0.88,iec61850,stop_charging,7,13.7,59.57,39.25,230.06,230.57,0.51,0.1922,none,none,0
238,2026-01-01 13:50:00,CP-013,184.49,226.85,18.67,on,none,24.26,25.67,0.91,modbus,update_firmware,87,2.69,11.7,45.95,184.49,183.13,1.36,0.6131,sensor_spoofing,voltage_spoof,1
239,2026-01-01 07:24:00,CP-020,234.91,235.23,0.14,off,none,44.73,33.26,0.48,modbus,start_charging,9,16.93,73.61,20.44,234.91,234.43,0.48,0.1163,none,none,0
240,2026-01-01 07:55:00,CP-009,237.26,235.48,0.76,off,none,37.98,10.08,0.55,dnp3,write_register,5,19.71,85.7,43.42,237.26,236.99,0.27,0.1431,none,none,0
241,2026-01-01 04:07:00,CP-012,239.0,240.57,0.65,on,none,10.72,5.19,0.73,ocpp,start_charging,5,5.45,23.7,29.59,239.0,239.18,0.18,0.0334,none,none,0
242,2026-01-01 10:38:00,CP-009,239.81,241.53,0.71,off,none,10.71,13.98,0.86,dnp3,stop_charging,9,8.82,38.35,35.83,239.81,239.27,0.54,0.0672,none,none,0
243,2026-01-01 01:15:00,CP-002,227.96,226.72,0.55,on,none,47.96,42.09,0.09,ocpp,set_power_limit,1,3.96,17.22,28.34,227.96,228.94,0.98,0.1574,none,none,0
244,2026-01-01 01:43:00,CP-016,228.97,226.99,0.87,on,none,10.76,14.7,0.15,dnp3,read_register,5,7.52,32.7,23.05,228.97,228.45,0.52,0.1278,none,none,0
245,2026-01-01 12:47:00,CP-004,229.87,229.87,1.37,transitioning,inject_command,350.92,487.38,17.05,ocpp,reset_device,29,4.65,20.22,31.45,229.87,229.94,0.07,0.7104,scada_attack,protocol_manipulation,1
246,2026-01-01 05:58:00,CP-013,229.83,228.38,0.63,on,none,19.05,23.39,0.97,iec61850,stop_charging,4,17.1,74.35,44.71,229.83,230.35,0.52,0.0132,none,none,0
247,2026-01-01 03:33:00,CP-017,224.98,226.96,0.87,on,none,49.58,40.19,0.36,dnp3,start_charging,10,12.55,54.57,29.71,224.98,224.34,0.64,0.0638,none,none,0
248,2026-01-01 12:16:00,CP-001,15.33,222.15,93.1,unknown,write_register,32.26,23.59,1.47,iec61850,write_register,45,2.23,9.7,35.19,15.33,222.15,206.82,0.8114,false_data_injection,measurement_injection,1
249,2026-01-01 03:24:00,CP-001,239.02,237.03,0.84,off,none,43.96,37.72,0.1,ocpp,stop_charging,8,21.26,92.43,44.31,239.02,238.3,0.72,0.056,none,none,0
250,2026-01-01 08:19:00,CP-015,233.22,233.49,0.12,off,none,24.22,31.35,0.77,modbus,read_register,8,6.41,27.87,24.56,233.22,233.01,0.21,0.0167,none,none,0
251,2026-01-01 14:16:00,CP-012,159.9,234.33,31.76,fault,override,563.17,208.41,28.85,ocpp,reset_device,30,43.58,189.48,45.1,159.9,262.8,102.9,0.846,combined_attack,multi_vector,1
252,2026-01-01 07:36:00,CP-016,238.78,238.25,0.22,on,none,49.95,27.12,0.11,dnp3,set_power_limit,2,5.27,22.91,29.87,238.78,239.17,0.39,0.1955,none,none,0
253,2026-01-01 08:27:00,CP-015,222.62,221.79,0.37,off,none,48.39,42.49,0.67,iec61850,stop_charging,3,14.82,64.43,27.06,222.62,223.12,0.5,0.1334,none,none,0
254,2026-01-01 08:31:00,CP-020,232.19,233.62,0.61,on,none,42.94,6.89,0.11,modbus,write_register,6,5.98,26.0,27.3,232.19,232.07,0.12,0.1012,none,none,0
255,2026-01-01 12:21:00,CP-002,46.17,221.46,79.15,on,write_register,23.83,11.72,1.25,modbus,set_power_limit,81,2.84,12.35,29.47,46.17,221.46,175.29,0.6167,false_data_injection,measurement_injection,1
256,2026-01-01 15:45:00,CP-009,28.03,238.49,88.25,unknown,write_register,44.47,20.61,0.13,ocpp,set_power_limit,63,1.62,7.04,49.12,28.03,238.49,210.46,0.6638,false_data_injection,measurement_injection,1
257,2026-01-01 15:07:00,CP-002,226.27,226.27,1.02,fault,force_off,446.05,7.97,1.25,iec61850,set_power_limit,77,20.13,87.52,36.63,226.27,228.31,2.04,0.7159,actuator_manipulation,relay_manipulation,1
258,2026-01-01 06:48:00,CP-008,220.07,221.89,0.82,off,none,14.85,29.09,0.99,iec61850,start_charging,7,4.05,17.61,44.93,220.07,220.36,0.29,0.0731,none,none,0
259,2026-01-01 06:58:00,CP-015,235.41,236.05,0.27,off,none,12.12,10.07,0.15,dnp3,stop_charging,3,6.04,26.26,43.07,235.41,234.52,0.89,0.0728,none,none,0
260,2026-01-01 03:49:00,CP-005,222.41,223.44,0.46,on,none,47.96,12.52,0.21,ocpp,write_register,1,11.04,48.0,44.71,222.41,222.28,0.13,0.1995,none,none,0
261,2026-01-01 05:31:00,CP-008,226.33,226.56,0.1,off,none,42.22,24.74,0.19,dnp3,start_charging,3,7.76,33.74,20.99,226.33,226.74,0.41,0.1118,none,none,0
262,2026-01-01 06:13:00,CP-006,223.88,225.22,0.59,off,none,46.65,40.88,0.65,dnp3,write_register,8,19.95,86.74,33.42,223.88,223.55,0.33,0.1568,none,none,0
263,2026-01-01 05:17:00,CP-011,226.34,225.51,0.37,off,none,34.22,22.8,0.89,iec61850,set_power_limit,9,21.34,92.78,30.35,226.34,225.71,0.63,0.0046,none,none,0
264,2026-01-01 02:48:00,CP-013,226.64,227.12,0.21,off,none,27.61,24.38,0.82,ocpp,start_charging,6,14.46,62.87,37.38,226.64,226.6,0.04,0.0355,none,none,0
265,2026-01-01 11:59:00,CP-007,238.41,238.41,0.0,on,none,48.62,44.47,0.68,dnp3,set_power_limit,42,0.8,3.48,43.77,238.41,242.29,3.88,0.7564,sensor_spoofing,current_spoof,1
266,2026-01-01 05:34:00,CP-016,235.31,233.93,0.59,off,none,22.9,33.84,0.11,modbus,read_register,3,6.39,27.78,20.78,235.31,234.52,0.79,0.0383,none,none,0
267,2026-01-01 11:52:00,CP-014,23.35,227.94,89.76,fault,write_register,20.9,14.29,1.95,dnp3,write_register,57,0.57,2.48,26.18,23.35,227.94,204.59,0.7104,false_data_injection,register_injection,1
268,2026-01-01 03:42:00,CP-013,227.02,226.52,0.22,off,none,41.55,31.01,0.76,ocpp,write_register,8,4.4,19.13,41.14,227.02,226.61,0.41,0.0637,none,none,0
269,2026-01-01 09:48:00,CP-020,229.62,228.95,0.29,off,none,17.83,46.23,0.0,iec61850,stop_charging,7,20.59,89.52,43.51,229.62,230.56,0.94,0.0746,none,none,0
270,2026-01-01 03:32:00,CP-009,225.6,227.13,0.67,on,none,34.56,32.76,0.65,dnp3,stop_charging,9,12.1,52.61,22.19,225.6,225.37,0.23,0.0838,none,none,0
271,2026-01-01 06:26:00,CP-003,234.79,235.64,0.36,off,none,14.57,31.82,0.33,modbus,stop_charging,3,8.85,38.48,30.14,234.79,234.99,0.2,0.1371,none,none,0
272,2026-01-01 11:31:00,CP-011,224.08,222.45,0.73,off,none,10.46,39.65,0.15,modbus,set_power_limit,7,3.48,15.13,38.35,224.08,225.05,0.97,0.1269,none,none,0
273,2026-01-01 01:48:00,CP-002,237.32,236.65,0.28,on,none,41.97,24.66,0.4,dnp3,stop_charging,6,21.5,93.48,32.41,237.32,237.32,0.0,0.1849,none,none,0
274,2026-01-01 14:04:00,CP-014,236.12,236.12,8.32,on,inject_command,218.06,326.29,19.93,iec61850,update_firmware,88,18.16,78.96,37.22,236.12,236.87,0.75,0.8537,scada_attack,protocol_manipulation,1
275,2026-01-01 10:33:00,CP-009,222.17,221.92,0.11,off,none,16.47,20.92,0.43,iec61850,write_register,2,6.6,28.7,21.01,222.17,221.96,0.21,0.1488,none,none,0
276,2026-01-01 10:11:00,CP-012,234.52,234.82,0.13,on,none,25.06,49.22,0.68,ocpp,read_register,2,9.76,42.43,31.85,234.52,235.41,0.89,0.0235,none,none,0
277,2026-01-01 13:49:00,CP-012,138.16,237.4,41.8,fault,inject_command,1072.62,414.21,20.02,iec61850,stop_charging,82,41.21,179.17,50.48,138.16,271.86,133.7,0.7936,combined_attack,multi_vector,1
278,2026-01-01 01:29:00,CP-001,239.32,238.01,0.55,off,none,43.28,46.39,0.09,modbus,write_register,7,14.19,61.7,33.1,239.32,239.11,0.21,0.0621,none,none,0
279,2026-01-01 06:59:00,CP-007,228.69,228.03,0.29,off,none,11.73,38.32,0.92,ocpp,write_register,1,12.22,53.13,22.9,228.69,229.48,0.79,0.1443,none,none,0
280,2026-01-01 10:16:00,CP-007,239.31,240.9,0.66,on,none,44.48,36.28,0.01,dnp3,start_charging,2,3.74,16.26,34.38,239.31,239.62,0.31,0.0176,none,none,0
281,2026-01-01 03:11:00,CP-005,232.83,233.54,0.3,on,none,31.22,5.38,0.65,dnp3,start_charging,4,14.93,64.91,23.78,232.83,232.65,0.18,0.1373,none,none,0
282,2026-01-01 12:10:00,CP-004,232.72,232.72,8.19,off,reset_device,280.18,379.85,8.01,dnp3,start_charging,57,6.51,28.3,43.36,232.72,237.31,4.59,0.7972,scada_attack,command_injection,1
283,2026-01-01 05:33:00,CP-001,235.52,235.54,0.01,on,none,45.32,32.89,0.36,ocpp,start_charging,2,15.51,67.43,33.47,235.52,235.29,0.23,0.1048,none,none,0
284,2026-01-01 13:12:00,CP-016,159.99,229.09,30.16,fault,override,743.44,425.81,24.27,ocpp,update_firmware,36,27.07,117.7,49.19,159.99,252.67,92.68,0.7774,combined_attack,multi_vector,1
285,2026-01-01 04:02:00,CP-007,226.86,227.71,0.37,off,none,46.26,35.23,0.51,ocpp,set_power_limit,3,8.58,37.3,31.77,226.86,227.34,0.48,0.145,none,none,0
286,2026-01-01 10:56:00,CP-012,221.53,220.86,0.3,off,none,46.93,46.39,0.9,ocpp,write_register,7,13.08,56.87,34.99,221.53,221.89,0.36,0.03,none,none,0
287,2026-01-01 07:39:00,CP-004,234.76,236.08,0.56,off,none,37.12,48.74,0.38,iec61850,write_register,5,14.82,64.43,22.41,234.76,233.91,0.85,0.1503,none,none,0
288,2026-01-01 13:46:00,CP-004,46.52,228.26,79.62,fault,write_register,18.4,14.23,1.93,modbus,stop_charging,82,2.26,9.83,46.49,46.52,228.26,181.74,0.737,false_data_injection,measurement_injection,1
289,2026-01-01 03:41:00,CP-011,228.93,227.99,0.41,on,none,37.73,20.77,0.79,modbus,read_register,7,11.33,49.26,30.49,228.93,228.26,0.67,0.0828,none,none,0
290,2026-01-01 02:33:00,CP-015,221.97,223.9,0.86,off,none,40.47,19.41,0.2,iec61850,stop_charging,1,13.69,59.52,25.53,221.97,221.26,0.71,0.0522,none,none,0
291,2026-01-01 15:21:00,CP-012,237.6,237.6,7.96,fault,update_firmware,440.91,285.76,7.29,dnp3,stop_charging,23,9.16,39.83,50.57,237.6,240.48,2.88,0.7526,scada_attack,protocol_manipulation,1
292,2026-01-01 06:16:00,CP-002,225.43,223.78,0.74,on,none,24.86,42.33,0.3,iec61850,write_register,2,10.11,43.96,20.93,225.43,224.83,0.6,0.0185,none,none,0
293,2026-01-01 15:40:00,CP-019,17.63,221.07,92.03,fault,write_register,39.67,40.42,0.84,modbus,start_charging,24,2.7,11.74,30.57,17.63,221.07,203.44,0.7051,false_data_injection,register_injection,1
294,2026-01-01 14:51:00,CP-002,115.06,220.94,47.92,fault,bypass,1348.45,482.34,20.48,ocpp,set_power_limit,67,42.03,182.74,21.57,115.06,247.37,132.31,0.7829,combined_attack,sensor_plus_actuator,1
295,2026-01-01 08:09:00,CP-020,236.59,238.3,0.72,off,none,27.43,12.42,0.74,dnp3,write_register,9,19.21,83.52,36.44,236.59,237.19,0.6,0.0106,none,none,0
296,2026-01-01 10:58:00,CP-005,227.81,228.7,0.39,off,none,42.59,10.09,0.43,iec61850,write_register,2,9.14,39.74,23.19,227.81,228.35,0.54,0.0705,none,none,0
297,2026-01-01 16:31:00,CP-008,238.52,238.52,5.06,fault,inject_command,229.93,326.63,9.49,ocpp,write_register,99,16.25,70.65,36.84,238.52,242.8,4.28,0.6265,scada_attack,command_injection,1
298,2026-01-01 00:31:00,CP-008,233.46,232.36,0.47,on,none,15.89,7.08,0.98,modbus,stop_charging,7,19.84,86.26,34.39,233.46,233.9,0.44,0.0768,none,none,0
299,2026-01-01 03:55:00,CP-017,237.59,235.71,0.8,on,none,45.01,14.03,0.06,modbus,stop_charging,1,20.44,88.87,37.62,237.59,237.14,0.45,0.1647,none,none,0
300,2026-01-01 16:18:00,CP-006,129.51,235.58,45.03,fault,override,940.39,234.06,25.74,iec61850,update_firmware,41,44.16,192.0,37.96,129.51,256.2,126.69,0.8018,combined_attack,sensor_plus_actuator,1
301,2026-01-01 13:41:00,CP-004,233.06,233.06,4.1,on,inject_command,150.89,343.88,12.55,modbus,set_power_limit,93,21.51,93.52,45.63,233.06,237.51,4.45,0.73,scada_attack,replay_attack,1
302,2026-01-01 14:12:00,CP-011,236.95,236.95,0.0,on,none,15.12,12.01,0.7,modbus,read_register,96,2.41,10.48,50.32,236.95,238.56,1.61,0.7487,sensor_spoofing,current_spoof,1
303,2026-01-01 13:01:00,CP-009,22.52,235.89,90.45,off,write_register,22.87,72.34,1.54,modbus,read_register,74,2.1,9.13,33.15,22.52,235.89,213.37,0.9028,false_data_injection,state_injection,1
304,2026-01-01 16:08:00,CP-006,235.2,235.2,0.0,on,none,43.89,17.48,0.55,iec61850,write_register,32,2.78,12.09,107.47,235.2,232.25,2.95,0.9565,sensor_spoofing,temperature_spoof,1
305,2026-01-01 01:31:00,CP-003,223.54,224.63,0.49,off,none,28.56,30.37,0.58,iec61850,start_charging,3,11.36,49.39,31.72,223.54,223.8,0.26,0.1593,none,none,0
306,2026-01-01 09:57:00,CP-009,238.64,238.53,0.05,off,none,34.17,20.14,0.68,iec61850,start_charging,4,20.88,90.78,36.63,238.64,238.4,0.24,0.0114,none,none,0
307,2026-01-01 12:04:00,CP-011,110.86,233.67,52.56,fault,inject_command,666.0,283.8,28.54,dnp3,set_power_limit,43,34.4,149.57,50.66,110.86,266.78,155.92,0.6554,combined_attack,sensor_plus_actuator,1
308,2026-01-01 11:03:00,CP-020,237.41,235.53,0.8,off,none,15.65,16.03,0.01,dnp3,write_register,3,11.93,51.87,23.5,237.41,237.46,0.05,0.1898,none,none,0
309,2026-01-01 14:47:00,CP-018,238.7,238.7,0.0,on,none,33.6,12.53,0.1,ocpp,set_power_limit,39,2.99,13.0,116.8,238.7,243.08,4.38,0.9714,sensor_spoofing,temperature_spoof,1
310,2026-01-01 12:08:00,CP-005,35.13,232.79,84.91,on,write_register,42.22,64.25,0.6,modbus,read_register,39,1.81,7.87,24.24,35.13,232.79,197.66,0.6387,false_data_injection,state_injection,1
311,2026-01-01 10:40:00,CP-011,224.24,224.13,0.05,on,none,27.24,16.35,0.49,iec61850,start_charging,2,4.84,21.04,20.34,224.24,224.34,0.1,0.1724,none,none,0
312,2026-01-01 08:34:00,CP-012,238.87,238.64,0.1,on,none,38.71,28.28,0.07,iec61850,start_charging,7,21.66,94.17,24.11,238.87,237.99,0.88,0.1518,none,none,0
313,2026-01-01 04:52:00,CP-006,232.95,232.59,0.15,on,none,11.73,30.81,0.16,modbus,set_power_limit,3,4.06,17.65,26.46,232.95,232.31,0.64,0.1916,none,none,0
314,2026-01-01 08:59:00,CP-016,239.35,237.5,0.78,off,none,46.18,36.81,0.21,ocpp,stop_charging,2,19.53,84.91,34.23,239.35,239.34,0.01,0.1104,none,none,0
315,2026-01-01 00:13:00,CP-016,236.15,234.91,0.53,on,none,36.36,20.94,0.41,modbus,read_register,1,10.65,46.3,28.48,236.15,236.87,0.72,0.0497,none,none,0
316,2026-01-01 01:24:00,CP-012,220.12,221.6,0.67,off,none,12.78,38.34,0.97,modbus,set_power_limit,4,10.15,44.13,31.34,220.12,219.43,0.69,0.0623,none,none,0
317,2026-01-01 07:28:00,CP-017,236.92,237.77,0.36,on,none,26.69,46.22,0.12,ocpp,read_register,8,9.62,41.83,37.28,236.92,236.2,0.72,0.0884,none,none,0
318,2026-01-01 03:51:00,CP-014,222.25,220.85,0.63,on,none,47.0,30.32,0.1,iec61850,set_power_limit,6,19.68,85.57,26.6,222.25,222.56,0.31,0.1144,none,none,0
319,2026-01-01 06:35:00,CP-016,229.08,230.7,0.7,off,none,26.84,48.23,0.8,iec61850,write_register,1,16.21,70.48,34.94,229.08,228.69,0.39,0.157,none,none,0
320,2026-01-01 16:14:00,CP-003,236.0,236.0,3.45,fault,reset_device,270.93,389.67,18.64,modbus,stop_charging,52,10.39,45.17,32.19,236.0,233.69,2.31,0.9646,scada_attack,replay_attack,1
321,2026-01-01 14:37:00,CP-020,228.29,228.29,5.68,fault,reset_device,431.56,332.36,14.41,dnp3,reset_device,53,13.47,58.57,44.74,228.29,233.11,4.82,0.9214,scada_attack,protocol_manipulation,1
322,2026-01-01 15:35:00,CP-013,229.84,229.84,0.0,off,none,32.0,6.81,0.59,ocpp,write_register,94,1.47,6.39,93.98,229.84,225.65,4.19,0.9527,sensor_spoofing,temperature_spoof,1
323,2026-01-01 02:22:00,CP-007,234.34,234.3,0.02,off,none,42.35,25.4,0.51,dnp3,set_power_limit,1,13.62,59.22,36.82,234.34,233.96,0.38,0.0044,none,none,0
324,2026-01-01 16:00:00,CP-008,221.19,221.19,4.35,unknown,force_on,354.08,37.69,0.75,dnp3,set_power_limit,48,11.21,48.74,46.2,221.19,217.46,3.73,0.846,actuator_manipulation,breaker_manipulation,1
325,2026-01-01 09:41:00,CP-019,228.98,229.02,0.02,on,none,30.14,36.71,0.01,modbus,set_power_limit,2,8.87,38.57,38.45,228.98,229.49,0.51,0.124,none,none,0
326,2026-01-01 04:58:00,CP-017,220.14,220.76,0.28,off,none,26.35,9.8,0.43,iec61850,start_charging,9,11.05,48.04,29.14,220.14,219.69,0.45,0.1361,none,none,0
327,2026-01-01 04:17:00,CP-005,229.66,229.61,0.02,off,none,27.63,7.85,0.65,modbus,set_power_limit,10,16.75,72.83,25.6,229.66,230.57,0.91,0.1746,none,none,0
328,2026-01-01 15:47:00,CP-011,226.51,226.51,3.73,fault,inject_command,345.6,257.12,13.66,dnp3,reset_device,33,18.89,82.13,27.9,226.51,227.95,1.44,0.6623,scada_attack,command_injection,1
329,2026-01-01 00:51:00,CP-006,224.8,225.01,0.09,on,none,10.11,25.27,0.59,iec61850,read_register,4,8.47,36.83,27.07,224.8,225.52,0.72,0.0142,none,none,0
330,2026-01-01 02:49:00,CP-013,239.37,238.54,0.35,off,none,48.71,40.19,0.33,iec61850,stop_charging,6,5.16,22.43,34.1,239.37,239.55,0.18,0.1091,none,none,0
331,2026-01-01 06:18:00,CP-005,224.1,222.25,0.83,off,none,38.55,28.51,0.0,modbus,set_power_limit,2,9.33,40.57,42.23,224.1,223.31,0.79,0.1532,none,none,0
332,2026-01-01 01:50:00,CP-014,223.33,223.11,0.1,off,none,11.69,44.15,0.35,dnp3,start_charging,1,4.43,19.26,35.94,223.33,223.06,0.27,0.1602,none,none,0
333,2026-01-01 04:10:00,CP-004,233.07,231.15,0.83,on,none,26.67,22.11,0.55,dnp3,write_register,4,16.21,70.48,35.76,233.07,232.67,0.4,0.1323,none,none,0
334,2026-01-01 08:50:00,CP-002,225.96,224.35,0.72,on,none,26.51,19.59,0.38,modbus,read_register,4,7.55,32.83,34.93,225.96,225.43,0.53,0.1017,none,none,0
335,2026-01-01 15:57:00,CP-015,177.67,231.15,23.14,fault,bypass,795.91,401.85,14.64,ocpp,start_charging,37,43.67,189.87,33.67,177.67,262.31,84.64,0.8041,combined_attack,fdi_plus_scada,1
336,2026-01-01 04:37:00,CP-014,232.93,234.69,0.75,on,none,10.95,37.26,0.04,modbus,read_register,3,18.09,78.65,33.95,232.93,233.08,0.15,0.0455,none,none,0
337,2026-01-01 12:03:00,CP-010,42.47,229.46,81.49,fault,write_register,26.9,96.86,0.29,iec61850,start_charging,96,0.93,4.04,39.74,42.47,229.46,186.99,0.8716,false_data_injection,register_injection,1
338,2026-01-01 10:01:00,CP-019,235.7,236.57,0.37,on,none,15.11,40.86,0.3,dnp3,write_register,8,21.15,91.96,32.05,235.7,235.78,0.08,0.0487,none,none,0
339,2026-01-01 09:10:00,CP-018,237.17,236.86,0.13,on,none,49.06,33.82,0.2,modbus,start_charging,4,15.69,68.22,37.37,237.17,238.13,0.96,0.12,none,none,0
340,2026-01-01 06:32:00,CP-015,230.19,230.4,0.09,off,none,25.39,15.16,0.42,modbus,set_power_limit,8,19.09,83.0,25.92,230.19,230.19,0.0,0.0822,none,none,0
341,2026-01-01 12:12:00,CP-015,239.26,239.26,0.0,off,none,21.08,49.18,0.36,ocpp,start_charging,87,1.17,5.09,82.51,239.26,240.82,1.56,0.7407,sensor_spoofing,temperature_spoof,1
342,2026-01-01 04:34:00,CP-011,226.62,225.79,0.37,off,none,49.87,42.07,0.98,modbus,read_register,6,11.47,49.87,42.61,226.62,226.85,0.23,0.1242,none,none,0
343,2026-01-01 05:06:00,CP-015,233.63,235.22,0.68,on,none,29.28,16.6,0.38,ocpp,write_register,6,10.84,47.13,28.83,233.63,233.7,0.07,0.1402,none,none,0
344,2026-01-01 10:09:00,CP-001,230.96,230.31,0.28,off,none,49.61,39.1,0.39,iec61850,start_charging,4,16.32,70.96,33.7,230.96,230.15,0.81,0.0647,none,none,0
345,2026-01-01 09:16:00,CP-008,238.42,239.47,0.44,on,none,44.18,18.24,0.15,ocpp,read_register,5,19.58,85.13,41.29,238.42,239.36,0.94,0.1772,none,none,0
346,2026-01-01 12:39:00,CP-016,145.55,228.98,36.44,fault,bypass,593.93,559.17,23.48,ocpp,set_power_limit,53,44.9,195.22,31.96,145.55,252.52,106.97,0.7634,combined_attack,sensor_plus_actuator,1
347,2026-01-01 14:44:00,CP-006,227.1,227.1,0.0,off,none,29.99,13.31,0.4,ocpp,start_charging,30,1.02,4.43,110.07,227.1,227.34,0.24,0.6082,sensor_spoofing,temperature_spoof,1
348,2026-01-01 02:01:00,CP-011,234.68,236.12,0.61,off,none,15.23,21.67,0.56,iec61850,write_register,8,5.33,23.17,31.24,234.68,233.96,0.72,0.0101,none,none,0
349,2026-01-01 07:08:00,CP-012,237.76,236.2,0.66,off,none,28.61,6.84,0.37,modbus,set_power_limit,4,5.63,24.48,28.37,237.76,237.84,0.08,0.1298,none,none,0
350,2026-01-01 09:29:00,CP-019,238.78,239.13,0.15,off,none,21.02,5.33,0.14,modbus,stop_charging,10,18.34,79.74,33.15,238.78,239.6,0.82,0.1758,none,none,0
351,2026-01-01 16:25:00,CP-005,150.45,221.2,31.98,unknown,override,838.03,300.32,22.26,iec61850,set_power_limit,61,32.12,139.65,21.78,150.45,256.71,106.26,0.6493,combined_attack,fdi_plus_scada,1
352,2026-01-01 15:42:00,CP-013,188.25,229.95,18.13,on,none,48.38,44.44,0.71,dnp3,write_register,54,0.07,0.3,29.52,188.25,191.97,3.72,0.6939,sensor_spoofing,voltage_spoof,1
353,2026-01-01 05:01:00,CP-020,228.71,226.97,0.77,on,none,24.83,32.41,0.72,dnp3,set_power_limit,9,8.44,36.7,44.09,228.71,227.82,0.89,0.1547,none,none,0
354,2026-01-01 12:00:00,CP-014,223.81,223.81,3.51,transitioning,force_on,546.77,25.48,1.94,iec61850,start_charging,34,14.01,60.91,53.93,223.81,223.8,0.01,0.8742,actuator_manipulation,breaker_manipulation,1
355,2026-01-01 02:23:00,CP-009,236.33,237.31,0.41,on,none,11.81,20.5,0.06,modbus,read_register,8,3.6,15.65,30.22,236.33,236.87,0.54,0.1532,none,none,0
356,2026-01-01 08:45:00,CP-017,232.73,233.78,0.45,off,none,15.96,37.75,0.09,dnp3,stop_charging,4,20.1,87.39,28.47,232.73,231.82,0.91,0.1341,none,none,0
357,2026-01-01 03:29:00,CP-001,239.04,240.46,0.59,on,none,13.79,9.59,0.79,modbus,read_register,1,18.78,81.65,44.56,239.04,238.3,0.74,0.1647,none,none,0
358,2026-01-01 10:48:00,CP-005,228.17,228.62,0.2,off,none,49.41,33.17,0.01,iec61850,write_register,5,6.36,27.65,44.29,228.17,228.24,0.07,0.1958,none,none,0
359,2026-01-01 12:07:00,CP-004,221.95,221.95,2.41,unknown,force_on,297.15,31.31,1.02,modbus,reset_device,46,8.52,37.04,38.07,221.95,222.57,0.62,0.9869,actuator_manipulation,charger_manipulation,1
360,2026-01-01 09:37:00,CP-007,233.6,231.85,0.75,on,none,41.88,42.37,0.17,ocpp,read_register,7,12.74,55.39,40.39,233.6,233.25,0.35,0.1254,none,none,0
361,2026-01-01 14:43:00,CP-006,14.78,232.99,93.66,on,write_register,13.77,43.34,2.1,dnp3,update_firmware,72,1.14,4.96,36.6,14.78,232.99,218.21,0.9389,false_data_injection,register_injection,1
362,2026-01-01 09:27:00,CP-016,220.54,219.34,0.55,off,none,21.35,15.49,0.66,modbus,stop_charging,1,10.0,43.48,20.28,220.54,220.19,0.35,0.182,none,none,0
363,2026-01-01 07:53:00,CP-003,227.94,229.3,0.59,on,none,19.44,30.69,0.5,modbus,set_power_limit,10,21.04,91.48,43.29,227.94,227.44,0.5,0.1769,none,none,0
364,2026-01-01 01:51:00,CP-006,239.06,237.63,0.6,off,none,11.39,8.03,0.78,iec61850,start_charging,7,21.04,91.48,20.81,239.06,238.37,0.69,0.09,none,none,0
365,2026-01-01 09:17:00,CP-007,234.55,235.69,0.48,on,none,16.7,22.47,0.88,iec61850,stop_charging,9,11.82,51.39,28.05,234.55,234.3,0.25,0.1389,none,none,0
366,2026-01-01 08:40:00,CP-012,229.09,227.68,0.62,off,none,43.14,8.69,0.06,ocpp,stop_charging,4,11.48,49.91,29.23,229.09,229.14,0.05,0.1176,none,none,0
367,2026-01-01 01:09:00,CP-005,232.56,234.17,0.69,on,none,22.36,24.84,0.58,ocpp,read_register,5,9.21,40.04,30.39,232.56,231.96,0.6,0.1573,none,none,0
368,2026-01-01 06:07:00,CP-019,236.76,235.95,0.34,on,none,11.96,23.76,0.18,iec61850,set_power_limit,10,13.87,60.3,34.05,236.76,237.69,0.93,0.1499,none,none,0
369,2026-01-01 03:45:00,CP-005,221.09,219.11,0.9,on,none,21.78,34.79,0.6,ocpp,read_register,1,6.93,30.13,35.95,221.09,222.04,0.95,0.0947,none,none,0
370,2026-01-01 12:59:00,CP-018,1.99,224.48,99.11,on,none,27.88,26.46,0.11,iec61850,start_charging,38,2.43,10.57,54.15,1.99,-2.06,4.05,0.6677,sensor_spoofing,power_spoof,1
371,2026-01-01 11:35:00,CP-002,222.34,221.71,0.28,off,none,29.36,32.63,0.55,ocpp,set_power_limit,5,20.61,89.61,24.82,222.34,221.4,0.94,0.0046,none,none,0
372,2026-01-01 13:32:00,CP-015,174.58,238.38,26.76,unknown,override,391.84,317.76,12.94,modbus,stop_charging,85,49.51,215.26,22.76,174.58,286.2,111.62,0.8997,combined_attack,sensor_plus_actuator,1
373,2026-01-01 12:25:00,CP-008,232.12,232.12,0.61,fault,force_on,400.16,29.46,0.99,iec61850,update_firmware,48,12.1,52.61,35.52,232.12,230.15,1.97,0.7468,actuator_manipulation,relay_manipulation,1
374,2026-01-01 04:33:00,CP-019,231.0,229.29,0.75,off,none,31.02,48.06,0.52,ocpp,stop_charging,9,13.2,57.39,22.3,231.0,230.44,0.56,0.0427,none,none,0
375,2026-01-01 16:06:00,CP-006,224.91,224.91,2.71,unknown,update_firmware,291.83,158.54,14.09,iec61850,read_register,68,12.2,53.04,48.46,224.91,229.75,4.84,0.6013,scada_attack,protocol_manipulation,1
376,2026-01-01 03:59:00,CP-010,233.54,234.84,0.55,off,none,33.38,5.33,1.0,iec61850,set_power_limit,10,14.57,63.35,27.46,233.54,232.76,0.78,0.0128,none,none,0
377,2026-01-01 01:44:00,CP-020,229.14,227.58,0.69,off,none,33.87,5.74,0.52,ocpp,write_register,5,11.16,48.52,35.37,229.14,228.62,0.52,0.0833,none,none,0
378,2026-01-01 00:22:00,CP-009,223.23,223.0,0.1,off,none,32.44,10.03,0.95,ocpp,set_power_limit,1,18.86,82.0,34.56,223.23,222.53,0.7,0.0255,none,none,0
379,2026-01-01 03:30:00,CP-012,233.73,235.48,0.74,on,none,33.29,16.65,0.81,modbus,read_register,4,20.15,87.61,31.09,233.73,232.99,0.74,0.181,none,none,0
380,2026-01-01 14:31:00,CP-014,231.34,231.34,0.0,off,none,13.95,46.43,0.8,dnp3,update_firmware,52,1.08,4.7,43.91,231.34,229.86,1.48,0.9862,sensor_spoofing,current_spoof,1
381,2026-01-01 12:38:00,CP-008,235.98,235.98,1.15,unknown,force_on,754.46,25.03,1.92,dnp3,start_charging,30,21.57,93.78,32.32,235.98,236.04,0.06,0.9659,actuator_manipulation,relay_manipulation,1
382,2026-01-01 06:47:00,CP-009,223.03,222.35,0.31,off,none,32.99,28.19,0.94,dnp3,stop_charging,7,10.67,46.39,38.19,223.03,223.65,0.62,0.014,none,none,0
383,2026-01-01 14:40:00,CP-016,101.77,221.29,54.01,unknown,bypass,1080.33,553.13,19.53,ocpp,read_register,65,26.64,115.83,45.16,101.77,258.38,156.61,0.9789,combined_attack,fdi_plus_scada,1
384,2026-01-01 11:46:00,CP-012,100.83,220.59,54.29,fault,inject_command,1333.67,475.91,14.53,modbus,write_register,67,45.4,197.39,38.81,100.83,240.74,139.91,0.8753,combined_attack,sensor_plus_actuator,1
385,2026-01-01 07:13:00,CP-017,236.84,236.62,0.09,off,none,32.69,45.42,0.31,iec61850,write_register,8,10.07,43.78,27.2,236.84,237.53,0.69,0.0297,none,none,0
386,2026-01-01 10:34:00,CP-002,223.21,222.01,0.54,off,none,48.39,49.23,0.12,dnp3,set_power_limit,8,18.2,79.13,37.86,223.21,222.86,0.35,0.1529,none,none,0
387,2026-01-01 16:16:00,CP-018,221.59,221.59,0.0,off,none,15.96,11.37,0.44,ocpp,write_register,72,0.93,4.04,100.82,221.59,218.91,2.68,0.6369,sensor_spoofing,temperature_spoof,1
388,2026-01-01 03:40:00,CP-019,220.65,221.06,0.19,on,none,35.59,9.68,0.5,iec61850,read_register,4,9.59,41.7,27.99,220.65,220.92,0.27,0.1926,none,none,0
389,2026-01-01 14:06:00,CP-005,223.63,223.63,2.27,transitioning,override,911.52,23.07,0.59,dnp3,read_register,21,13.93,60.57,27.88,223.63,222.9,0.73,0.7035,actuator_manipulation,relay_manipulation,1
390,2026-01-01 04:12:00,CP-017,239.46,238.89,0.24,off,none,21.81,6.77,0.5,ocpp,stop_charging,6,7.46,32.43,20.32,239.46,238.64,0.82,0.0221,none,none,0
391,2026-01-01 02:50:00,CP-018,220.54,221.45,0.41,on,none,27.54,18.11,0.69,dnp3,stop_charging,3,15.03,65.35,26.05,220.54,220.86,0.32,0.143,none,none,0
392,2026-01-01 04:32:00,CP-006,231.68,230.7,0.42,off,none,28.65,47.19,0.04,iec61850,set_power_limit,1,17.7,76.96,35.63,231.68,232.37,0.69,0.0602,none,none,0
393,2026-01-01 07:35:00,CP-003,226.56,225.02,0.68,off,none,28.28,38.13,0.69,dnp3,write_register,9,10.74,46.7,44.62,226.56,226.42,0.14,0.1714,none,none,0
394,2026-01-01 11:38:00,CP-019,235.86,236.21,0.15,on,none,41.76,47.92,0.49,dnp3,stop_charging,10,17.19,74.74,40.4,235.86,236.11,0.25,0.1215,none,none,0
395,2026-01-01 06:42:00,CP-001,233.46,234.79,0.57,on,none,26.45,28.64,0.69,iec61850,write_register,5,7.79,33.87,20.85,233.46,233.7,0.24,0.0114,none,none,0
396,2026-01-01 06:45:00,CP-002,225.16,226.41,0.55,on,none,27.62,27.13,0.93,dnp3,write_register,8,5.06,22.0,33.52,225.16,225.02,0.14,0.1228,none,none,0
397,2026-01-01 10:20:00,CP-014,238.8,237.37,0.6,on,none,12.82,37.97,1.0,ocpp,start_charging,10,15.49,67.35,40.51,238.8,239.01,0.21,0.0839,none,none,0
398,2026-01-01 11:25:00,CP-010,236.9,237.65,0.32,off,none,35.36,36.59,0.94,modbus,read_register,2,4.7,20.43,20.41,236.9,237.76,0.86,0.0207,none,none,0
399,2026-01-01 13:03:00,CP-009,152.02,232.3,34.56,fault,inject_command,927.9,242.01,22.28,iec61850,set_power_limit,97,31.28,136.0,36.2,152.02,280.39,128.37,0.9708,combined_attack,fdi_plus_scada,1
400,2026-01-01 07:31:00,CP-009,220.87,220.08,0.36,on,none,40.18,40.21,0.92,ocpp,set_power_limit,4,6.51,28.3,28.79,220.87,220.05,0.82,0.1692,none,none,0
401,2026-01-01 01:40:00,CP-013,230.06,229.73,0.14,on,none,42.68,41.06,0.14,iec61850,read_register,8,19.61,85.26,33.86,230.06,229.27,0.79,0.1692,none,none,0
402,2026-01-01 16:03:00,CP-018,137.55,233.22,41.02,fault,bypass,887.61,304.08,20.34,modbus,start_charging,100,31.71,137.87,29.49,137.55,261.89,124.34,0.8054,combined_attack,multi_vector,1
403,2026-01-01 04:01:00,CP-020,228.08,227.36,0.32,on,none,38.85,34.49,1.0,iec61850,stop_charging,7,10.38,45.13,20.88,228.08,228.5,0.42,0.1144,none,none,0
404,2026-01-01 12:43:00,CP-017,237.91,237.91,0.0,off,none,36.96,25.41,0.32,ocpp,set_power_limit,95,0.84,3.65,47.06,237.91,235.23,2.68,0.7973,sensor_spoofing,current_spoof,1
405,2026-01-01 00:49:00,CP-003,228.01,226.31,0.75,on,none,16.07,41.5,0.95,modbus,write_register,2,13.6,59.13,30.4,228.01,228.2,0.19,0.1237,none,none,0
406,2026-01-01 03:02:00,CP-012,230.84,231.87,0.44,off,none,31.85,49.54,0.1,ocpp,start_charging,1,11.54,50.17,28.71,230.84,231.47,0.63,0.0878,none,none,0
407,2026-01-01 04:48:00,CP-019,238.97,239.61,0.27,on,none,39.44,26.76,0.36,ocpp,stop_charging,4,4.19,18.22,29.24,238.97,238.06,0.91,0.0414,none,none,0
408,2026-01-01 04:49:00,CP-012,227.76,229.43,0.73,on,none,11.6,34.18,0.1,iec61850,start_charging,10,13.34,58.0,24.35,227.76,228.07,0.31,0.0731,none,none,0
409,2026-01-01 05:08:00,CP-016,234.74,233.68,0.45,on,none,44.91,14.31,0.2,ocpp,set_power_limit,6,5.96,25.91,22.67,234.74,235.58,0.84,0.1352,none,none,0
410,2026-01-01 07:29:00,CP-020,230.46,232.34,0.81,on,none,38.4,6.29,0.81,ocpp,write_register,3,16.07,69.87,27.69,230.46,229.88,0.58,0.1962,none,none,0
411,2026-01-01 14:22:00,CP-017,103.76,231.26,55.13,unknown,bypass,576.51,576.22,20.62,iec61850,write_register,32,42.01,182.65,42.22,103.76,277.03,173.27,0.6905,combined_attack,sensor_plus_actuator,1
412,2026-01-01 15:48:00,CP-007,272.26,229.9,18.43,off,none,43.01,29.39,0.1,ocpp,read_register,22,0.09,0.39,24.24,272.26,269.12,3.14,0.9104,sensor_spoofing,voltage_spoof,1
413,2026-01-01 08:23:00,CP-018,223.82,223.02,0.36,off,none,15.93,23.98,0.12,ocpp,stop_charging,8,11.96,52.0,41.49,223.82,223.99,0.17,0.0403,none,none,0
414,2026-01-01 11:29:00,CP-020,226.35,225.03,0.59,off,none,19.67,48.81,0.19,dnp3,read_register,10,11.15,48.48,43.48,226.35,226.13,0.22,0.1456,none,none,0
415,2026-01-01 12:32:00,CP-004,233.22,233.22,4.24,unknown,override,213.81,5.4,0.07,iec61850,stop_charging,91,18.88,82.09,27.62,233.22,228.81,4.41,0.9755,actuator_manipulation,charger_manipulation,1
416,2026-01-01 06:51:00,CP-015,239.33,237.4,0.81,off,none,12.24,40.45,0.04,modbus,write_register,9,11.71,50.91,36.95,239.33,240.08,0.75,0.0298,none,none,0
417,2026-01-01 05:56:00,CP-005,234.54,235.6,0.45,off,none,48.45,18.65,0.75,iec61850,write_register,4,5.03,21.87,24.62,234.54,235.06,0.52,0.1224,none,none,0
418,2026-01-01 02:08:00,CP-020,229.49,231.36,0.81,on,none,38.86,31.26,0.17,dnp3,write_register,4,3.6,15.65,43.71,229.49,228.71,0.78,0.0038,none,none,0
419,2026-01-01 11:05:00,CP-015,231.08,232.4,0.57,off,none,38.37,24.07,0.16,modbus,set_power_limit,7,21.58,93.83,23.13,231.08,230.5,0.58,0.1238,none,none,0
420,2026-01-01 06:31:00,CP-003,232.97,231.55,0.61,off,none,36.32,48.87,0.14,ocpp,stop_charging,8,19.98,86.87,37.38,232.97,233.83,0.86,0.1246,none,none,0
421,2026-01-01 08:48:00,CP-015,221.69,221.82,0.06,off,none,26.07,7.02,0.86,modbus,start_charging,7,6.43,27.96,20.6,221.69,221.75,0.06,0.0764,none,none,0
422,2026-01-01 11:37:00,CP-018,233.04,232.91,0.06,off,none,27.44,47.59,0.92,iec61850,write_register,4,16.05,69.78,42.18,233.04,232.6,0.44,0.0786,none,none,0
423,2026-01-01 06:15:00,CP-005,225.61,223.73,0.84,off,none,35.06,42.91,0.57,dnp3,write_register,10,5.22,22.7,39.56,225.61,225.23,0.38,0.1716,none,none,0
424,2026-01-01 00:55:00,CP-014,232.7,232.67,0.01,on,none,28.8,23.38,0.32,modbus,write_register,6,10.82,47.04,32.39,232.7,233.03,0.33,0.0801,none,none,0
425,2026-01-01 10:44:00,CP-020,225.48,227.35,0.82,off,none,11.82,30.48,0.79,ocpp,stop_charging,8,16.01,69.61,41.76,225.48,226.42,0.94,0.0331,none,none,0
426,2026-01-01 13:55:00,CP-017,225.99,225.99,1.25,unknown,bypass,700.74,10.02,1.51,ocpp,stop_charging,20,19.48,84.7,31.17,225.99,230.73,4.74,0.7882,actuator_manipulation,charger_manipulation,1
427,2026-01-01 04:06:00,CP-009,224.19,225.28,0.48,on,none,29.58,39.36,0.09,dnp3,stop_charging,7,11.15,48.48,31.94,224.19,223.2,0.99,0.1068,none,none,0
428,2026-01-01 00:00:00,CP-004,220.5,219.6,0.41,on,none,15.58,9.61,0.74,modbus,set_power_limit,7,3.6,15.65,22.34,220.5,219.97,0.53,0.1204,none,none,0
429,2026-01-01 02:54:00,CP-005,226.97,226.34,0.28,on,none,30.84,20.67,0.1,dnp3,start_charging,2,8.71,37.87,40.25,226.97,226.2,0.77,0.1698,none,none,0
430,2026-01-01 07:38:00,CP-013,227.12,227.79,0.29,off,none,49.5,28.01,0.15,dnp3,read_register,2,7.76,33.74,32.43,227.12,227.38,0.26,0.0269,none,none,0
431,2026-01-01 03:34:00,CP-008,220.59,221.83,0.56,off,none,12.34,49.62,0.53,ocpp,write_register,2,7.71,33.52,26.03,220.59,220.66,0.07,0.1582,none,none,0
432,2026-01-01 11:58:00,CP-017,158.26,222.26,28.8,fault,override,1474.36,535.32,23.19,ocpp,start_charging,83,25.77,112.04,40.22,158.26,263.13,104.87,0.7723,combined_attack,fdi_plus_scada,1
433,2026-01-01 06:34:00,CP-009,229.3,227.61,0.74,on,none,19.81,33.38,0.66,modbus,set_power_limit,10,8.94,38.87,21.32,229.3,228.99,0.31,0.1557,none,none,0
434,2026-01-01 07:50:00,CP-014,228.21,229.65,0.63,on,none,35.36,43.07,0.27,iec61850,write_register,5,16.05,69.78,25.9,228.21,227.69,0.52,0.03,none,none,0
435,2026-01-01 06:33:00,CP-018,231.53,229.66,0.81,on,none,32.73,36.72,0.11,dnp3,read_register,3,16.87,73.35,33.16,231.53,232.25,0.72,0.1501,none,none,0
436,2026-01-01 15:18:00,CP-008,34.06,232.71,85.36,unknown,write_register,35.62,25.73,0.75,iec61850,reset_device,50,1.59,6.91,42.92,34.06,232.71,198.65,0.9873,false_data_injection,measurement_injection,1
437,2026-01-01 15:05:00,CP-006,228.64,228.64,0.24,off,update_firmware,305.33,168.94,19.75,ocpp,reset_device,71,20.92,90.96,40.13,228.64,231.65,3.01,0.6603,scada_attack,replay_attack,1
438,2026-01-01 11:30:00,CP-013,238.08,238.15,0.03,off,none,19.24,36.95,0.13,modbus,set_power_limit,7,19.02,82.7,35.68,238.08,237.6,0.48,0.1106,none,none,0
439,2026-01-01 10:18:00,CP-018,228.9,229.21,0.14,off,none,30.91,49.37,0.35,ocpp,read_register,1,7.5,32.61,24.7,228.9,228.5,0.4,0.1665,none,none,0
440,2026-01-01 16:04:00,CP-011,231.32,231.32,1.53,unknown,override,422.82,31.9,1.34,ocpp,update_firmware,98,9.62,41.83,51.17,231.32,227.71,3.61,0.908,actuator_manipulation,relay_manipulation,1
441,2026-01-01 10:24:00,CP-018,231.03,232.56,0.66,off,none,29.07,10.74,0.01,ocpp,write_register,3,10.2,44.35,38.39,231.03,230.14,0.89,0.1451,none,none,0
442,2026-01-01 05:21:00,CP-018,226.19,225.58,0.27,on,none,42.19,24.88,0.37,iec61850,write_register,5,3.2,13.91,33.08,226.19,226.71,0.52,0.0273,none,none,0
443,2026-01-01 01:33:00,CP-002,228.99,230.23,0.54,on,none,22.86,26.4,0.15,modbus,stop_charging,2,18.41,80.04,40.93,228.99,229.95,0.96,0.0169,none,none,0
444,2026-01-01 15:12:00,CP-011,235.0,235.0,0.0,off,none,36.38,19.98,0.03,modbus,reset_device,93,0.06,0.26,95.23,235.0,239.05,4.05,0.752,sensor_spoofing,temperature_spoof,1
445,2026-01-01 07:44:00,CP-010,231.85,233.49,0.7,on,none,44.76,10.15,0.17,iec61850,read_register,8,15.5,67.39,30.56,231.85,231.88,0.03,0.0842,none,none,0
446,2026-01-01 08:39:00,CP-001,229.06,230.99,0.84,on,none,24.01,17.8,0.78,ocpp,stop_charging,9,17.01,73.96,22.63,229.06,229.09,0.03,0.0385,none,none,0
447,2026-01-01 05:14:00,CP-019,220.95,219.35,0.73,on,none,12.4,41.62,0.48,modbus,stop_charging,6,7.94,34.52,29.01,220.95,221.06,0.11,0.162,none,none,0
448,2026-01-01 07:18:00,CP-012,221.85,220.07,0.81,on,none,33.34,15.0,0.94,iec61850,write_register,1,4.59,19.96,41.24,221.85,222.2,0.35,0.1915,none,none,0
449,2026-01-01 14:45:00,CP-020,180.03,233.65,22.95,on,none,23.07,18.78,0.8,iec61850,update_firmware,28,2.87,12.48,26.6,180.03,181.24,1.21,0.6727,sensor_spoofing,voltage_spoof,1
450,2026-01-01 10:21:00,CP-005,226.33,227.48,0.51,off,none,11.04,32.16,0.08,modbus,set_power_limit,2,16.0,69.57,30.17,226.33,225.99,0.34,0.0178,none,none,0
451,2026-01-01 13:37:00,CP-009,233.21,233.21,0.79,fault,inject_command,493.23,133.24,16.22,iec61850,start_charging,57,13.85,60.22,46.28,233.21,232.72,0.49,0.787,scada_attack,command_injection,1
452,2026-01-01 13:23:00,CP-005,227.92,227.92,3.29,fault,force_off,441.03,8.62,0.47,ocpp,stop_charging,31,11.75,51.09,45.34,227.92,224.46,3.46,0.8221,actuator_manipulation,breaker_manipulation,1
453,2026-01-01 13:48:00,CP-010,228.8,228.8,7.44,off,reset_device,323.35,443.66,8.86,ocpp,read_register,47,8.6,37.39,40.41,228.8,225.28,3.52,0.6048,scada_attack,replay_attack,1
454,2026-01-01 11:16:00,CP-015,233.38,232.78,0.26,off,none,35.7,45.51,0.46,modbus,write_register,2,20.43,88.83,43.06,233.38,233.92,0.54,0.0399,none,none,0
455,2026-01-01 08:38:00,CP-010,234.53,236.48,0.82,on,none,39.28,42.87,0.26,iec61850,read_register,1,17.37,75.52,43.53,234.53,234.43,0.1,0.1145,none,none,0
456,2026-01-01 02:03:00,CP-003,238.9,238.92,0.01,on,none,18.61,20.88,0.05,dnp3,set_power_limit,8,8.43,36.65,20.2,238.9,238.11,0.79,0.0268,none,none,0
457,2026-01-01 00:54:00,CP-001,221.83,223.68,0.83,on,none,49.98,35.25,0.27,modbus,write_register,8,12.86,55.91,31.06,221.83,221.39,0.44,0.1994,none,none,0
458,2026-01-01 07:33:00,CP-006,238.03,238.18,0.06,on,none,46.97,46.42,0.85,dnp3,start_charging,10,6.52,28.35,36.84,238.03,237.24,0.79,0.1669,none,none,0
459,2026-01-01 16:11:00,CP-006,22.34,222.15,89.94,unknown,write_register,44.44,85.71,1.34,ocpp,read_register,30,1.23,5.35,35.54,22.34,222.15,199.81,0.6602,false_data_injection,measurement_injection,1
460,2026-01-01 00:32:00,CP-013,224.88,225.5,0.27,on,none,45.71,43.72,0.89,dnp3,write_register,3,18.28,79.48,37.4,224.88,224.81,0.07,0.1115,none,none,0
461,2026-01-01 00:10:00,CP-016,236.32,238.23,0.8,on,none,15.14,26.39,0.55,iec61850,set_power_limit,10,11.04,48.0,25.29,236.32,236.4,0.08,0.146,none,none,0
462,2026-01-01 11:32:00,CP-012,223.73,224.34,0.27,on,none,21.88,29.09,0.25,dnp3,start_charging,1,8.22,35.74,43.37,223.73,223.98,0.25,0.1277,none,none,0
463,2026-01-01 06:22:00,CP-011,236.35,237.2,0.36,on,none,48.95,39.01,0.47,ocpp,read_register,8,4.85,21.09,27.76,236.35,236.64,0.29,0.1533,none,none,0
464,2026-01-01 02:38:00,CP-004,238.36,238.46,0.04,on,none,17.68,28.69,0.82,iec61850,stop_charging,2,10.09,43.87,30.15,238.36,238.49,0.13,0.198,none,none,0
465,2026-01-01 06:49:00,CP-011,221.61,221.45,0.07,off,none,35.91,12.95,0.04,dnp3,write_register,5,16.22,70.52,42.41,221.61,221.87,0.26,0.0719,none,none,0
466,2026-01-01 11:39:00,CP-014,223.99,223.4,0.26,on,none,27.98,45.03,0.96,iec61850,set_power_limit,7,8.58,37.3,40.67,223.99,224.28,0.29,0.193,none,none,0
467,2026-01-01 05:37:00,CP-007,239.21,237.6,0.68,on,none,31.27,13.53,0.53,ocpp,set_power_limit,3,13.61,59.17,33.95,239.21,239.7,0.49,0.1533,none,none,0
468,2026-01-01 07:21:00,CP-016,239.77,239.87,0.04,off,none,12.64,48.2,0.76,modbus,read_register,7,15.14,65.83,26.83,239.77,239.12,0.65,0.0924,none,none,0
469,2026-01-01 09:52:00,CP-019,239.48,237.8,0.71,on,none,45.04,12.46,0.43,iec61850,set_power_limit,9,15.51,67.43,29.57,239.48,239.1,0.38,0.0823,none,none,0
470,2026-01-01 08:52:00,CP-004,224.93,225.15,0.1,on,none,22.18,23.3,0.08,ocpp,write_register,6,13.27,57.7,24.2,224.93,224.42,0.51,0.1905,none,none,0
471,2026-01-01 05:53:00,CP-010,224.72,226.63,0.84,off,none,42.48,33.16,0.88,modbus,set_power_limit,5,7.29,31.7,28.54,224.72,224.51,0.21,0.0275,none,none,0
472,2026-01-01 02:10:00,CP-011,239.13,238.97,0.07,off,none,31.85,35.41,0.87,iec61850,set_power_limit,8,6.65,28.91,26.16,239.13,239.25,0.12,0.045,none,none,0
473,2026-01-01 04:27:00,CP-005,239.63,240.23,0.25,on,none,30.16,36.24,0.32,modbus,start_charging,9,12.13,52.74,34.27,239.63,239.96,0.33,0.0835,none,none,0
474,2026-01-01 10:19:00,CP-005,232.04,230.9,0.49,off,none,21.1,37.81,0.42,iec61850,start_charging,7,15.35,66.74,24.08,232.04,231.95,0.09,0.1889,none,none,0
475,2026-01-01 10:31:00,CP-015,237.85,239.24,0.58,on,none,24.23,32.7,0.33,iec61850,read_register,1,9.64,41.91,38.06,237.85,237.65,0.2,0.0018,none,none,0
476,2026-01-01 16:32:00,CP-011,2.07,228.12,99.09,on,none,23.35,21.67,0.31,dnp3,stop_charging,70,1.77,7.7,34.19,2.07,5.56,3.49,0.7146,sensor_spoofing,power_spoof,1
477,2026-01-01 11:44:00,CP-019,220.36,220.36,0.0,on,none,46.47,17.8,0.84,dnp3,read_register,88,2.75,11.96,81.56,220.36,221.81,1.45,0.6278,sensor_spoofing,temperature_spoof,1
478,2026-01-01 01:14:00,CP-016,232.31,234.07,0.75,off,none,11.31,21.67,0.44,ocpp,start_charging,2,21.64,94.09,29.18,232.31,233.11,0.8,0.129,none,none,0
479,2026-01-01 07:58:00,CP-006,238.32,238.85,0.22,off,none,41.57,17.33,0.08,dnp3,stop_charging,7,20.6,89.57,28.32,238.32,238.16,0.16,0.1837,none,none,0
480,2026-01-01 05:28:00,CP-013,233.63,232.88,0.32,off,none,16.34,37.77,0.74,modbus,start_charging,8,15.13,65.78,24.97,233.63,234.41,0.78,0.1727,none,none,0
481,2026-01-01 15:14:00,CP-003,237.92,237.92,0.64,fault,force_off,259.53,21.8,0.31,ocpp,update_firmware,31,3.44,14.96,50.23,237.92,233.02,4.9,0.6054,actuator_manipulation,charger_manipulation,1
482,2026-01-01 04:42:00,CP-004,223.63,224.83,0.53,on,none,44.06,46.96,0.99,dnp3,set_power_limit,2,8.52,37.04,21.68,223.63,222.83,0.8,0.1451,none,none,0
483,2026-01-01 13:22:00,CP-001,33.87,223.33,84.83,unknown,write_register,17.94,97.38,2.26,ocpp,reset_device,62,2.37,10.3,21.88,33.87,223.33,189.46,0.6362,false_data_injection,state_injection,1
484,2026-01-01 03:16:00,CP-013,221.65,221.8,0.07,on,none,21.1,18.95,0.51,ocpp,write_register,9,9.21,40.04,34.66,221.65,222.18,0.53,0.13,none,none,0
485,2026-01-01 11:18:00,CP-002,239.76,240.86,0.46,on,none,47.46,21.27,0.43,dnp3,write_register,1,7.02,30.52,20.57,239.76,240.28,0.52,0.0846,none,none,0
486,2026-01-01 05:30:00,CP-020,223.1,224.18,0.48,on,none,16.31,9.11,0.62,modbus,read_register,6,15.25,66.3,37.53,223.1,223.68,0.58,0.0252,none,none,0
487,2026-01-01 02:00:00,CP-010,229.66,230.88,0.53,off,none,21.9,8.28,0.06,dnp3,stop_charging,8,11.82,51.39,28.5,229.66,228.95,0.71,0.1723,none,none,0
488,2026-01-01 06:39:00,CP-012,221.09,220.15,0.43,on,none,12.1,25.88,0.48,dnp3,set_power_limit,4,10.22,44.43,37.64,221.09,221.04,0.05,0.029,none,none,0
489,2026-01-01 00:08:00,CP-011,222.23,221.97,0.12,off,none,10.13,37.49,0.72,ocpp,set_power_limit,2,19.54,84.96,27.46,222.23,222.51,0.28,0.1218,none,none,0
490,2026-01-01 12:37:00,CP-013,299.91,239.17,25.4,on,none,43.9,28.75,0.05,dnp3,reset_device,87,1.56,6.78,31.09,299.91,296.86,3.05,0.8301,sensor_spoofing,voltage_spoof,1
491,2026-01-01 14:27:00,CP-009,3.13,236.76,98.68,off,none,33.4,44.43,0.69,dnp3,update_firmware,57,0.67,2.91,23.61,3.13,8.11,4.98,0.8413,sensor_spoofing,power_spoof,1
492,2026-01-01 03:44:00,CP-006,232.15,231.89,0.11,on,none,14.05,14.25,0.19,iec61850,start_charging,5,7.51,32.65,21.24,232.15,232.29,0.14,0.168,none,none,0
493,2026-01-01 01:52:00,CP-012,227.44,228.49,0.46,on,none,31.18,22.91,0.65,ocpp,read_register,1,16.98,73.83,32.48,227.44,227.21,0.23,0.1123,none,none,0
494,2026-01-01 14:58:00,CP-015,47.87,221.13,78.35,unknown,write_register,12.55,22.48,0.58,dnp3,read_register,76,0.21,0.91,28.6,47.87,221.13,173.26,0.8114,false_data_injection,state_injection,1
495,2026-01-01 01:22:00,CP-014,227.07,227.73,0.29,off,none,44.72,37.45,0.97,iec61850,start_charging,2,13.98,60.78,25.32,227.07,227.38,0.31,0.0448,none,none,0
496,2026-01-01 02:18:00,CP-003,228.02,226.4,0.72,on,none,29.1,47.11,0.01,dnp3,write_register,8,17.32,75.3,43.85,228.02,227.62,0.4,0.1446,none,none,0
497,2026-01-01 03:19:00,CP-001,226.7,226.42,0.12,on,none,20.52,48.88,0.63,dnp3,stop_charging,9,9.84,42.78,32.49,226.7,226.83,0.13,0.0735,none,none,0
498,2026-01-01 08:13:00,CP-003,229.2,230.03,0.36,off,none,28.16,47.98,0.59,modbus,start_charging,1,15.47,67.26,43.77,229.2,228.85,0.35,0.1463,none,none,0
499,2026-01-01 10:10:00,CP-019,237.32,235.54,0.76,off,none,28.3,12.37,0.14,dnp3,start_charging,3,6.99,30.39,40.11,237.32,236.71,0.61,0.1302,none,none,0
500,2026-01-01 07:09:00,CP-019,237.42,238.23,0.34,on,none,22.82,45.41,0.5,dnp3,start_charging,1,4.2,18.26,28.63,237.42,237.39,0.03,0.1053,none,none,0
501,2026-01-01 02:21:00,CP-017,228.93,229.75,0.36,on,none,46.69,10.05,0.83,ocpp,set_power_limit,9,5.85,25.43,28.2,228.93,228.97,0.04,0.0232,none,none,0
502,2026-01-01 12:49:00,CP-007,223.03,223.03,3.67,unknown,force_off,358.86,44.41,1.9,ocpp,read_register,75,18.46,80.26,22.35,223.03,223.61,0.58,0.6834,actuator_manipulation,breaker_manipulation,1
503,2026-01-01 15:15:00,CP-011,169.71,223.12,23.94,unknown,bypass,1348.08,503.76,12.12,modbus,read_register,37,29.99,130.39,46.11,169.71,245.55,75.84,0.6367,combined_attack,sensor_plus_actuator,1
504,2026-01-01 10:49:00,CP-019,222.13,223.11,0.44,off,none,47.83,16.58,0.63,ocpp,stop_charging,4,9.16,39.83,25.1,222.13,222.39,0.26,0.1716,none,none,0
505,2026-01-01 03:50:00,CP-005,236.68,235.71,0.41,on,none,13.48,30.04,0.55,iec61850,set_power_limit,8,20.43,88.83,20.31,236.68,237.08,0.4,0.1175,none,none,0
506,2026-01-01 01:54:00,CP-003,236.21,238.08,0.79,off,none,36.71,36.93,0.55,iec61850,start_charging,3,16.52,71.83,43.18,236.21,236.49,0.28,0.1587,none,none,0
507,2026-01-01 12:30:00,CP-018,238.65,238.65,9.91,unknown,update_firmware,240.73,387.69,16.54,iec61850,write_register,68,8.46,36.78,36.36,238.65,243.58,4.93,0.6953,scada_attack,replay_attack,1
508,2026-01-01 02:35:00,CP-016,229.22,230.15,0.4,off,none,16.77,37.41,0.49,modbus,set_power_limit,1,18.94,82.35,21.86,229.22,229.86,0.64,0.0097,none,none,0
509,2026-01-01 02:58:00,CP-020,223.45,224.14,0.31,off,none,46.75,31.56,0.67,iec61850,read_register,4,8.8,38.26,24.58,223.45,223.84,0.39,0.1022,none,none,0
510,2026-01-01 12:36:00,CP-016,220.62,220.62,1.45,fault,force_on,284.99,14.52,0.63,iec61850,write_register,68,10.0,43.48,49.08,220.62,215.95,4.67,0.8905,actuator_manipulation,charger_manipulation,1
511,2026-01-01 12:58:00,CP-004,231.52,231.52,2.15,fault,override,648.8,26.75,1.82,ocpp,stop_charging,22,10.16,44.17,54.76,231.52,233.8,2.28,0.9806,actuator_manipulation,charger_manipulation,1
512,2026-01-01 01:06:00,CP-001,237.98,237.84,0.06,off,none,37.1,12.11,0.44,iec61850,set_power_limit,5,15.14,65.83,30.61,237.98,237.48,0.5,0.1691,none,none,0
513,2026-01-01 12:01:00,CP-015,36.57,239.33,84.72,transitioning,write_register,29.47,11.14,0.88,dnp3,read_register,47,0.85,3.7,40.76,36.57,239.33,202.76,0.6213,false_data_injection,state_injection,1
514,2026-01-01 11:53:00,CP-020,228.67,228.67,6.46,on,reset_device,101.83,458.02,13.63,ocpp,read_register,88,15.94,69.3,23.54,228.67,225.93,2.74,0.8481,scada_attack,replay_attack,1
515,2026-01-01 14:00:00,CP-007,14.27,230.06,93.8,off,write_register,16.42,73.67,2.82,dnp3,read_register,69,2.06,8.96,51.81,14.27,230.06,215.79,0.7948,false_data_injection,state_injection,1
516,2026-01-01 14:25:00,CP-012,239.27,239.27,0.0,off,none,14.94,38.28,0.94,ocpp,write_register,76,0.43,1.87,29.64,239.27,237.54,1.73,0.8547,sensor_spoofing,current_spoof,1
517,2026-01-01 04:46:00,CP-001,236.99,237.52,0.22,off,none,40.77,14.57,0.04,iec61850,set_power_limit,9,11.97,52.04,39.38,236.99,236.72,0.27,0.0447,none,none,0
518,2026-01-01 04:50:00,CP-003,230.33,229.84,0.21,on,none,30.65,20.88,0.87,dnp3,stop_charging,10,3.13,13.61,42.05,230.33,230.21,0.12,0.046,none,none,0
519,2026-01-01 02:24:00,CP-014,227.49,229.06,0.69,off,none,44.78,45.8,0.38,ocpp,start_charging,2,6.39,27.78,33.43,227.49,227.55,0.06,0.1456,none,none,0
520,2026-01-01 09:49:00,CP-016,226.16,228.11,0.85,on,none,26.35,6.75,0.92,dnp3,set_power_limit,3,6.69,29.09,30.91,226.16,225.67,0.49,0.1826,none,none,0
521,2026-01-01 10:37:00,CP-009,239.89,238.88,0.42,off,none,17.94,36.79,0.81,ocpp,write_register,10,14.95,65.0,23.72,239.89,239.13,0.76,0.0803,none,none,0
522,2026-01-01 16:23:00,CP-009,229.33,229.33,8.82,fault,reset_device,237.11,120.54,19.22,modbus,start_charging,67,11.84,51.48,21.86,229.33,228.98,0.35,0.7546,scada_attack,protocol_manipulation,1
523,2026-01-01 13:59:00,CP-013,4.87,227.07,97.86,off,none,10.78,36.7,0.21,iec61850,start_charging,67,0.07,0.3,34.96,4.87,3.69,1.18,0.8232,sensor_spoofing,power_spoof,1
524,2026-01-01 04:56:00,CP-014,230.44,229.92,0.23,on,none,37.91,24.3,0.94,dnp3,stop_charging,6,14.19,61.7,38.53,230.44,230.96,0.52,0.1393,none,none,0
525,2026-01-01 07:49:00,CP-015,225.36,225.91,0.24,off,none,47.39,37.7,0.06,ocpp,start_charging,8,5.81,25.26,23.76,225.36,225.73,0.37,0.0601,none,none,0
526,2026-01-01 01:01:00,CP-014,220.87,221.85,0.44,off,none,25.44,34.87,0.82,ocpp,stop_charging,1,5.4,23.48,44.13,220.87,220.53,0.34,0.0201,none,none,0
527,2026-01-01 01:02:00,CP-015,221.99,223.63,0.73,on,none,38.9,23.45,0.65,ocpp,read_register,8,17.85,77.61,26.63,221.99,222.24,0.25,0.0795,none,none,0
528,2026-01-01 16:02:00,CP-002,227.87,227.87,4.03,unknown,bypass,869.06,32.24,1.84,dnp3,set_power_limit,82,11.83,51.43,33.51,227.87,231.58,3.71,0.8754,actuator_manipulation,breaker_manipulation,1
529,2026-01-01 12:11:00,CP-009,233.95,233.95,4.17,fault,reset_device,62.59,282.83,13.46,modbus,set_power_limit,58,5.04,21.91,21.19,233.95,235.45,1.5,0.8629,scada_attack,protocol_manipulation,1
530,2026-01-01 07:23:00,CP-005,225.25,227.07,0.8,off,none,14.97,34.97,0.29,ocpp,stop_charging,4,3.54,15.39,39.12,225.25,225.24,0.01,0.1941,none,none,0
531,2026-01-01 12:22:00,CP-002,224.5,224.5,4.78,off,reset_device,469.06,110.54,16.73,ocpp,set_power_limit,97,9.65,41.96,50.11,224.5,226.32,1.82,0.8952,scada_attack,replay_attack,1
532,2026-01-01 04:18:00,CP-017,230.46,231.26,0.35,on,none,27.31,37.7,0.48,dnp3,write_register,9,19.95,86.74,35.32,230.46,229.48,0.98,0.1869,none,none,0
533,2026-01-01 11:01:00,CP-016,239.15,240.83,0.7,on,none,46.45,21.24,0.85,ocpp,start_charging,8,5.74,24.96,41.33,239.15,240.09,0.94,0.1826,none,none,0
534,2026-01-01 07:27:00,CP-017,225.63,226.75,0.49,off,none,23.61,45.99,0.1,ocpp,set_power_limit,4,18.8,81.74,39.88,225.63,225.75,0.12,0.1379,none,none,0
535,2026-01-01 14:56:00,CP-013,15.08,231.09,93.47,on,write_register,28.76,15.39,0.69,dnp3,write_register,30,2.29,9.96,48.22,15.08,231.09,216.01,0.6967,false_data_injection,register_injection,1
536,2026-01-01 08:20:00,CP-010,226.28,227.18,0.4,off,none,34.95,16.93,0.97,ocpp,write_register,3,4.49,19.52,44.55,226.28,225.8,0.48,0.1347,none,none,0
537,2026-01-01 08:21:00,CP-014,230.69,228.71,0.87,on,none,10.53,34.51,0.46,dnp3,set_power_limit,8,8.75,38.04,40.33,230.69,230.92,0.23,0.1381,none,none,0
538,2026-01-01 04:08:00,CP-002,225.96,225.12,0.37,off,none,27.35,35.91,0.13,dnp3,start_charging,4,6.13,26.65,42.67,225.96,226.58,0.62,0.0038,none,none,0
539,2026-01-01 16:05:00,CP-010,32.12,233.72,86.26,off,write_register,41.92,60.27,0.52,iec61850,reset_device,51,0.62,2.7,47.65,32.12,233.72,201.6,0.9322,false_data_injection,state_injection,1
540,2026-01-01 13:15:00,CP-010,227.01,227.01,2.84,transitioning,force_on,652.95,25.84,0.23,modbus,write_register,31,9.49,41.26,26.5,227.01,227.92,0.91,0.9863,actuator_manipulation,charger_manipulation,1
541,2026-01-01 12:50:00,CP-006,3.16,233.76,98.65,on,none,35.51,26.79,0.66,ocpp,start_charging,49,2.63,11.43,43.38,3.16,3.06,0.1,0.852,sensor_spoofing,power_spoof,1
542,2026-01-01 13:51:00,CP-004,221.34,221.34,2.67,transitioning,force_on,976.35,7.52,1.13,ocpp,write_register,52,13.51,58.74,47.9,221.34,218.17,3.17,0.9745,actuator_manipulation,charger_manipulation,1
543,2026-01-01 13:02:00,CP-006,169.58,222.43,23.76,fault,override,1362.6,372.83,22.52,dnp3,write_register,90,35.45,154.13,20.32,169.58,245.96,76.38,0.9983,combined_attack,multi_vector,1
544,2026-01-01 16:20:00,CP-020,281.16,239.66,17.32,off,none,32.01,37.68,0.89,dnp3,reset_device,86,1.06,4.61,41.19,281.16,283.34,2.18,0.8997,sensor_spoofing,voltage_spoof,1
545,2026-01-01 07:34:00,CP-013,228.48,228.54,0.03,off,none,14.51,49.31,0.12,modbus,set_power_limit,3,12.42,54.0,29.03,228.48,228.06,0.42,0.1444,none,none,0
546,2026-01-01 04:41:00,CP-013,230.74,232.53,0.77,off,none,18.4,38.36,0.73,ocpp,stop_charging,9,5.71,24.83,24.6,230.74,230.97,0.23,0.0505,none,none,0
547,2026-01-01 08:51:00,CP-017,227.7,226.16,0.68,on,none,22.73,29.89,0.07,modbus,stop_charging,4,20.36,88.52,20.47,227.7,227.81,0.11,0.1172,none,none,0
548,2026-01-01 06:27:00,CP-020,235.43,234.95,0.2,off,none,35.8,7.77,0.22,ocpp,set_power_limit,1,17.38,75.57,36.52,235.43,235.34,0.09,0.0583,none,none,0
549,2026-01-01 07:00:00,CP-019,231.6,231.28,0.14,off,none,19.2,9.96,0.23,ocpp,stop_charging,4,10.14,44.09,25.52,231.6,231.54,0.06,0.0969,none,none,0
550,2026-01-01 05:32:00,CP-018,233.94,232.7,0.53,on,none,31.74,19.57,0.47,ocpp,read_register,9,5.95,25.87,27.39,233.94,233.47,0.47,0.0734,none,none,0
551,2026-01-01 12:28:00,CP-013,221.19,221.19,1.92,fault,override,507.73,7.0,0.41,ocpp,reset_device,75,19.24,83.65,38.64,221.19,222.79,1.6,0.6125,actuator_manipulation,relay_manipulation,1
552,2026-01-01 11:08:00,CP-002,224.81,223.15,0.74,on,none,32.55,40.56,0.05,iec61850,read_register,5,3.16,13.74,28.92,224.81,224.37,0.44,0.0796,none,none,0
553,2026-01-01 02:30:00,CP-007,226.61,224.93,0.75,off,none,43.89,9.16,0.72,ocpp,read_register,5,10.17,44.22,35.12,226.61,225.69,0.92,0.0146,none,none,0
554,2026-01-01 02:27:00,CP-002,222.8,224.77,0.88,on,none,42.63,37.92,0.32,iec61850,write_register,5,19.65,85.43,44.64,222.8,222.84,0.04,0.0827,none,none,0
555,2026-01-01 07:37:00,CP-006,221.29,223.19,0.85,off,none,18.01,42.98,0.4,ocpp,stop_charging,8,8.29,36.04,37.84,221.29,221.45,0.16,0.0546,none,none,0
556,2026-01-01 03:31:00,CP-011,222.45,224.22,0.79,on,none,16.72,30.82,0.82,dnp3,stop_charging,1,10.27,44.65,30.67,222.45,222.16,0.29,0.1817,none,none,0
557,2026-01-01 05:49:00,CP-010,220.27,221.05,0.35,on,none,22.2,26.2,0.33,ocpp,write_register,9,12.94,56.26,26.47,220.27,220.24,0.03,0.146,none,none,0
558,2026-01-01 10:28:00,CP-013,220.28,219.04,0.57,on,none,38.57,36.62,0.75,ocpp,set_power_limit,10,3.8,16.52,31.22,220.28,219.62,0.66,0.186,none,none,0
559,2026-01-01 07:03:00,CP-017,229.78,231.76,0.85,off,none,43.48,17.56,0.73,ocpp,write_register,6,11.25,48.91,25.56,229.78,230.63,0.85,0.1893,none,none,0
560,2026-01-01 14:21:00,CP-010,49.37,226.14,78.17,on,write_register,48.65,97.31,0.55,ocpp,write_register,48,2.33,10.13,26.95,49.37,226.14,176.77,0.8978,false_data_injection,measurement_injection,1
561,2026-01-01 01:53:00,CP-009,235.5,236.32,0.35,on,none,49.85,17.85,0.92,dnp3,write_register,2,5.58,24.26,21.85,235.5,234.85,0.65,0.1427,none,none,0
562,2026-01-01 03:35:00,CP-002,235.28,237.07,0.76,off,none,24.19,42.77,0.85,ocpp,write_register,10,9.04,39.3,38.45,235.28,235.0,0.28,0.1183,none,none,0
563,2026-01-01 15:02:00,CP-013,227.36,227.36,4.03,fault,force_on,567.95,36.98,1.08,ocpp,stop_charging,36,3.4,14.78,49.4,227.36,225.89,1.47,0.9768,actuator_manipulation,relay_manipulation,1
564,2026-01-01 01:55:00,CP-017,224.48,226.42,0.86,on,none,19.47,27.23,0.36,iec61850,stop_charging,9,5.47,23.78,42.11,224.48,223.61,0.87,0.0796,none,none,0
565,2026-01-01 11:00:00,CP-008,227.69,228.01,0.14,off,none,31.08,39.95,0.81,ocpp,read_register,4,9.87,42.91,25.08,227.69,228.39,0.7,0.0725,none,none,0
566,2026-01-01 14:42:00,CP-018,104.24,237.25,56.06,unknown,bypass,443.62,589.81,22.28,dnp3,reset_device,40,43.31,188.3,28.71,104.24,275.3,171.06,0.9035,combined_attack,fdi_plus_scada,1
567,2026-01-01 02:16:00,CP-010,237.53,235.57,0.83,on,none,47.14,20.08,0.45,dnp3,write_register,9,11.89,51.7,24.82,237.53,236.76,0.77,0.0325,none,none,0
568,2026-01-01 15:22:00,CP-005,220.28,220.28,6.62,off,reset_device,316.82,173.56,6.42,dnp3,stop_charging,39,18.04,78.43,29.48,220.28,217.26,3.02,0.7989,scada_attack,protocol_manipulation,1
569,2026-01-01 01:13:00,CP-002,226.09,226.06,0.01,on,none,19.39,29.19,0.39,iec61850,set_power_limit,7,14.16,61.57,38.16,226.09,226.86,0.77,0.131,none,none,0
570,2026-01-01 00:47:00,CP-009,234.49,236.4,0.81,off,none,49.22,42.47,0.3,iec61850,write_register,5,3.27,14.22,33.35,234.49,234.04,0.45,0.1949,none,none,0
571,2026-01-01 09:47:00,CP-016,220.4,219.93,0.21,on,none,40.35,46.47,0.6,ocpp,set_power_limit,3,7.89,34.3,31.59,220.4,220.31,0.09,0.075,none,none,0
572,2026-01-01 15:30:00,CP-014,229.3,229.3,0.0,on,none,27.87,22.19,0.16,dnp3,update_firmware,60,0.32,1.39,90.94,229.3,227.06,2.24,0.8825,sensor_spoofing,temperature_spoof,1
573,2026-01-01 10:47:00,CP-005,225.41,226.57,0.51,on,none,49.58,14.45,0.12,iec61850,set_power_limit,6,9.17,39.87,43.66,225.41,226.18,0.77,0.0528,none,none,0
574,2026-01-01 02:15:00,CP-019,224.64,225.59,0.42,on,none,46.53,12.88,0.88,ocpp,read_register,7,17.97,78.13,24.66,224.64,225.14,0.5,0.1745,none,none,0
575,2026-01-01 04:14:00,CP-006,237.48,238.89,0.59,off,none,42.06,19.07,0.74,modbus,read_register,1,19.19,83.43,36.58,237.48,236.82,0.66,0.0715,none,none,0
576,2026-01-01 11:56:00,CP-003,24.09,235.21,89.76,fault,write_register,33.33,51.39,0.74,modbus,read_register,22,1.7,7.39,54.66,24.09,235.21,211.12,0.9341,false_data_injection,state_injection,1
577,2026-01-01 03:08:00,CP-006,228.83,226.83,0.88,off,none,18.09,35.99,0.13,iec61850,write_register,5,4.77,20.74,29.01,228.83,227.99,0.84,0.1329,none,none,0
578,2026-01-01 02:11:00,CP-010,235.42,236.24,0.35,off,none,22.68,20.7,0.93,iec61850,start_charging,2,13.9,60.43,33.58,235.42,236.21,0.79,0.0789,none,none,0
579,2026-01-01 04:19:00,CP-017,236.98,238.39,0.59,on,none,12.99,27.12,0.24,iec61850,read_register,9,7.23,31.43,36.08,236.98,236.79,0.19,0.047,none,none,0
580,2026-01-01 03:15:00,CP-016,239.09,240.17,0.45,on,none,33.49,5.62,0.22,modbus,stop_charging,9,8.44,36.7,37.82,239.09,239.62,0.53,0.0847,none,none,0
581,2026-01-01 10:30:00,CP-018,237.02,238.45,0.6,off,none,21.97,18.21,0.21,dnp3,write_register,5,20.65,89.78,43.98,237.02,237.05,0.03,0.1787,none,none,0
582,2026-01-01 01:57:00,CP-005,228.65,230.29,0.71,on,none,43.26,28.31,0.3,ocpp,start_charging,4,9.57,41.61,43.52,228.65,229.44,0.79,0.1692,none,none,0
583,2026-01-01 00:01:00,CP-018,223.98,224.58,0.27,off,none,18.82,31.52,0.81,modbus,write_register,7,9.46,41.13,23.89,223.98,224.89,0.91,0.0673,none,none,0
584,2026-01-01 08:29:00,CP-006,223.49,224.93,0.64,on,none,42.27,20.2,0.11,ocpp,read_register,9,7.26,31.57,26.45,223.49,223.17,0.32,0.071,none,none,0
585,2026-01-01 04:21:00,CP-020,239.26,239.81,0.23,on,none,36.18,25.53,0.34,modbus,write_register,8,9.31,40.48,39.19,239.26,239.46,0.2,0.1433,none,none,0
586,2026-01-01 10:45:00,CP-017,227.68,228.8,0.49,off,none,34.29,14.31,0.0,ocpp,set_power_limit,1,19.7,85.65,39.77,227.68,227.59,0.09,0.1416,none,none,0
587,2026-01-01 02:07:00,CP-017,230.65,231.48,0.36,off,none,29.0,5.75,0.33,modbus,stop_charging,10,8.85,38.48,42.47,230.65,231.39,0.74,0.1259,none,none,0
588,2026-01-01 04:15:00,CP-015,239.1,238.17,0.39,on,none,24.9,20.42,0.11,dnp3,stop_charging,5,18.88,82.09,37.25,239.1,239.06,0.04,0.0843,none,none,0
589,2026-01-01 15:41:00,CP-007,183.49,237.61,22.78,off,none,44.79,31.09,0.56,iec61850,read_register,92,1.44,6.26,45.6,183.49,180.02,3.47,0.6261,sensor_spoofing,voltage_spoof,1
590,2026-01-01 15:20:00,CP-020,234.54,234.54,0.0,off,none,39.69,26.62,0.5,dnp3,start_charging,89,3.0,13.04,87.61,234.54,235.41,0.87,0.6171,sensor_spoofing,temperature_spoof,1
591,2026-01-01 11:34:00,CP-001,228.27,228.22,0.02,on,none,18.41,23.9,0.89,dnp3,write_register,3,8.68,37.74,42.59,228.27,228.59,0.32,0.1262,none,none,0
592,2026-01-01 06:54:00,CP-011,222.42,223.16,0.33,on,none,22.86,48.41,0.21,modbus,set_power_limit,3,9.37,40.74,23.02,222.42,221.7,0.72,0.083,none,none,0
593,2026-01-01 12:02:00,CP-010,0.25,227.05,99.89,on,none,24.01,17.75,0.86,ocpp,read_register,54,0.43,1.87,45.66,0.25,-0.43,0.68,0.9673,sensor_spoofing,power_spoof,1
594,2026-01-01 05:52:00,CP-020,230.63,229.38,0.54,off,none,32.43,37.06,0.04,iec61850,start_charging,8,10.47,45.52,23.93,230.63,230.32,0.31,0.0704,none,none,0
595,2026-01-01 16:22:00,CP-001,28.0,235.5,88.11,unknown,write_register,41.62,76.18,1.95,iec61850,stop_charging,51,0.43,1.87,51.52,28.0,235.5,207.5,0.9615,false_data_injection,measurement_injection,1
596,2026-01-01 09:00:00,CP-019,233.44,233.85,0.18,on,none,12.61,10.77,0.07,iec61850,set_power_limit,4,19.74,85.83,38.22,233.44,232.99,0.45,0.1695,none,none,0
597,2026-01-01 03:17:00,CP-003,226.2,225.95,0.11,on,none,12.32,8.88,0.43,dnp3,set_power_limit,10,4.05,17.61,36.65,226.2,226.52,0.32,0.0351,none,none,0
598,2026-01-01 13:13:00,CP-002,237.16,237.16,4.26,transitioning,force_on,466.13,35.24,1.8,ocpp,set_power_limit,66,8.27,35.96,38.07,237.16,241.57,4.41,0.7613,actuator_manipulation,relay_manipulation,1
599,2026-01-01 16:19:00,CP-002,223.34,223.34,8.47,off,inject_command,425.43,329.55,9.19,ocpp,stop_charging,42,11.91,51.78,44.86,223.34,225.47,2.13,0.6648,scada_attack,command_injection,1
600,2026-01-01 15:01:00,CP-015,49.21,229.81,78.59,fault,write_register,29.17,90.36,1.36,iec61850,write_register,38,0.86,3.74,45.58,49.21,229.81,180.6,0.9852,false_data_injection,state_injection,1
601,2026-01-01 01:00:00,CP-019,239.98,239.94,0.02,on,none,27.86,26.8,0.33,dnp3,stop_charging,6,19.52,84.87,44.52,239.98,239.46,0.52,0.0766,none,none,0
602,2026-01-01 04:03:00,CP-018,235.26,233.99,0.54,off,none,36.18,15.0,0.22,iec61850,stop_charging,6,10.06,43.74,34.64,235.26,235.19,0.07,0.0236,none,none,0
603,2026-01-01 15:52:00,CP-002,231.05,231.05,2.26,transitioning,override,275.96,35.77,1.19,modbus,set_power_limit,76,16.38,71.22,22.42,231.05,227.86,3.19,0.7099,actuator_manipulation,breaker_manipulation,1
604,2026-01-01 08:24:00,CP-019,236.59,236.16,0.18,off,none,10.31,33.37,0.71,dnp3,stop_charging,10,14.32,62.26,33.86,236.59,236.17,0.42,0.0975,none,none,0
605,2026-01-01 13:39:00,CP-004,162.2,223.57,27.45,unknown,bypass,790.22,488.08,18.36,iec61850,start_charging,66,40.76,177.22,43.25,162.2,264.18,101.98,0.8532,combined_attack,fdi_plus_scada,1
606,2026-01-01 11:06:00,CP-008,227.85,229.14,0.56,on,none,42.66,26.08,0.31,dnp3,stop_charging,3,4.04,17.57,29.29,227.85,227.7,0.15,0.054,none,none,0
607,2026-01-01 04:39:00,CP-017,222.12,223.27,0.52,off,none,34.26,17.67,0.93,dnp3,stop_charging,1,12.01,52.22,33.34,222.12,221.39,0.73,0.0782,none,none,0
608,2026-01-01 08:55:00,CP-009,237.57,236.41,0.49,off,none,45.36,47.54,0.64,dnp3,start_charging,4,15.58,67.74,28.04,237.57,236.99,0.58,0.1918,none,none,0
609,2026-01-01 00:05:00,CP-011,236.86,237.96,0.46,on,none,42.87,41.23,0.4,modbus,write_register,10,19.65,85.43,27.87,236.86,237.17,0.31,0.0791,none,none,0
610,2026-01-01 15:43:00,CP-015,298.09,237.47,25.53,on,none,38.62,38.41,0.29,modbus,set_power_limit,67,1.37,5.96,36.54,298.09,294.73,3.36,0.8634,sensor_spoofing,voltage_spoof,1
611,2026-01-01 15:04:00,CP-020,230.96,230.96,2.04,transitioning,bypass,370.81,11.36,0.22,dnp3,start_charging,99,17.52,76.17,34.42,230.96,227.95,3.01,0.7351,actuator_manipulation,breaker_manipulation,1
612,2026-01-01 08:41:00,CP-017,235.58,237.07,0.63,off,none,35.46,49.84,0.69,dnp3,stop_charging,3,5.74,24.96,23.18,235.58,236.0,0.42,0.0259,none,none,0
613,2026-01-01 14:07:00,CP-008,152.29,235.36,35.29,fault,bypass,1410.43,551.96,24.3,ocpp,write_register,38,30.15,131.09,26.36,152.29,256.15,103.86,0.8408,combined_attack,multi_vector,1
614,2026-01-01 02:09:00,CP-011,228.38,228.03,0.15,on,none,26.42,39.87,0.92,modbus,write_register,9,6.94,30.17,28.13,228.38,228.7,0.32,0.1051,none,none,0
615,2026-01-01 03:43:00,CP-004,221.48,220.16,0.6,off,none,16.44,8.38,0.94,modbus,start_charging,10,21.72,94.43,42.33,221.48,221.89,0.41,0.0863,none,none,0
616,2026-01-01 08:01:00,CP-009,223.47,223.84,0.17,off,none,41.98,13.94,0.41,ocpp,stop_charging,7,20.95,91.09,42.11,223.47,222.92,0.55,0.1896,none,none,0
617,2026-01-01 16:40:00,CP-019,20.02,237.38,91.57,on,write_register,29.48,98.9,0.44,ocpp,write_register,85,1.81,7.87,53.5,20.02,237.38,217.36,0.9629,false_data_injection,register_injection,1
618,2026-01-01 15:37:00,CP-009,233.01,233.01,4.46,unknown,update_firmware,142.07,145.08,10.81,modbus,reset_device,46,11.58,50.35,27.0,233.01,233.71,0.7,0.8989,scada_attack,command_injection,1
619,2026-01-01 09:42:00,CP-002,222.75,222.74,0.0,on,none,16.07,14.2,0.04,dnp3,start_charging,3,8.28,36.0,36.09,222.75,223.27,0.52,0.1042,none,none,0
620,2026-01-01 11:21:00,CP-020,223.97,224.86,0.4,on,none,22.95,49.39,0.94,iec61850,read_register,3,20.03,87.09,43.35,223.97,223.97,0.0,0.0633,none,none,0
621,2026-01-01 02:52:00,CP-003,222.19,221.18,0.46,off,none,16.65,32.57,0.56,dnp3,start_charging,7,5.01,21.78,22.47,222.19,221.63,0.56,0.1494,none,none,0
622,2026-01-01 05:42:00,CP-008,224.66,225.9,0.55,on,none,32.82,30.61,0.22,modbus,start_charging,8,6.29,27.35,40.64,224.66,225.04,0.38,0.1152,none,none,0
623,2026-01-01 01:23:00,CP-004,227.0,227.23,0.1,on,none,40.5,30.83,0.81,modbus,set_power_limit,5,3.55,15.43,26.83,227.0,227.52,0.52,0.1843,none,none,0
624,2026-01-01 04:13:00,CP-019,233.38,231.98,0.6,on,none,41.18,8.38,0.72,iec61850,write_register,8,21.78,94.7,27.4,233.38,233.31,0.07,0.02,none,none,0
625,2026-01-01 12:05:00,CP-015,238.7,238.7,2.34,unknown,override,536.4,23.46,0.06,modbus,update_firmware,73,16.54,71.91,23.1,238.7,235.11,3.59,0.9627,actuator_manipulation,charger_manipulation,1
626,2026-01-01 15:27:00,CP-017,0.41,235.0,99.83,off,none,28.51,45.52,0.95,iec61850,read_register,77,1.17,5.09,26.76,0.41,3.11,2.7,0.8848,sensor_spoofing,power_spoof,1
627,2026-01-01 02:42:00,CP-006,231.28,231.55,0.12,off,none,37.08,29.33,0.38,ocpp,read_register,9,17.16,74.61,28.65,231.28,230.48,0.8,0.0464,none,none,0
628,2026-01-01 14:23:00,CP-005,103.91,228.48,54.52,unknown,inject_command,767.73,384.79,18.43,dnp3,stop_charging,61,28.4,123.48,52.84,103.91,248.49,144.58,0.7005,combined_attack,multi_vector,1
629,2026-01-01 16:12:00,CP-013,116.41,220.46,47.2,unknown,inject_command,1247.51,385.77,16.44,dnp3,set_power_limit,98,34.7,150.87,35.48,116.41,246.62,130.21,0.6578,combined_attack,fdi_plus_scada,1
630,2026-01-01 14:09:00,CP-015,4.27,220.51,98.06,on,none,25.22,25.11,0.4,ocpp,update_firmware,68,1.77,7.7,24.36,4.27,8.96,4.69,0.8027,sensor_spoofing,power_spoof,1
631,2026-01-01 06:55:00,CP-012,231.07,230.82,0.11,on,none,15.33,40.6,0.63,dnp3,write_register,1,19.71,85.7,22.02,231.07,230.08,0.99,0.1852,none,none,0
632,2026-01-01 16:33:00,CP-020,25.07,223.18,88.77,on,write_register,14.03,12.82,2.21,ocpp,set_power_limit,74,1.48,6.43,23.23,25.07,223.18,198.11,0.988,false_data_injection,measurement_injection,1
633,2026-01-01 08:00:00,CP-005,220.06,218.86,0.55,off,none,22.55,8.7,0.16,ocpp,set_power_limit,7,18.06,78.52,27.98,220.06,220.02,0.04,0.147,none,none,0
634,2026-01-01 00:43:00,CP-018,235.49,235.35,0.06,off,none,22.89,16.05,0.93,iec61850,stop_charging,4,17.26,75.04,34.25,235.49,235.83,0.34,0.0673,none,none,0
635,2026-01-01 08:08:00,CP-005,221.79,222.63,0.38,off,none,15.67,10.26,0.04,ocpp,stop_charging,5,17.21,74.83,43.16,221.79,221.36,0.43,0.1754,none,none,0
636,2026-01-01 11:45:00,CP-004,226.02,226.02,3.46,on,inject_command,398.58,297.53,5.71,iec61850,reset_device,78,9.03,39.26,37.27,226.02,227.43,1.41,0.9642,scada_attack,replay_attack,1
637,2026-01-01 16:07:00,CP-007,229.1,229.1,2.92,unknown,override,359.35,7.29,0.86,dnp3,set_power_limit,33,21.83,94.91,36.67,229.1,227.97,1.13,0.6478,actuator_manipulation,breaker_manipulation,1
638,2026-01-01 10:02:00,CP-006,235.07,235.71,0.27,on,none,14.22,49.7,0.03,iec61850,stop_charging,5,7.19,31.26,26.44,235.07,235.02,0.05,0.1795,none,none,0
639,2026-01-01 01:36:00,CP-013,222.58,223.42,0.38,on,none,22.38,21.95,0.79,ocpp,set_power_limit,2,15.27,66.39,30.59,222.58,222.3,0.28,0.0725,none,none,0
640,2026-01-01 13:47:00,CP-015,233.99,233.99,2.97,fault,force_off,617.42,6.17,1.76,iec61850,reset_device,57,13.8,60.0,30.73,233.99,236.15,2.16,0.8271,actuator_manipulation,breaker_manipulation,1
641,2026-01-01 14:41:00,CP-001,110.67,228.62,51.59,unknown,override,1094.16,289.42,23.94,iec61850,start_charging,49,39.25,170.65,50.66,110.67,277.01,166.34,0.6577,combined_attack,fdi_plus_scada,1
642,2026-01-01 00:53:00,CP-010,228.78,228.65,0.06,off,none,37.99,47.42,0.5,dnp3,stop_charging,2,14.36,62.43,42.24,228.78,229.25,0.47,0.1207,none,none,0
643,2026-01-01 04:35:00,CP-002,233.65,232.93,0.31,on,none,25.44,29.31,0.28,iec61850,set_power_limit,9,11.47,49.87,21.1,233.65,234.45,0.8,0.0385,none,none,0
644,2026-01-01 11:10:00,CP-016,231.73,233.14,0.6,off,none,16.45,35.71,0.08,modbus,write_register,4,18.34,79.74,36.36,231.73,232.27,0.54,0.0322,none,none,0
645,2026-01-01 14:20:00,CP-018,221.93,221.93,7.63,transitioning,reset_device,401.88,270.61,5.38,ocpp,read_register,49,19.27,83.78,54.13,221.93,225.23,3.3,0.6481,scada_attack,replay_attack,1
646,2026-01-01 07:10:00,CP-004,229.4,229.53,0.06,off,none,28.08,21.57,0.67,modbus,write_register,8,4.66,20.26,29.77,229.4,228.76,0.64,0.1917,none,none,0
647,2026-01-01 11:50:00,CP-011,229.08,229.08,2.52,fault,force_off,933.36,22.35,0.9,ocpp,update_firmware,71,5.93,25.78,26.58,229.08,226.86,2.22,0.6657,actuator_manipulation,charger_manipulation,1
648,2026-01-01 15:08:00,CP-004,133.21,238.02,44.03,unknown,override,974.0,432.91,24.0,iec61850,reset_device,51,49.4,214.78,43.24,133.21,262.42,129.21,0.778,combined_attack,sensor_plus_actuator,1
649,2026-01-01 06:53:00,CP-004,229.12,227.8,0.58,on,none,42.71,9.78,0.5,ocpp,read_register,4,11.1,48.26,40.29,229.12,230.08,0.96,0.1357,none,none,0
650,2026-01-01 11:15:00,CP-002,232.41,232.99,0.25,on,none,37.99,30.24,0.15,modbus,start_charging,7,6.01,26.13,29.98,232.41,231.56,0.85,0.0776,none,none,0
651,2026-01-01 12:41:00,CP-002,233.8,233.8,1.32,unknown,update_firmware,456.92,241.75,11.03,ocpp,reset_device,57,21.81,94.83,24.17,233.8,237.77,3.97,0.9593,scada_attack,command_injection,1
652,2026-01-01 14:34:00,CP-009,226.74,226.74,3.61,off,reset_device,195.24,144.59,13.73,iec61850,update_firmware,91,11.32,49.22,38.84,226.74,225.72,1.02,0.8783,scada_attack,protocol_manipulation,1
653,2026-01-01 05:04:00,CP-018,225.69,227.01,0.58,off,none,23.9,41.7,0.23,ocpp,stop_charging,7,13.92,60.52,26.53,225.69,225.5,0.19,0.0213,none,none,0
654,2026-01-01 14:53:00,CP-011,43.51,236.53,81.6,on,write_register,16.24,61.88,1.87,iec61850,stop_charging,93,2.13,9.26,51.57,43.51,236.53,193.02,0.7239,false_data_injection,measurement_injection,1
655,2026-01-01 09:51:00,CP-005,225.23,225.05,0.08,on,none,20.17,32.1,0.95,ocpp,read_register,2,17.65,76.74,36.11,225.23,226.06,0.83,0.0795,none,none,0
656,2026-01-01 09:22:00,CP-009,220.17,219.37,0.36,off,none,41.33,23.17,0.41,modbus,stop_charging,9,21.8,94.78,43.79,220.17,220.9,0.73,0.0455,none,none,0
657,2026-01-01 14:18:00,CP-002,220.96,220.96,1.82,off,inject_command,65.35,417.91,7.43,iec61850,read_register,93,6.76,29.39,36.83,220.96,224.54,3.58,0.6751,scada_attack,replay_attack,1
658,2026-01-01 09:14:00,CP-001,223.52,222.57,0.43,on,none,10.84,35.49,0.38,modbus,start_charging,4,8.8,38.26,26.0,223.52,224.14,0.62,0.1322,none,none,0
659,2026-01-01 09:23:00,CP-007,229.49,229.55,0.03,off,none,38.9,25.76,0.79,iec61850,write_register,7,17.63,76.65,37.45,229.49,228.91,0.58,0.09,none,none,0
660,2026-01-01 05:18:00,CP-008,233.24,235.0,0.75,on,none,18.42,22.87,0.1,dnp3,set_power_limit,1,3.5,15.22,29.93,233.24,233.77,0.53,0.0167,none,none,0
661,2026-01-01 04:43:00,CP-016,239.03,238.46,0.24,on,none,14.0,32.88,0.9,iec61850,stop_charging,8,9.24,40.17,36.49,239.03,239.42,0.39,0.0305,none,none,0
662,2026-01-01 00:50:00,CP-017,227.61,229.24,0.71,off,none,44.41,49.55,0.31,modbus,set_power_limit,2,21.0,91.3,25.19,227.61,227.03,0.58,0.1321,none,none,0
663,2026-01-01 03:57:00,CP-003,225.7,225.25,0.2,on,none,44.15,40.09,0.21,ocpp,write_register,4,8.11,35.26,30.24,225.7,224.74,0.96,0.1561,none,none,0
664,2026-01-01 01:20:00,CP-004,237.06,237.66,0.25,on,none,27.2,44.96,0.41,dnp3,stop_charging,7,16.86,73.3,27.81,237.06,236.69,0.37,0.051,none,none,0
665,2026-01-01 09:56:00,CP-019,224.7,224.64,0.03,on,none,10.38,16.97,0.96,modbus,read_register,4,12.92,56.17,20.18,224.7,224.91,0.21,0.1974,none,none,0
666,2026-01-01 12:45:00,CP-012,222.37,222.37,2.19,fault,bypass,951.36,16.67,1.21,modbus,write_register,55,8.2,35.65,24.94,222.37,219.44,2.93,0.9355,actuator_manipulation,relay_manipulation,1
667,2026-01-01 09:50:00,CP-012,230.19,230.14,0.02,off,none,37.86,34.29,0.93,ocpp,write_register,8,3.66,15.91,40.33,230.19,230.45,0.26,0.1353,none,none,0
668,2026-01-01 03:07:00,CP-007,229.89,229.18,0.31,off,none,23.51,31.01,0.57,dnp3,start_charging,1,3.87,16.83,35.65,229.89,230.56,0.67,0.0033,none,none,0
669,2026-01-01 02:06:00,CP-011,236.08,236.16,0.03,on,none,34.25,28.2,0.33,iec61850,write_register,7,21.82,94.87,38.48,236.08,235.68,0.4,0.0673,none,none,0
670,2026-01-01 05:25:00,CP-001,223.72,222.13,0.72,off,none,15.0,24.73,0.01,modbus,write_register,1,12.38,53.83,28.55,223.72,223.34,0.38,0.1599,none,none,0
671,2026-01-01 05:41:00,CP-011,220.43,221.72,0.58,off,none,46.76,28.01,0.57,ocpp,read_register,1,11.75,51.09,23.9,220.43,219.96,0.47,0.1779,none,none,0
672,2026-01-01 04:30:00,CP-002,238.53,238.08,0.19,off,none,48.63,7.42,0.74,ocpp,set_power_limit,8,18.77,81.61,42.79,238.53,238.94,0.41,0.1295,none,none,0
673,2026-01-01 01:37:00,CP-006,239.02,238.39,0.26,off,none,17.68,50.0,0.15,iec61850,read_register,9,17.65,76.74,40.88,239.02,239.79,0.77,0.0075,none,none,0
674,2026-01-01 13:38:00,CP-005,134.52,223.33,39.77,fault,inject_command,967.73,370.84,14.69,ocpp,stop_charging,97,48.72,211.83,24.32,134.52,255.2,120.68,0.6845,combined_attack,multi_vector,1
675,2026-01-01 06:11:00,CP-004,220.48,220.98,0.23,on,none,39.5,14.33,0.62,dnp3,stop_charging,1,9.34,40.61,34.01,220.48,220.76,0.28,0.0023,none,none,0
676,2026-01-01 01:42:00,CP-012,224.72,226.7,0.87,off,none,18.98,19.34,0.1,iec61850,write_register,3,3.73,16.22,42.93,224.72,224.66,0.06,0.1662,none,none,0
677,2026-01-01 10:13:00,CP-003,235.55,237.01,0.62,off,none,21.01,34.39,0.37,modbus,read_register,2,5.32,23.13,36.04,235.55,236.37,0.82,0.045,none,none,0
678,2026-01-01 10:17:00,CP-009,237.03,235.17,0.79,on,none,30.25,21.36,0.54,dnp3,read_register,4,8.71,37.87,43.66,237.03,237.07,0.04,0.1566,none,none,0
679,2026-01-01 08:57:00,CP-003,230.77,232.34,0.68,off,none,36.89,20.88,0.81,iec61850,stop_charging,3,18.94,82.35,40.3,230.77,231.74,0.97,0.025,none,none,0
680,2026-01-01 11:41:00,CP-012,222.29,222.29,4.29,off,update_firmware,160.39,186.07,10.57,ocpp,update_firmware,60,18.37,79.87,24.28,222.29,220.48,1.81,0.6044,scada_attack,command_injection,1
681,2026-01-01 01:35:00,CP-011,221.32,219.7,0.74,off,none,21.37,37.57,0.66,ocpp,start_charging,2,14.07,61.17,23.54,221.32,221.02,0.3,0.1935,none,none,0
682,2026-01-01 03:09:00,CP-006,221.04,221.54,0.23,on,none,27.17,9.1,0.1,ocpp,stop_charging,2,5.52,24.0,25.65,221.04,221.4,0.36,0.0019,none,none,0
683,2026-01-01 05:35:00,CP-002,231.42,232.77,0.58,off,none,31.03,36.56,0.26,iec61850,write_register,10,16.64,72.35,20.33,231.42,232.26,0.84,0.1311,none,none,0
684,2026-01-01 15:46:00,CP-019,42.94,236.49,81.84,on,write_register,49.62,56.68,1.56,modbus,start_charging,90,1.99,8.65,25.76,42.94,236.49,193.55,0.6907,false_data_injection,register_injection,1
685,2026-01-01 00:26:00,CP-012,232.83,232.43,0.17,off,none,47.57,10.19,0.97,ocpp,set_power_limit,5,3.73,16.22,34.91,232.83,232.52,0.31,0.1573,none,none,0
686,2026-01-01 00:23:00,CP-010,227.29,229.02,0.76,on,none,45.96,14.45,0.25,modbus,start_charging,9,19.8,86.09,30.16,227.29,227.53,0.24,0.0309,none,none,0
687,2026-01-01 06:56:00,CP-019,237.74,237.4,0.14,off,none,37.69,14.28,0.64,dnp3,stop_charging,4,20.82,90.52,35.26,237.74,236.82,0.92,0.036,none,none,0
688,2026-01-01 11:43:00,CP-003,125.42,228.44,45.1,unknown,override,536.55,511.23,19.97,iec61850,stop_charging,35,28.1,122.17,25.99,125.42,258.25,132.83,0.7531,combined_attack,multi_vector,1
689,2026-01-01 05:15:00,CP-012,220.4,218.88,0.69,on,none,33.07,34.24,0.54,iec61850,start_charging,6,15.79,68.65,32.19,220.4,220.87,0.47,0.1779,none,none,0
690,2026-01-01 08:30:00,CP-002,235.4,235.63,0.1,on,none,44.14,44.32,0.6,modbus,read_register,8,18.18,79.04,44.07,235.4,235.91,0.51,0.1949,none,none,0
691,2026-01-01 11:33:00,CP-019,237.34,235.78,0.66,on,none,14.28,17.71,0.89,modbus,read_register,8,19.05,82.83,42.82,237.34,236.76,0.58,0.0201,none,none,0
692,2026-01-01 06:12:00,CP-007,233.8,232.82,0.42,on,none,22.31,27.8,0.32,modbus,read_register,6,9.49,41.26,38.11,233.8,234.03,0.23,0.0058,none,none,0
693,2026-01-01 15:10:00,CP-011,221.38,221.38,0.0,off,none,37.09,46.25,0.11,ocpp,reset_device,61,0.88,3.83,111.71,221.38,224.25,2.87,0.7419,sensor_spoofing,temperature_spoof,1
694,2026-01-01 01:16:00,CP-007,221.37,222.43,0.48,on,none,33.46,41.59,0.23,ocpp,set_power_limit,1,8.27,35.96,44.6,221.37,222.35,0.98,0.108,none,none,0
695,2026-01-01 07:01:00,CP-014,222.9,224.61,0.76,off,none,17.12,21.81,0.46,ocpp,start_charging,5,6.84,29.74,23.18,222.9,223.28,0.38,0.0119,none,none,0
696,2026-01-01 11:57:00,CP-017,108.0,235.1,54.06,unknown,inject_command,888.79,307.85,20.91,dnp3,start_charging,66,36.47,158.57,48.97,108.0,264.13,156.13,0.7335,combined_attack,sensor_plus_actuator,1
697,2026-01-01 04:47:00,CP-019,234.66,233.82,0.36,off,none,30.04,9.07,0.36,modbus,write_register,10,16.0,69.57,38.93,234.66,233.94,0.72,0.0318,none,none,0
698,2026-01-01 02:36:00,CP-001,228.25,229.62,0.6,on,none,12.72,11.8,0.22,dnp3,start_charging,1,14.74,64.09,36.67,228.25,228.48,0.23,0.0966,none,none,0
699,2026-01-01 06:28:00,CP-020,231.56,230.34,0.53,off,none,21.99,40.75,0.68,dnp3,start_charging,2,14.07,61.17,35.29,231.56,231.58,0.02,0.1695,none,none,0
700,2026-01-01 14:08:00,CP-002,44.82,226.97,80.25,off,write_register,36.33,24.16,0.49,iec61850,write_register,47,2.32,10.09,20.96,44.82,226.97,182.15,0.9511,false_data_injection,state_injection,1
701,2026-01-01 02:20:00,CP-008,224.38,222.91,0.66,on,none,28.2,49.5,0.37,dnp3,set_power_limit,4,17.48,76.0,37.01,224.38,224.57,0.19,0.1575,none,none,0
702,2026-01-01 12:18:00,CP-012,238.0,238.0,4.01,unknown,override,700.38,44.33,1.14,ocpp,update_firmware,86,19.22,83.57,30.44,238.0,234.18,3.82,0.6922,actuator_manipulation,charger_manipulation,1
703,2026-01-01 15:23:00,CP-006,225.55,225.55,3.03,unknown,override,548.09,43.32,0.97,modbus,start_charging,33,6.61,28.74,22.34,225.55,223.78,1.77,0.7907,actuator_manipulation,charger_manipulation,1
704,2026-01-01 00:56:00,CP-018,220.73,219.08,0.75,off,none,22.93,48.66,0.4,modbus,set_power_limit,8,10.85,47.17,24.69,220.73,220.45,0.28,0.1513,none,none,0
705,2026-01-01 01:49:00,CP-017,225.33,223.66,0.75,off,none,13.16,32.11,0.82,iec61850,start_charging,2,4.52,19.65,36.52,225.33,224.94,0.39,0.1205,none,none,0
706,2026-01-01 15:19:00,CP-009,221.29,221.29,1.72,transitioning,force_on,695.88,41.8,0.16,dnp3,read_register,31,4.19,18.22,31.14,221.29,224.0,2.71,0.9658,actuator_manipulation,relay_manipulation,1
707,2026-01-01 05:00:00,CP-004,234.96,234.75,0.09,on,none,14.01,27.88,0.79,modbus,write_register,7,21.33,92.74,20.13,234.96,234.14,0.82,0.0291,none,none,0
708,2026-01-01 07:15:00,CP-012,223.69,223.94,0.11,on,none,36.62,49.01,0.15,dnp3,set_power_limit,3,13.14,57.13,23.04,223.69,222.74,0.95,0.1862,none,none,0
709,2026-01-01 09:09:00,CP-012,226.22,227.76,0.68,on,none,15.9,18.89,0.34,iec61850,read_register,9,14.14,61.48,36.96,226.22,225.33,0.89,0.1014,none,none,0
710,2026-01-01 05:19:00,CP-009,232.36,230.7,0.72,off,none,22.37,16.13,0.28,ocpp,write_register,9,18.93,82.3,20.71,232.36,232.69,0.33,0.1721,none,none,0
711,2026-01-01 15:28:00,CP-012,1.64,224.93,99.27,off,none,32.48,40.27,0.96,dnp3,start_charging,97,2.65,11.52,27.0,1.64,4.75,3.11,0.6753,sensor_spoofing,power_spoof,1
712,2026-01-01 05:24:00,CP-009,228.26,229.67,0.61,on,none,15.46,9.97,0.46,dnp3,start_charging,10,12.35,53.7,28.02,228.26,227.56,0.7,0.1939,none,none,0
713,2026-01-01 10:53:00,CP-001,235.85,233.89,0.84,on,none,31.69,41.82,0.85,modbus,write_register,3,12.13,52.74,34.07,235.85,235.74,0.11,0.0326,none,none,0
714,2026-01-01 00:33:00,CP-004,229.13,230.34,0.53,off,none,48.0,45.11,0.61,dnp3,set_power_limit,8,20.05,87.17,38.59,229.13,229.08,0.05,0.0518,none,none,0
715,2026-01-01 10:39:00,CP-016,221.23,220.94,0.13,on,none,22.17,17.12,0.28,iec61850,stop_charging,4,9.08,39.48,21.19,221.23,220.31,0.92,0.0104,none,none,0
716,2026-01-01 02:02:00,CP-013,237.28,236.95,0.14,on,none,42.54,47.02,0.72,ocpp,write_register,8,21.92,95.3,31.67,237.28,238.04,0.76,0.0995,none,none,0
717,2026-01-01 12:51:00,CP-020,229.62,229.62,0.56,unknown,override,975.49,19.64,1.32,modbus,write_register,79,4.83,21.0,53.47,229.62,231.23,1.61,0.739,actuator_manipulation,charger_manipulation,1
718,2026-01-01 09:24:00,CP-018,220.6,219.16,0.66,on,none,22.22,38.2,0.5,iec61850,start_charging,4,10.96,47.65,37.14,220.6,220.41,0.19,0.1557,none,none,0
719,2026-01-01 09:26:00,CP-013,221.27,220.82,0.2,off,none,14.35,30.63,0.45,iec61850,read_register,3,4.98,21.65,33.82,221.27,220.33,0.94,0.1378,none,none,0
720,2026-01-01 12:34:00,CP-017,226.35,226.35,2.28,transitioning,update_firmware,57.25,437.97,17.74,modbus,set_power_limit,50,13.51,58.74,32.24,226.35,222.12,4.23,0.7775,scada_attack,replay_attack,1
721,2026-01-01 08:04:00,CP-010,234.93,234.46,0.2,off,none,44.25,32.0,1.0,iec61850,write_register,7,6.43,27.96,39.81,234.93,233.99,0.94,0.1952,none,none,0
722,2026-01-01 02:19:00,CP-001,225.23,224.67,0.25,on,none,12.48,10.32,0.31,dnp3,set_power_limit,5,16.12,70.09,35.97,225.23,226.11,0.88,0.0735,none,none,0
723,2026-01-01 10:07:00,CP-002,231.98,231.22,0.33,on,none,20.94,43.15,0.57,ocpp,stop_charging,5,16.38,71.22,29.42,231.98,232.94,0.96,0.0666,none,none,0
724,2026-01-01 01:59:00,CP-019,220.82,222.28,0.66,on,none,11.82,33.87,0.58,ocpp,set_power_limit,7,14.74,64.09,20.76,220.82,221.6,0.78,0.1091,none,none,0
725,2026-01-01 14:28:00,CP-020,237.39,237.39,4.18,unknown,override,245.32,9.73,1.54,iec61850,start_charging,85,15.63,67.96,31.51,237.39,239.06,1.67,0.7005,actuator_manipulation,relay_manipulation,1
726,2026-01-01 08:53:00,CP-018,229.03,227.03,0.88,off,none,48.44,32.93,0.65,ocpp,read_register,1,20.74,90.17,32.05,229.03,229.23,0.2,0.1679,none,none,0
727,2026-01-01 10:08:00,CP-007,236.96,238.7,0.73,on,none,38.02,7.37,0.87,ocpp,stop_charging,7,8.68,37.74,40.38,236.96,237.78,0.82,0.0318,none,none,0
728,2026-01-01 01:38:00,CP-011,237.53,238.0,0.2,off,none,16.17,13.14,0.69,ocpp,stop_charging,1,10.81,47.0,36.91,237.53,237.01,0.52,0.0888,none,none,0
729,2026-01-01 02:17:00,CP-015,232.97,233.84,0.37,on,none,39.46,40.58,0.57,ocpp,write_register,10,19.27,83.78,42.43,232.97,233.62,0.65,0.1031,none,none,0
730,2026-01-01 01:27:00,CP-007,235.35,236.41,0.45,off,none,23.12,5.35,0.75,ocpp,write_register,7,13.12,57.04,25.75,235.35,235.47,0.12,0.1336,none,none,0
731,2026-01-01 15:34:00,CP-009,10.97,221.13,95.04,off,write_register,29.15,9.01,2.28,ocpp,update_firmware,37,1.5,6.52,31.3,10.97,221.13,210.16,0.9024,false_data_injection,register_injection,1
732,2026-01-01 15:29:00,CP-020,170.78,225.91,24.4,unknown,override,1248.85,340.35,26.37,modbus,start_charging,53,30.11,130.91,30.36,170.78,246.77,75.99,0.8576,combined_attack,sensor_plus_actuator,1
733,2026-01-01 00:07:00,CP-006,235.84,235.53,0.13,on,none,25.39,31.81,0.47,iec61850,set_power_limit,1,15.93,69.26,22.86,235.84,236.61,0.77,0.1502,none,none,0
734,2026-01-01 15:33:00,CP-012,221.62,221.62,0.35,unknown,force_on,619.74,33.88,0.79,ocpp,set_power_limit,31,9.53,41.43,48.5,221.62,221.1,0.52,0.6461,actuator_manipulation,breaker_manipulation,1
735,2026-01-01 05:46:00,CP-013,230.04,231.14,0.48,on,none,40.48,26.64,0.2,dnp3,set_power_limit,4,13.66,59.39,44.93,230.04,230.09,0.05,0.0485,none,none,0
736,2026-01-01 11:04:00,CP-016,228.23,227.58,0.29,on,none,21.47,12.01,0.88,modbus,set_power_limit,3,12.56,54.61,20.27,228.23,228.9,0.67,0.136,none,none,0
737,2026-01-01 16:28:00,CP-003,12.64,225.31,94.39,fault,write_register,46.61,20.73,2.02,modbus,read_register,78,2.44,10.61,32.0,12.64,225.31,212.67,0.8912,false_data_injection,register_injection,1
738,2026-01-01 11:20:00,CP-014,226.84,227.85,0.44,on,none,17.94,47.39,0.48,ocpp,stop_charging,6,20.34,88.43,34.26,226.84,227.49,0.65,0.1122,none,none,0
739,2026-01-01 00:17:00,CP-002,239.22,237.54,0.71,on,none,12.74,8.06,0.86,dnp3,read_register,10,7.68,33.39,34.86,239.22,239.46,0.24,0.0838,none,none,0
740,2026-01-01 06:03:00,CP-006,234.37,232.86,0.65,on,none,38.25,33.53,0.09,dnp3,set_power_limit,10,21.05,91.52,29.47,234.37,234.13,0.24,0.1537,none,none,0
741,2026-01-01 09:44:00,CP-008,232.16,231.69,0.2,off,none,17.34,33.34,0.06,dnp3,read_register,4,3.99,17.35,44.8,232.16,233.04,0.88,0.0251,none,none,0
742,2026-01-01 14:57:00,CP-020,234.77,234.77,3.85,transitioning,force_off,814.84,37.62,0.09,modbus,write_register,63,11.4,49.57,50.08,234.77,232.28,2.49,0.6702,actuator_manipulation,breaker_manipulation,1
743,2026-01-01 03:12:00,CP-007,221.73,220.13,0.73,on,none,33.58,22.28,0.96,iec61850,write_register,4,8.26,35.91,22.11,221.73,221.84,0.11,0.12,none,none,0
744,2026-01-01 07:43:00,CP-005,236.74,236.14,0.25,on,none,40.61,33.13,0.38,dnp3,start_charging,6,10.83,47.09,21.41,236.74,236.23,0.51,0.0469,none,none,0
745,2026-01-01 00:37:00,CP-016,220.58,219.92,0.3,off,none,38.97,42.82,0.92,modbus,stop_charging,10,13.72,59.65,20.68,220.58,220.87,0.29,0.0271,none,none,0
746,2026-01-01 00:42:00,CP-012,221.38,221.97,0.27,on,none,43.98,42.0,0.11,iec61850,stop_charging,3,11.27,49.0,38.34,221.38,222.31,0.93,0.054,none,none,0
747,2026-01-01 03:23:00,CP-010,234.79,233.76,0.44,off,none,33.67,27.2,0.77,ocpp,set_power_limit,4,5.86,25.48,43.31,234.79,233.84,0.95,0.1083,none,none,0
748,2026-01-01 06:17:00,CP-017,220.5,220.43,0.03,on,none,17.61,46.56,0.73,iec61850,start_charging,3,17.62,76.61,22.46,220.5,221.46,0.96,0.1032,none,none,0
749,2026-01-01 10:57:00,CP-010,232.5,231.65,0.37,on,none,20.84,27.47,0.37,iec61850,read_register,1,19.37,84.22,44.45,232.5,233.06,0.56,0.0293,none,none,0
750,2026-01-01 05:29:00,CP-007,239.47,238.41,0.44,off,none,22.98,12.53,0.28,modbus,stop_charging,4,3.17,13.78,21.05,239.47,240.04,0.57,0.0951,none,none,0
751,2026-01-01 06:36:00,CP-009,221.23,221.12,0.05,on,none,32.91,34.53,0.29,modbus,start_charging,8,4.57,19.87,32.64,221.23,221.93,0.7,0.0556,none,none,0
752,2026-01-01 07:48:00,CP-014,233.27,232.52,0.32,off,none,26.09,33.12,0.45,ocpp,read_register,9,19.39,84.3,34.42,233.27,232.7,0.57,0.1924,none,none,0
753,2026-01-01 09:30:00,CP-015,229.25,227.41,0.81,on,none,21.52,44.64,0.46,iec61850,stop_charging,10,18.65,81.09,41.25,229.25,229.08,0.17,0.0359,none,none,0
754,2026-01-01 08:26:00,CP-020,238.78,238.17,0.26,off,none,10.83,17.96,0.19,iec61850,stop_charging,4,12.65,55.0,34.69,238.78,239.15,0.37,0.1843,none,none,0
755,2026-01-01 11:12:00,CP-019,232.56,232.55,0.0,on,none,15.7,44.17,0.55,modbus,stop_charging,2,11.64,50.61,24.24,232.56,232.15,0.41,0.0136,none,none,0
756,2026-01-01 03:52:00,CP-016,220.75,219.85,0.41,on,none,34.73,35.64,0.4,dnp3,start_charging,4,3.94,17.13,31.88,220.75,220.29,0.46,0.0745,none,none,0
757,2026-01-01 01:08:00,CP-002,238.21,239.19,0.41,off,none,41.03,15.36,0.8,ocpp,write_register,10,7.76,33.74,38.89,238.21,238.74,0.53,0.1362,none,none,0
758,2026-01-01 11:55:00,CP-020,226.11,226.11,2.39,transitioning,inject_command,81.25,174.94,18.5,ocpp,read_register,80,20.23,87.96,34.98,226.11,221.32,4.79,0.9897,scada_attack,replay_attack,1
759,2026-01-01 10:00:00,CP-008,232.14,231.74,0.17,on,none,23.93,47.26,0.94,dnp3,read_register,7,8.58,37.3,24.88,232.14,231.43,0.71,0.104,none,none,0
760,2026-01-01 08:15:00,CP-001,237.05,235.7,0.57,off,none,21.4,38.87,0.65,modbus,start_charging,8,18.22,79.22,38.4,237.05,237.89,0.84,0.1807,none,none,0
761,2026-01-01 10:52:00,CP-004,234.49,233.04,0.62,on,none,34.13,22.0,0.02,modbus,read_register,3,7.72,33.57,22.09,234.49,233.78,0.71,0.1255,none,none,0
762,2026-01-01 13:07:00,CP-019,149.27,239.33,37.63,unknown,override,501.72,502.51,29.78,modbus,update_firmware,98,28.66,124.61,25.77,149.27,285.57,136.3,0.7293,combined_attack,fdi_plus_scada,1
763,2026-01-01 03:14:00,CP-013,222.25,222.25,0.0,on,none,31.13,49.0,0.99,iec61850,write_register,7,19.36,84.17,34.21,222.25,221.98,0.27,0.1366,none,none,0
764,2026-01-01 02:51:00,CP-013,221.48,223.44,0.88,off,none,33.29,29.05,0.92,dnp3,set_power_limit,1,18.02,78.35,28.99,221.48,222.27,0.79,0.1074,none,none,0
765,2026-01-01 03:37:00,CP-016,220.01,221.68,0.75,on,none,42.26,20.33,0.18,iec61850,read_register,1,5.81,25.26,37.62,220.01,219.29,0.72,0.0222,none,none,0
766,2026-01-01 06:52:00,CP-019,224.66,222.95,0.77,on,none,29.56,5.86,0.91,modbus,write_register,3,3.27,14.22,35.82,224.66,225.47,0.81,0.1641,none,none,0
767,2026-01-01 08:44:00,CP-016,220.04,220.23,0.09,on,none,44.82,23.79,0.57,dnp3,start_charging,7,12.03,52.3,38.0,220.04,220.25,0.21,0.1524,none,none,0
768,2026-01-01 01:46:00,CP-004,235.43,236.37,0.4,off,none,15.34,20.85,0.34,ocpp,stop_charging,8,15.0,65.22,40.29,235.43,234.56,0.87,0.1552,none,none,0
769,2026-01-01 07:22:00,CP-019,235.1,233.65,0.62,on,none,43.29,18.03,0.49,iec61850,set_power_limit,5,12.39,53.87,38.5,235.1,234.55,0.55,0.1582,none,none,0
770,2026-01-01 14:29:00,CP-012,279.8,222.02,26.02,off,none,14.16,40.14,0.71,dnp3,set_power_limit,86,2.61,11.35,43.36,279.8,275.22,4.58,0.6431,sensor_spoofing,voltage_spoof,1
771,2026-01-01 05:48:00,CP-020,236.43,237.64,0.51,on,none,27.62,46.59,0.23,iec61850,write_register,2,5.14,22.35,21.36,236.43,237.33,0.9,0.1853,none,none,0
772,2026-01-01 00:30:00,CP-015,228.84,227.69,0.51,off,none,41.75,48.19,0.74,modbus,start_charging,9,15.61,67.87,35.48,228.84,228.03,0.81,0.1904,none,none,0
773,2026-01-01 05:59:00,CP-015,237.34,237.3,0.02,off,none,44.67,44.94,0.43,modbus,set_power_limit,7,16.68,72.52,29.85,237.34,238.22,0.88,0.1144,none,none,0
774,2026-01-01 16:34:00,CP-005,293.74,229.42,28.04,on,none,11.62,45.18,0.33,modbus,set_power_limit,30,2.96,12.87,41.5,293.74,296.95,3.21,0.6769,sensor_spoofing,voltage_spoof,1
775,2026-01-01 08:10:00,CP-005,221.09,219.82,0.58,off,none,20.41,36.77,0.44,dnp3,read_register,8,9.77,42.48,37.73,221.09,221.06,0.03,0.0986,none,none,0
776,2026-01-01 03:18:00,CP-001,234.16,234.97,0.34,on,none,29.86,20.6,0.52,iec61850,write_register,6,5.41,23.52,39.53,234.16,233.7,0.46,0.1773,none,none,0
777,2026-01-01 13:26:00,CP-017,0.69,238.29,99.71,on,none,11.77,18.59,0.09,dnp3,reset_device,43,1.28,5.57,29.97,0.69,-0.44,1.13,0.9285,sensor_spoofing,power_spoof,1
778,2026-01-01 11:47:00,CP-002,222.22,222.22,0.38,unknown,override,415.93,12.67,0.28,dnp3,read_register,36,21.0,91.3,31.18,222.22,218.7,3.52,0.8337,actuator_manipulation,relay_manipulation,1
779,2026-01-01 08:54:00,CP-013,239.98,241.35,0.57,on,none,33.41,27.96,0.05,modbus,start_charging,2,10.51,45.7,23.07,239.98,239.26,0.72,0.1113,none,none,0
780,2026-01-01 02:44:00,CP-013,221.71,222.18,0.21,on,none,38.52,8.69,0.15,ocpp,stop_charging,6,9.85,42.83,22.29,221.71,222.6,0.89,0.0889,none,none,0
781,2026-01-01 05:50:00,CP-005,233.9,234.57,0.29,off,none,33.32,34.86,0.04,ocpp,read_register,5,6.81,29.61,37.41,233.9,233.44,0.46,0.093,none,none,0
782,2026-01-01 02:29:00,CP-018,229.47,230.87,0.61,off,none,44.3,11.5,0.46,modbus,set_power_limit,7,21.39,93.0,33.93,229.47,228.74,0.73,0.0486,none,none,0
783,2026-01-01 02:46:00,CP-001,225.84,225.39,0.2,on,none,38.99,30.18,0.99,ocpp,set_power_limit,9,6.22,27.04,29.52,225.84,225.12,0.72,0.0602,none,none,0
784,2026-01-01 15:39:00,CP-013,147.74,238.42,38.03,fault,override,1039.64,547.99,27.05,modbus,update_firmware,21,48.67,211.61,52.56,147.74,267.52,119.78,0.7526,combined_attack,sensor_plus_actuator,1
785,2026-01-01 01:28:00,CP-012,221.44,222.89,0.65,on,none,27.45,25.69,0.08,iec61850,set_power_limit,7,13.89,60.39,37.74,221.44,221.28,0.16,0.023,none,none,0
786,2026-01-01 13:28:00,CP-015,2.11,233.08,99.09,on,none,22.12,16.64,0.63,dnp3,set_power_limit,67,2.34,10.17,44.92,2.11,5.55,3.44,0.9887,sensor_spoofing,power_spoof,1
787,2026-01-01 10:35:00,CP-013,230.04,231.73,0.73,off,none,15.26,48.1,0.79,ocpp,write_register,6,12.5,54.35,39.18,230.04,229.51,0.53,0.1357,none,none,0
788,2026-01-01 15:44:00,CP-012,127.74,222.91,42.69,fault,bypass,782.14,360.37,16.95,iec61850,write_register,83,41.89,182.13,34.27,127.74,271.75,144.01,0.6346,combined_attack,multi_vector,1
789,2026-01-01 12:23:00,CP-018,227.74,227.74,1.25,fault,inject_command,112.0,275.18,18.46,iec61850,start_charging,44,10.17,44.22,32.01,227.74,231.92,4.18,0.6953,scada_attack,command_injection,1
790,2026-01-01 04:16:00,CP-006,222.26,223.04,0.35,on,none,49.26,43.0,0.1,dnp3,set_power_limit,8,6.44,28.0,29.49,222.26,221.98,0.28,0.0058,none,none,0
791,2026-01-01 14:24:00,CP-018,238.46,238.46,4.8,fault,override,312.24,26.64,0.32,ocpp,stop_charging,40,14.65,63.7,42.61,238.46,237.37,1.09,0.6773,actuator_manipulation,relay_manipulation,1
792,2026-01-01 03:13:00,CP-020,225.7,227.47,0.78,on,none,43.92,34.63,0.3,ocpp,stop_charging,5,15.28,66.43,39.6,225.7,226.29,0.59,0.0479,none,none,0
793,2026-01-01 06:37:00,CP-005,232.32,231.42,0.39,off,none,10.57,10.02,0.17,ocpp,stop_charging,6,18.35,79.78,26.53,232.32,232.72,0.4,0.097,none,none,0
794,2026-01-01 03:00:00,CP-002,237.31,239.12,0.76,off,none,15.46,41.68,0.96,dnp3,stop_charging,8,10.9,47.39,41.0,237.31,237.29,0.02,0.0165,none,none,0
795,2026-01-01 06:01:00,CP-002,223.8,223.56,0.11,off,none,40.95,17.87,0.17,iec61850,set_power_limit,1,16.11,70.04,42.59,223.8,223.73,0.07,0.1292,none,none,0
796,2026-01-01 01:34:00,CP-006,220.78,221.61,0.37,off,none,30.96,32.44,0.36,iec61850,stop_charging,7,17.71,77.0,36.97,220.78,219.88,0.9,0.1262,none,none,0
797,2026-01-01 06:04:00,CP-011,231.31,231.95,0.28,on,none,16.48,11.51,0.77,modbus,stop_charging,5,8.88,38.61,39.22,231.31,231.2,0.11,0.1253,none,none,0
798,2026-01-01 01:25:00,CP-011,235.54,235.81,0.11,on,none,45.33,12.0,0.75,modbus,read_register,5,11.42,49.65,30.6,235.54,235.75,0.21,0.0828,none,none,0
799,2026-01-01 04:44:00,CP-019,227.29,226.56,0.32,off,none,16.75,19.09,0.79,dnp3,start_charging,6,5.55,24.13,38.32,227.29,228.05,0.76,0.0926,none,none,0
800,2026-01-01 16:29:00,CP-012,231.54,231.54,9.01,transitioning,inject_command,349.22,310.68,15.02,iec61850,update_firmware,96,13.41,58.3,47.24,231.54,228.99,2.55,0.926,scada_attack,protocol_manipulation,1
801,2026-01-01 15:16:00,CP-003,0.25,235.83,99.89,on,none,25.48,33.15,0.19,ocpp,reset_device,83,1.82,7.91,26.51,0.25,-1.87,2.12,0.8705,sensor_spoofing,power_spoof,1
802,2026-01-01 08:12:00,CP-006,228.33,226.64,0.75,off,none,37.08,44.93,0.03,modbus,stop_charging,6,14.22,61.83,43.78,228.33,229.0,0.67,0.0308,none,none,0
803,2026-01-01 02:05:00,CP-020,233.61,232.09,0.65,on,none,25.76,40.77,0.34,iec61850,write_register,4,14.45,62.83,30.03,233.61,232.69,0.92,0.0078,none,none,0
804,2026-01-01 08:43:00,CP-017,223.07,222.56,0.23,off,none,22.13,26.87,0.79,ocpp,set_power_limit,7,3.92,17.04,42.36,223.07,223.85,0.78,0.0431,none,none,0
805,2026-01-01 07:56:00,CP-010,220.42,222.29,0.84,on,none,43.66,34.8,0.94,ocpp,start_charging,9,10.31,44.83,35.97,220.42,220.82,0.4,0.1806,none,none,0
806,2026-01-01 09:07:00,CP-014,237.6,238.08,0.2,off,none,36.04,35.41,0.03,iec61850,set_power_limit,4,5.05,21.96,20.31,237.6,238.03,0.43,0.1186,none,none,0
807,2026-01-01 14:32:00,CP-009,226.49,226.49,6.35,off,reset_device,301.31,445.39,14.72,dnp3,update_firmware,64,16.28,70.78,47.33,226.49,223.21,3.28,0.7999,scada_attack,command_injection,1
808,2026-01-01 13:05:00,CP-004,3.18,231.89,98.63,on,none,23.8,5.64,0.19,iec61850,update_firmware,74,1.75,7.61,30.7,3.18,4.43,1.25,0.7613,sensor_spoofing,power_spoof,1
809,2026-01-01 08:32:00,CP-004,223.09,222.54,0.25,on,none,14.92,14.09,0.97,modbus,write_register,8,9.49,41.26,32.63,223.09,222.26,0.83,0.0745,none,none,0
810,2026-01-01 13:44:00,CP-020,224.9,224.9,0.35,transitioning,force_on,745.62,23.29,1.04,dnp3,update_firmware,69,16.72,72.7,22.46,224.9,224.07,0.83,0.704,actuator_manipulation,relay_manipulation,1
811,2026-01-01 16:27:00,CP-007,0.22,225.52,99.9,on,none,48.14,13.75,0.57,dnp3,update_firmware,39,1.28,5.57,39.89,0.22,5.12,4.9,0.6842,sensor_spoofing,power_spoof,1
812,2026-01-01 07:42:00,CP-018,231.44,231.34,0.04,on,none,30.27,22.61,0.49,dnp3,set_power_limit,6,17.56,76.35,27.11,231.44,230.56,0.88,0.1181,none,none,0
813,2026-01-01 14:54:00,CP-009,220.2,220.2,3.77,off,update_firmware,164.04,104.17,15.39,modbus,reset_device,77,18.65,81.09,24.51,220.2,222.09,1.89,0.6282,scada_attack,replay_attack,1
814,2026-01-01 01:56:00,CP-016,230.51,231.59,0.47,on,none,15.01,19.27,0.07,dnp3,set_power_limit,6,5.44,23.65,40.73,230.51,230.61,0.1,0.1176,none,none,0
815,2026-01-01 03:03:00,CP-004,235.51,234.46,0.45,off,none,44.44,32.46,0.43,ocpp,write_register,4,18.3,79.57,34.25,235.51,235.57,0.06,0.1194,none,none,0
816,2026-01-01 04:36:00,CP-017,221.65,220.03,0.74,on,none,35.08,14.49,0.63,ocpp,stop_charging,2,6.91,30.04,40.72,221.65,222.41,0.76,0.1483,none,none,0
817,2026-01-01 12:57:00,CP-003,101.61,234.07,56.59,fault,override,1183.05,506.68,13.89,iec61850,update_firmware,61,35.63,154.91,46.02,101.61,263.13,161.52,0.7836,combined_attack,multi_vector,1
818,2026-01-01 14:48:00,CP-018,238.88,238.88,0.65,off,update_firmware,113.62,484.15,12.36,dnp3,read_register,65,15.71,68.3,22.05,238.88,243.7,4.82,0.7922,scada_attack,protocol_manipulation,1
819,2026-01-01 15:59:00,CP-018,233.34,233.34,0.0,on,none,44.45,8.06,0.51,modbus,set_power_limit,41,0.74,3.22,46.37,233.34,236.74,3.4,0.7447,sensor_spoofing,current_spoof,1
820,2026-01-01 13:18:00,CP-006,4.97,223.11,97.77,off,none,23.88,41.49,0.8,ocpp,start_charging,84,1.65,7.17,46.01,4.97,2.66,2.31,0.8053,sensor_spoofing,power_spoof,1
821,2026-01-01 01:07:00,CP-007,239.99,241.4,0.58,on,none,19.49,30.74,0.57,iec61850,read_register,7,8.22,35.74,34.15,239.99,240.36,0.37,0.1489,none,none,0
822,2026-01-01 04:05:00,CP-011,228.18,228.46,0.12,off,none,15.73,43.81,0.18,modbus,stop_charging,6,14.99,65.17,24.42,228.18,228.45,0.27,0.0009,none,none,0
823,2026-01-01 00:03:00,CP-019,223.85,222.13,0.77,on,none,40.92,49.33,0.86,modbus,stop_charging,5,11.61,50.48,40.85,223.85,223.18,0.67,0.0711,none,none,0
824,2026-01-01 02:04:00,CP-009,234.55,235.61,0.45,off,none,11.81,7.3,0.56,iec61850,set_power_limit,5,4.4,19.13,32.61,234.55,235.08,0.53,0.0559,none,none,0
825,2026-01-01 02:39:00,CP-008,226.0,227.31,0.58,on,none,36.15,43.62,0.76,modbus,stop_charging,7,10.17,44.22,31.9,226.0,226.27,0.27,0.1406,none,none,0
826,2026-01-01 01:18:00,CP-003,229.52,230.63,0.48,on,none,28.08,14.97,0.62,iec61850,stop_charging,1,4.16,18.09,31.97,229.52,229.32,0.2,0.1372,none,none,0
827,2026-01-01 01:10:00,CP-012,230.62,232.27,0.71,on,none,20.28,42.11,0.48,iec61850,start_charging,2,11.9,51.74,21.88,230.62,231.13,0.51,0.0451,none,none,0
828,2026-01-01 10:54:00,CP-011,229.58,228.56,0.45,off,none,35.1,10.54,0.82,modbus,set_power_limit,5,4.95,21.52,42.16,229.58,229.41,0.17,0.0002,none,none,0
829,2026-01-01 09:21:00,CP-004,222.37,221.81,0.25,on,none,23.35,35.38,0.25,iec61850,write_register,10,21.96,95.48,44.96,222.37,222.87,0.5,0.148,none,none,0
830,2026-01-01 11:49:00,CP-008,12.41,221.56,94.4,on,write_register,36.82,49.47,1.16,dnp3,read_register,63,0.63,2.74,40.67,12.41,221.56,209.15,0.8111,false_data_injection,state_injection,1
831,2026-01-01 09:15:00,CP-017,239.54,241.53,0.82,off,none,45.14,7.94,0.14,ocpp,write_register,4,13.12,57.04,37.36,239.54,239.18,0.36,0.0859,none,none,0
832,2026-01-01 05:16:00,CP-013,232.27,232.13,0.06,on,none,44.73,33.83,0.93,dnp3,set_power_limit,10,10.69,46.48,42.68,232.27,231.43,0.84,0.0687,none,none,0
833,2026-01-01 04:55:00,CP-017,233.69,235.0,0.56,on,none,17.1,45.57,0.6,modbus,read_register,8,15.53,67.52,42.55,233.69,233.77,0.08,0.0002,none,none,0
834,2026-01-01 13:04:00,CP-005,22.71,234.3,90.31,off,write_register,16.01,11.37,2.93,iec61850,reset_device,44,0.6,2.61,23.28,22.71,234.3,211.59,0.7834,false_data_injection,state_injection,1
835,2026-01-01 01:39:00,CP-010,235.05,236.19,0.48,on,none,31.36,18.93,0.81,dnp3,write_register,6,15.89,69.09,34.26,235.05,234.93,0.12,0.1539,none,none,0
836,2026-01-01 06:10:00,CP-011,225.19,225.49,0.13,off,none,47.08,32.64,0.5,dnp3,stop_charging,3,19.79,86.04,25.82,225.19,224.77,0.42,0.0387,none,none,0
837,2026-01-01 02:47:00,CP-016,222.92,221.59,0.6,off,none,26.84,26.79,0.08,iec61850,write_register,8,14.28,62.09,24.89,222.92,222.13,0.79,0.0609,none,none,0
838,2026-01-01 12:27:00,CP-008,231.06,231.06,3.62,fault,force_on,982.33,36.43,1.3,dnp3,read_register,22,5.33,23.17,37.46,231.06,226.4,4.66,0.7112,actuator_manipulation,charger_manipulation,1
839,2026-01-01 03:28:00,CP-010,236.53,237.32,0.33,on,none,18.6,43.55,0.15,ocpp,start_charging,7,12.76,55.48,36.93,236.53,236.05,0.48,0.1981,none,none,0
840,2026-01-01 07:16:00,CP-005,238.96,240.67,0.71,on,none,10.17,38.23,0.98,iec61850,start_charging,8,20.02,87.04,44.24,238.96,239.47,0.51,0.1988,none,none,0
841,2026-01-01 02:45:00,CP-009,222.04,220.39,0.75,off,none,27.95,29.96,0.41,modbus,read_register,6,13.53,58.83,34.92,222.04,222.61,0.57,0.1727,none,none,0
842,2026-01-01 07:05:00,CP-016,224.81,225.04,0.1,on,none,37.73,23.3,0.22,iec61850,start_charging,4,15.31,66.57,22.27,224.81,224.77,0.04,0.061,none,none,0
843,2026-01-01 04:23:00,CP-014,222.14,222.58,0.2,on,none,14.83,43.35,0.22,ocpp,start_charging,2,17.39,75.61,21.16,222.14,222.41,0.27,0.1344,none,none,0
844,2026-01-01 11:27:00,CP-004,227.01,228.19,0.52,off,none,26.52,41.92,0.7,dnp3,read_register,6,17.86,77.65,32.69,227.01,226.55,0.46,0.1317,none,none,0
845,2026-01-01 04:59:00,CP-007,228.26,229.4,0.5,off,none,17.15,30.16,0.48,iec61850,set_power_limit,6,17.71,77.0,29.95,228.26,227.54,0.72,0.1728,none,none,0
846,2026-01-01 11:13:00,CP-019,227.27,225.63,0.73,on,none,38.43,25.73,0.99,iec61850,stop_charging,3,20.86,90.7,44.29,227.27,227.25,0.02,0.0727,none,none,0
847,2026-01-01 02:53:00,CP-018,231.61,231.91,0.13,off,none,24.96,25.84,0.68,ocpp,start_charging,1,12.17,52.91,27.39,231.61,232.45,0.84,0.0172,none,none,0
848,2026-01-01 04:24:00,CP-004,235.44,235.24,0.09,on,none,48.55,5.2,0.74,dnp3,set_power_limit,8,20.56,89.39,39.53,235.44,236.26,0.82,0.1384,none,none,0
849,2026-01-01 15:58:00,CP-001,231.71,231.71,0.0,on,none,22.78,15.97,0.48,ocpp,write_register,80,1.43,6.22,88.56,231.71,228.43,3.28,0.8212,sensor_spoofing,temperature_spoof,1
850,2026-01-01 12:48:00,CP-017,237.85,237.85,0.0,on,none,47.29,40.74,0.32,modbus,reset_device,100,0.02,0.09,85.47,237.85,236.61,1.24,0.9773,sensor_spoofing,temperature_spoof,1
851,2026-01-01 02:12:00,CP-012,239.09,240.31,0.51,off,none,11.68,47.99,0.08,dnp3,start_charging,8,7.07,30.74,40.7,239.09,238.63,0.46,0.1124,none,none,0
852,2026-01-01 01:41:00,CP-004,225.7,226.75,0.46,off,none,27.97,28.1,0.83,modbus,write_register,8,19.81,86.13,43.26,225.7,225.53,0.17,0.0793,none,none,0
853,2026-01-01 00:21:00,CP-020,224.21,223.58,0.28,off,none,30.22,16.3,0.91,modbus,read_register,7,18.76,81.57,21.1,224.21,223.88,0.33,0.0262,none,none,0
854,2026-01-01 08:11:00,CP-005,222.47,220.84,0.74,off,none,17.23,12.57,0.51,iec61850,set_power_limit,10,7.04,30.61,44.95,222.47,221.48,0.99,0.1534,none,none,0
855,2026-01-01 04:11:00,CP-017,225.4,225.82,0.19,on,none,26.75,45.44,0.51,modbus,start_charging,2,17.91,77.87,32.44,225.4,225.62,0.22,0.1556,none,none,0
856,2026-01-01 11:02:00,CP-008,224.21,223.11,0.49,on,none,14.69,36.31,0.14,modbus,stop_charging,6,4.03,17.52,22.65,224.21,224.37,0.16,0.0954,none,none,0
857,2026-01-01 14:26:00,CP-017,222.05,222.05,2.36,transitioning,override,439.06,10.62,1.49,dnp3,write_register,29,14.94,64.96,50.81,222.05,224.59,2.54,0.888,actuator_manipulation,charger_manipulation,1
858,2026-01-01 01:21:00,CP-005,233.74,233.64,0.04,on,none,43.27,9.2,0.1,iec61850,write_register,9,4.14,18.0,43.92,233.74,233.86,0.12,0.134,none,none,0
859,2026-01-01 07:19:00,CP-017,227.89,227.85,0.02,on,none,46.34,21.25,0.15,dnp3,start_charging,7,10.08,43.83,27.12,227.89,227.59,0.3,0.1955,none,none,0
860,2026-01-01 11:42:00,CP-011,19.31,231.35,91.65,on,write_register,25.42,62.17,1.58,modbus,set_power_limit,55,2.15,9.35,53.12,19.31,231.35,212.04,0.923,false_data_injection,measurement_injection,1
861,2026-01-01 00:14:00,CP-007,230.73,229.29,0.63,on,none,21.14,16.24,0.92,dnp3,set_power_limit,2,3.96,17.22,44.98,230.73,231.4,0.67,0.1938,none,none,0
862,2026-01-01 03:25:00,CP-002,238.43,240.02,0.66,off,none,38.03,21.76,0.97,modbus,set_power_limit,2,12.6,54.78,35.93,238.43,238.22,0.21,0.1184,none,none,0
863,2026-01-01 11:11:00,CP-017,230.33,231.24,0.39,off,none,27.9,10.9,0.29,dnp3,read_register,7,7.54,32.78,44.93,230.33,230.54,0.21,0.1916,none,none,0
864,2026-01-01 09:18:00,CP-016,229.48,229.8,0.14,on,none,18.29,45.27,0.45,ocpp,stop_charging,4,8.81,38.3,42.22,229.48,229.62,0.14,0.1871,none,none,0
865,2026-01-01 03:01:00,CP-001,235.92,234.8,0.48,on,none,20.99,29.19,0.17,dnp3,set_power_limit,8,13.44,58.43,22.83,235.92,235.15,0.77,0.155,none,none,0
866,2026-01-01 05:36:00,CP-003,229.36,229.92,0.24,off,none,32.32,47.22,0.42,iec61850,read_register,10,8.05,35.0,21.02,229.36,228.5,0.86,0.0608,none,none,0
867,2026-01-01 12:24:00,CP-003,171.07,224.54,23.81,fault,override,1347.91,262.47,11.14,modbus,write_register,76,29.51,128.3,21.53,171.07,255.03,83.96,0.8621,combined_attack,sensor_plus_actuator,1
868,2026-01-01 09:34:00,CP-015,222.81,224.09,0.57,on,none,16.82,5.81,0.1,iec61850,read_register,9,17.09,74.3,24.21,222.81,223.15,0.34,0.0022,none,none,0
869,2026-01-01 06:38:00,CP-017,237.24,236.61,0.27,on,none,48.69,31.8,0.82,dnp3,stop_charging,7,7.52,32.7,31.0,237.24,237.52,0.28,0.0422,none,none,0
870,2026-01-01 04:00:00,CP-009,232.81,234.26,0.62,off,none,36.24,47.85,0.65,ocpp,write_register,9,17.54,76.26,42.49,232.81,233.42,0.61,0.1605,none,none,0
871,2026-01-01 01:58:00,CP-009,223.93,225.76,0.81,off,none,15.01,18.63,0.53,ocpp,set_power_limit,10,5.93,25.78,36.47,223.93,224.37,0.44,0.121,none,none,0
872,2026-01-01 13:19:00,CP-007,229.35,229.35,0.58,transitioning,force_off,580.17,26.03,0.65,dnp3,reset_device,95,3.6,15.65,51.54,229.35,227.57,1.78,0.6418,actuator_manipulation,relay_manipulation,1
873,2026-01-01 04:54:00,CP-006,232.46,232.5,0.02,on,none,38.97,20.42,0.45,modbus,write_register,7,10.32,44.87,22.71,232.46,231.86,0.6,0.1719,none,none,0
874,2026-01-01 09:25:00,CP-018,225.99,226.34,0.15,on,none,46.89,11.92,0.95,iec61850,set_power_limit,10,20.36,88.52,34.35,225.99,225.77,0.22,0.0763,none,none,0
875,2026-01-01 11:17:00,CP-011,221.29,220.66,0.29,off,none,18.51,38.36,0.11,dnp3,read_register,9,5.96,25.91,31.75,221.29,221.57,0.28,0.064,none,none,0
876,2026-01-01 09:06:00,CP-003,222.04,220.26,0.81,on,none,21.8,22.17,0.1,dnp3,write_register,10,17.96,78.09,35.6,222.04,221.95,0.09,0.0928,none,none,0
877,2026-01-01 03:38:00,CP-017,237.21,239.05,0.77,off,none,38.18,34.8,0.59,iec61850,start_charging,6,5.59,24.3,23.94,237.21,238.11,0.9,0.1584,none,none,0
878,2026-01-01 09:54:00,CP-014,230.5,231.12,0.27,off,none,16.83,21.86,0.7,ocpp,stop_charging,3,12.55,54.57,22.76,230.5,230.63,0.13,0.0425,none,none,0
879,2026-01-01 08:28:00,CP-005,223.47,222.1,0.62,off,none,14.04,23.72,0.99,iec61850,write_register,4,13.58,59.04,44.98,223.47,223.19,0.28,0.0522,none,none,0
880,2026-01-01 00:52:00,CP-008,238.48,239.63,0.48,on,none,27.01,29.51,0.65,iec61850,write_register,2,4.13,17.96,39.82,238.48,238.67,0.19,0.1648,none,none,0
881,2026-01-01 11:19:00,CP-009,232.71,231.04,0.72,on,none,20.96,8.68,0.87,dnp3,stop_charging,9,7.07,30.74,42.33,232.71,232.08,0.63,0.0107,none,none,0
882,2026-01-01 10:14:00,CP-019,231.46,231.75,0.13,off,none,37.75,9.25,0.59,dnp3,stop_charging,7,8.67,37.7,23.13,231.46,231.11,0.35,0.1428,none,none,0
883,2026-01-01 13:08:00,CP-002,28.87,236.14,87.77,transitioning,write_register,30.02,16.14,1.68,dnp3,update_firmware,69,2.12,9.22,32.42,28.87,236.14,207.27,0.9355,false_data_injection,state_injection,1
884,2026-01-01 05:13:00,CP-013,223.92,225.12,0.53,on,none,28.92,5.44,0.42,ocpp,set_power_limit,9,16.69,72.57,39.63,223.92,223.52,0.4,0.1124,none,none,0
885,2026-01-01 13:27:00,CP-002,223.59,223.59,2.59,fault,override,844.98,20.58,1.47,dnp3,update_firmware,21,10.57,45.96,25.63,223.59,219.88,3.71,0.8028,actuator_manipulation,breaker_manipulation,1
886,2026-01-01 10:55:00,CP-008,220.48,220.19,0.13,on,none,24.13,17.91,0.92,dnp3,read_register,8,6.22,27.04,22.75,220.48,219.68,0.8,0.1912,none,none,0
887,2026-01-01 13:06:00,CP-009,147.41,232.83,36.69,fault,bypass,559.73,230.25,21.27,ocpp,update_firmware,86,39.68,172.52,46.81,147.41,262.73,115.32,0.9088,combined_attack,multi_vector,1
888,2026-01-01 13:34:00,CP-002,229.46,229.46,2.18,transitioning,force_off,421.48,35.21,1.21,ocpp,reset_device,56,17.45,75.87,29.54,229.46,228.53,0.93,0.6075,actuator_manipulation,charger_manipulation,1
889,2026-01-01 12:31:00,CP-001,239.02,239.02,1.25,transitioning,bypass,470.03,22.76,1.23,iec61850,start_charging,52,4.63,20.13,47.38,239.02,242.12,3.1,0.8432,actuator_manipulation,charger_manipulation,1
890,2026-01-01 16:21:00,CP-009,110.1,223.34,50.7,fault,override,388.1,597.62,26.84,modbus,set_power_limit,72,34.56,150.26,30.48,110.1,244.06,133.96,0.7949,combined_attack,fdi_plus_scada,1
891,2026-01-01 00:16:00,CP-018,233.24,233.19,0.02,on,none,21.87,48.59,0.58,modbus,start_charging,1,3.95,17.17,31.92,233.24,234.08,0.84,0.1062,none,none,0
892,2026-01-01 07:06:00,CP-015,237.16,238.15,0.42,on,none,49.06,25.87,0.14,dnp3,write_register,6,14.91,64.83,37.6,237.16,236.16,1.0,0.1255,none,none,0
893,2026-01-01 09:19:00,CP-012,225.09,223.43,0.74,on,none,21.8,28.35,0.23,modbus,stop_charging,9,14.8,64.35,30.65,225.09,225.03,0.06,0.0818,none,none,0
894,2026-01-01 13:54:00,CP-019,234.4,234.4,6.43,unknown,inject_command,326.49,282.5,5.01,dnp3,set_power_limit,54,11.41,49.61,37.24,234.4,231.17,3.23,0.8029,scada_attack,command_injection,1
895,2026-01-01 09:08:00,CP-007,238.09,236.59,0.63,off,none,24.22,26.66,0.62,ocpp,write_register,3,18.14,78.87,21.51,238.09,237.71,0.38,0.0872,none,none,0
896,2026-01-01 16:10:00,CP-013,13.65,232.33,94.12,unknown,write_register,49.15,30.62,1.46,modbus,write_register,72,0.66,2.87,36.08,13.65,232.33,218.68,0.6663,false_data_injection,state_injection,1
897,2026-01-01 13:43:00,CP-016,11.24,222.65,94.95,unknown,write_register,28.45,28.28,1.81,ocpp,update_firmware,42,2.92,12.7,37.51,11.24,222.65,211.41,0.6445,false_data_injection,measurement_injection,1
898,2026-01-01 13:42:00,CP-008,48.07,232.51,79.33,on,write_register,39.72,88.93,1.96,ocpp,update_firmware,40,1.37,5.96,45.31,48.07,232.51,184.44,0.6957,false_data_injection,state_injection,1
899,2026-01-01 01:17:00,CP-006,222.2,223.67,0.66,on,none,10.59,40.55,0.24,iec61850,read_register,3,8.04,34.96,23.17,222.2,222.04,0.16,0.0227,none,none,0
900,2026-01-01 00:48:00,CP-018,225.84,227.62,0.78,off,none,14.1,5.55,0.28,dnp3,stop_charging,6,6.5,28.26,21.28,225.84,226.72,0.88,0.0955,none,none,0
901,2026-01-01 07:20:00,CP-018,221.75,222.66,0.41,off,none,39.66,23.7,0.44,ocpp,stop_charging,7,5.65,24.57,34.68,221.75,220.92,0.83,0.0416,none,none,0
902,2026-01-01 16:26:00,CP-015,235.27,235.27,7.79,unknown,inject_command,80.28,487.25,18.99,dnp3,start_charging,76,3.69,16.04,45.6,235.27,236.62,1.35,0.6576,scada_attack,protocol_manipulation,1
903,2026-01-01 06:46:00,CP-004,238.25,239.11,0.36,on,none,11.39,8.17,0.73,dnp3,read_register,8,5.83,25.35,36.01,238.25,239.12,0.87,0.1329,none,none,0
904,2026-01-01 04:04:00,CP-002,237.33,237.66,0.14,on,none,28.89,13.75,0.12,dnp3,set_power_limit,5,10.85,47.17,41.77,237.33,236.63,0.7,0.1985,none,none,0
905,2026-01-01 15:25:00,CP-010,227.47,227.47,0.64,transitioning,override,250.5,25.12,0.83,ocpp,start_charging,49,16.08,69.91,51.86,227.47,231.5,4.03,0.8535,actuator_manipulation,charger_manipulation,1
906,2026-01-01 14:02:00,CP-005,135.06,231.48,41.65,unknown,bypass,955.9,447.31,21.13,iec61850,reset_device,22,28.51,123.96,46.95,135.06,277.6,142.54,0.8797,combined_attack,fdi_plus_scada,1
907,2026-01-01 03:47:00,CP-015,225.27,226.62,0.6,on,none,16.05,36.34,0.1,iec61850,set_power_limit,7,21.44,93.22,34.74,225.27,225.38,0.11,0.1682,none,none,0
908,2026-01-01 00:41:00,CP-013,227.93,228.79,0.38,on,none,33.68,42.38,0.24,iec61850,set_power_limit,2,18.13,78.83,34.15,227.93,227.01,0.92,0.1065,none,none,0
909,2026-01-01 15:17:00,CP-002,230.15,230.15,9.74,transitioning,reset_device,445.18,330.17,7.84,modbus,reset_device,29,4.51,19.61,26.59,230.15,233.64,3.49,0.9025,scada_attack,command_injection,1
910,2026-01-01 16:09:00,CP-019,194.39,222.23,12.53,on,none,18.82,32.16,0.75,iec61850,update_firmware,50,0.46,2.0,39.38,194.39,192.56,1.83,0.6879,sensor_spoofing,voltage_spoof,1
911,2026-01-01 00:04:00,CP-009,234.04,234.77,0.31,on,none,34.37,12.7,0.73,ocpp,stop_charging,7,8.13,35.35,43.13,234.04,234.42,0.38,0.0439,none,none,0
912,2026-01-01 15:24:00,CP-010,18.66,230.38,91.9,fault,write_register,10.52,34.26,0.48,iec61850,reset_device,99,1.29,5.61,24.26,18.66,230.38,211.72,0.6518,false_data_injection,register_injection,1
913,2026-01-01 06:44:00,CP-010,229.34,231.08,0.75,off,none,46.91,17.44,0.43,iec61850,start_charging,3,17.83,77.52,26.93,229.34,228.46,0.88,0.0777,none,none,0
914,2026-01-01 04:20:00,CP-015,228.88,229.17,0.13,on,none,44.26,25.12,0.12,dnp3,read_register,2,10.67,46.39,20.9,228.88,228.98,0.1,0.1652,none,none,0
915,2026-01-01 09:53:00,CP-003,222.19,222.48,0.13,off,none,42.57,17.11,0.21,dnp3,start_charging,1,21.75,94.57,40.41,222.19,221.19,1.0,0.014,none,none,0
916,2026-01-01 11:24:00,CP-015,228.28,227.69,0.26,off,none,30.93,39.43,0.11,ocpp,stop_charging,7,10.09,43.87,33.82,228.28,227.61,0.67,0.0872,none,none,0
917,2026-01-01 03:54:00,CP-014,232.1,230.46,0.71,off,none,18.46,42.08,0.74,iec61850,read_register,9,18.04,78.43,21.64,232.1,232.52,0.42,0.0807,none,none,0
918,2026-01-01 13:57:00,CP-011,148.76,222.06,33.01,fault,inject_command,487.67,494.88,25.72,ocpp,set_power_limit,40,33.14,144.09,38.08,148.76,256.27,107.51,0.8381,combined_attack,fdi_plus_scada,1
919,2026-01-01 16:37:00,CP-007,13.18,222.97,94.09,unknown,write_register,45.01,19.03,2.99,ocpp,write_register,29,0.85,3.7,31.65,13.18,222.97,209.79,0.728,false_data_injection,measurement_injection,1
920,2026-01-01 14:33:00,CP-003,232.33,232.33,4.18,fault,bypass,862.95,9.56,1.44,dnp3,start_charging,99,17.06,74.17,37.4,232.33,229.19,3.14,0.7531,actuator_manipulation,breaker_manipulation,1
921,2026-01-01 11:07:00,CP-004,221.56,221.97,0.18,off,none,11.12,17.7,0.54,modbus,write_register,10,3.21,13.96,42.74,221.56,220.94,0.62,0.0403,none,none,0
922,2026-01-01 15:13:00,CP-002,227.5,227.5,2.56,unknown,override,765.82,10.96,0.69,iec61850,set_power_limit,44,9.97,43.35,37.11,227.5,225.17,2.33,0.9653,actuator_manipulation,charger_manipulation,1
923,2026-01-01 05:07:00,CP-009,224.97,223.34,0.73,off,none,13.04,46.91,0.48,iec61850,write_register,10,8.11,35.26,43.68,224.97,225.34,0.37,0.182,none,none,0
924,2026-01-01 04:31:00,CP-019,230.93,231.34,0.18,on,none,21.77,12.98,0.68,ocpp,write_register,9,5.27,22.91,21.02,230.93,230.49,0.44,0.0528,none,none,0
925,2026-01-01 07:40:00,CP-016,235.85,234.66,0.51,off,none,29.61,16.77,0.34,modbus,read_register,7,19.72,85.74,22.98,235.85,235.75,0.1,0.1706,none,none,0
926,2026-01-01 03:48:00,CP-017,228.37,228.51,0.06,off,none,32.91,15.6,0.3,dnp3,read_register,9,13.85,60.22,32.92,228.37,228.51,0.14,0.1966,none,none,0
927,2026-01-01 15:53:00,CP-019,233.07,233.07,5.86,unknown,update_firmware,128.26,280.69,17.8,modbus,start_charging,96,3.93,17.09,31.6,233.07,229.17,3.9,0.6619,scada_attack,replay_attack,1
928,2026-01-01 14:15:00,CP-008,2.38,239.76,99.01,off,none,44.25,29.15,0.13,modbus,start_charging,80,1.41,6.13,51.6,2.38,-1.34,3.72,0.8625,sensor_spoofing,power_spoof,1
929,2026-01-01 05:22:00,CP-010,229.38,227.41,0.87,off,none,47.88,26.47,0.01,dnp3,start_charging,10,7.39,32.13,20.18,229.38,229.13,0.25,0.0823,none,none,0
930,2026-01-01 03:56:00,CP-017,227.94,229.63,0.74,on,none,19.68,27.0,0.45,dnp3,set_power_limit,9,9.65,41.96,24.09,227.94,228.73,0.79,0.1498,none,none,0
931,2026-01-01 09:45:00,CP-006,231.85,233.17,0.57,on,none,19.45,8.52,0.72,iec61850,write_register,4,7.65,33.26,24.41,231.85,231.35,0.5,0.0571,none,none,0
932,2026-01-01 10:23:00,CP-019,236.43,236.39,0.02,off,none,38.02,43.94,0.55,modbus,read_register,3,9.04,39.3,38.8,236.43,235.79,0.64,0.1612,none,none,0
933,2026-01-01 15:06:00,CP-011,237.36,237.36,9.31,transitioning,inject_command,469.86,344.93,16.03,modbus,reset_device,32,5.48,23.83,47.54,237.36,233.22,4.14,0.6035,scada_attack,command_injection,1
934,2026-01-01 07:54:00,CP-008,232.0,233.09,0.47,off,none,23.17,31.29,0.39,ocpp,stop_charging,4,5.74,24.96,24.38,232.0,232.94,0.94,0.0879,none,none,0
935,2026-01-01 16:38:00,CP-008,228.2,228.2,6.68,unknown,inject_command,314.45,474.97,8.15,dnp3,reset_device,24,20.67,89.87,32.75,228.2,227.11,1.09,0.738,scada_attack,protocol_manipulation,1
936,2026-01-01 15:00:00,CP-008,1.94,220.07,99.12,on,none,44.28,39.3,0.04,modbus,read_register,80,2.81,12.22,42.57,1.94,-0.24,2.18,0.8464,sensor_spoofing,power_spoof,1
937,2026-01-01 14:10:00,CP-019,175.26,223.26,21.5,unknown,bypass,1494.43,336.81,14.21,modbus,update_firmware,84,34.0,147.83,28.93,175.26,246.62,71.36,0.7828,combined_attack,sensor_plus_actuator,1
938,2026-01-01 08:05:00,CP-008,232.35,233.98,0.7,off,none,33.32,34.13,0.09,dnp3,write_register,6,21.51,93.52,29.94,232.35,231.77,0.58,0.0767,none,none,0
939,2026-01-01 01:04:00,CP-008,234.94,234.68,0.11,on,none,40.41,36.68,0.1,ocpp,start_charging,1,3.87,16.83,39.9,234.94,234.53,0.41,0.075,none,none,0
940,2026-01-01 13:31:00,CP-001,225.95,225.95,1.12,on,inject_command,382.41,199.45,6.26,modbus,write_register,38,3.68,16.0,42.15,225.95,225.26,0.69,0.7099,scada_attack,protocol_manipulation,1
941,2026-01-01 10:42:00,CP-007,223.86,223.64,0.1,on,none,13.0,29.6,0.34,dnp3,write_register,9,16.69,72.57,21.1,223.86,223.24,0.62,0.1101,none,none,0
942,2026-01-01 10:03:00,CP-004,233.31,235.0,0.72,off,none,13.62,36.13,0.87,modbus,start_charging,7,20.29,88.22,38.57,233.31,233.76,0.45,0.1308,none,none,0
943,2026-01-01 06:57:00,CP-016,232.24,230.59,0.72,off,none,23.91,5.21,0.24,modbus,set_power_limit,2,14.76,64.17,41.57,232.24,233.21,0.97,0.1015,none,none,0
944,2026-01-01 00:18:00,CP-019,231.3,230.57,0.32,off,none,18.17,37.23,0.24,dnp3,write_register,5,11.69,50.83,43.23,231.3,232.17,0.87,0.0019,none,none,0
945,2026-01-01 16:17:00,CP-002,169.34,235.66,28.14,fault,inject_command,957.53,573.91,27.9,ocpp,read_register,45,40.07,174.22,22.7,169.34,278.85,109.51,0.7076,combined_attack,multi_vector,1
946,2026-01-01 04:51:00,CP-017,232.87,231.72,0.5,on,none,16.29,32.09,0.82,ocpp,stop_charging,6,16.68,72.52,32.04,232.87,232.83,0.04,0.0421,none,none,0
947,2026-01-01 00:45:00,CP-018,235.16,235.92,0.32,off,none,27.93,5.78,0.29,dnp3,write_register,5,15.62,67.91,29.23,235.16,235.27,0.11,0.0688,none,none,0
948,2026-01-01 07:47:00,CP-003,234.35,234.66,0.13,off,none,20.93,30.49,0.53,dnp3,write_register,6,18.12,78.78,36.29,234.35,233.95,0.4,0.1608,none,none,0
949,2026-01-01 12:54:00,CP-020,176.02,222.58,20.92,fault,inject_command,408.3,467.13,28.24,modbus,reset_device,26,37.97,165.09,32.67,176.02,248.53,72.51,0.6628,combined_attack,fdi_plus_scada,1
950,2026-01-01 09:11:00,CP-011,237.04,237.3,0.11,off,none,34.64,23.84,0.16,dnp3,read_register,8,7.17,31.17,20.09,237.04,236.49,0.55,0.0461,none,none,0
951,2026-01-01 04:57:00,CP-004,228.51,227.53,0.43,on,none,46.4,8.77,0.6,dnp3,start_charging,4,3.1,13.48,38.59,228.51,227.52,0.99,0.1045,none,none,0
952,2026-01-01 09:20:00,CP-016,226.34,225.87,0.21,on,none,27.67,16.95,0.08,modbus,start_charging,9,12.74,55.39,36.09,226.34,226.91,0.57,0.1853,none,none,0
953,2026-01-01 10:05:00,CP-011,239.08,239.39,0.13,on,none,22.43,31.55,0.19,dnp3,stop_charging,6,17.65,76.74,39.94,239.08,239.95,0.87,0.0253,none,none,0
954,2026-01-01 12:17:00,CP-007,184.07,232.58,20.86,off,none,40.98,30.57,0.86,iec61850,write_register,87,1.49,6.48,49.13,184.07,184.77,0.7,0.7895,sensor_spoofing,voltage_spoof,1
955,2026-01-01 07:45:00,CP-001,233.92,234.27,0.15,off,none,25.11,22.56,0.57,dnp3,read_register,4,9.38,40.78,32.57,233.92,234.45,0.53,0.0679,none,none,0
956,2026-01-01 00:40:00,CP-015,233.99,235.06,0.46,on,none,34.24,48.37,0.72,ocpp,start_charging,2,14.0,60.87,43.22,233.99,234.14,0.15,0.1816,none,none,0
957,2026-01-01 16:30:00,CP-014,226.56,226.56,4.99,fault,reset_device,478.45,220.14,17.95,modbus,update_firmware,38,12.67,55.09,39.43,226.56,230.0,3.44,0.6876,scada_attack,protocol_manipulation,1
958,2026-01-01 12:29:00,CP-012,238.45,238.45,0.0,on,none,40.29,20.34,0.83,dnp3,update_firmware,74,2.35,10.22,117.14,238.45,240.97,2.52,0.923,sensor_spoofing,temperature_spoof,1
959,2026-01-01 13:09:00,CP-011,176.43,237.67,25.77,unknown,bypass,471.46,346.76,18.83,iec61850,reset_device,35,38.95,169.35,35.24,176.43,268.12,91.69,0.6101,combined_attack,sensor_plus_actuator,1
960,2026-01-01 07:25:00,CP-005,226.39,227.9,0.66,on,none,24.3,7.38,0.36,iec61850,read_register,5,8.54,37.13,35.97,226.39,225.54,0.85,0.0388,none,none,0
961,2026-01-01 03:21:00,CP-002,231.06,232.72,0.71,off,none,18.98,16.17,0.92,iec61850,start_charging,2,13.86,60.26,22.99,231.06,231.41,0.35,0.0105,none,none,0
962,2026-01-01 10:26:00,CP-008,226.1,227.53,0.63,off,none,26.26,19.07,0.09,modbus,read_register,4,20.95,91.09,24.13,226.1,225.21,0.89,0.1487,none,none,0
963,2026-01-01 15:49:00,CP-003,229.05,229.05,0.0,off,none,36.46,5.48,0.6,iec61850,stop_charging,67,0.63,2.74,97.14,229.05,229.95,0.9,0.7914,sensor_spoofing,temperature_spoof,1
964,2026-01-01 10:27:00,CP-018,238.59,239.82,0.51,on,none,48.49,24.08,0.51,ocpp,stop_charging,8,12.79,55.61,44.95,238.59,239.37,0.78,0.1396,none,none,0
965,2026-01-01 10:04:00,CP-018,239.32,239.07,0.1,on,none,18.94,10.21,0.09,modbus,start_charging,10,20.81,90.48,38.62,239.32,238.55,0.77,0.0735,none,none,0
966,2026-01-01 09:01:00,CP-001,239.84,240.61,0.32,off,none,37.23,44.74,0.0,dnp3,read_register,6,11.22,48.78,44.88,239.84,239.39,0.45,0.136,none,none,0
967,2026-01-01 15:11:00,CP-016,1.26,239.83,99.47,off,none,49.28,45.69,0.02,iec61850,write_register,26,1.95,8.48,44.52,1.26,-1.11,2.37,0.9985,sensor_spoofing,power_spoof,1
968,2026-01-01 06:40:00,CP-014,220.24,221.95,0.77,off,none,25.28,19.21,0.53,modbus,read_register,9,15.11,65.7,43.9,220.24,220.1,0.14,0.1836,none,none,0
969,2026-01-01 09:03:00,CP-001,239.81,238.71,0.46,off,none,48.31,46.26,0.2,iec61850,start_charging,2,14.89,64.74,22.42,239.81,239.77,0.04,0.1616,none,none,0
970,2026-01-01 04:40:00,CP-018,225.9,226.44,0.24,off,none,37.09,46.14,0.8,iec61850,read_register,9,19.62,85.3,23.53,225.9,224.98,0.92,0.1145,none,none,0
971,2026-01-01 08:37:00,CP-005,230.41,230.57,0.07,on,none,13.71,29.83,0.52,ocpp,read_register,1,19.92,86.61,33.5,230.41,229.93,0.48,0.1664,none,none,0
972,2026-01-01 12:42:00,CP-019,105.9,222.16,52.33,unknown,inject_command,1392.81,433.87,24.81,dnp3,start_charging,81,42.5,184.78,45.67,105.9,263.87,157.97,0.8358,combined_attack,multi_vector,1
973,2026-01-01 12:35:00,CP-017,224.08,224.08,0.0,off,none,12.86,24.19,0.28,modbus,start_charging,97,2.36,10.26,31.72,224.08,223.16,0.92,0.8608,sensor_spoofing,current_spoof,1
974,2026-01-01 14:39:00,CP-017,226.27,226.27,6.04,transitioning,inject_command,365.97,490.6,17.32,ocpp,stop_charging,54,18.34,79.74,40.1,226.27,221.8,4.47,0.8475,scada_attack,replay_attack,1
975,2026-01-01 11:14:00,CP-010,228.02,229.45,0.62,on,none,27.63,28.06,0.62,iec61850,start_charging,2,15.96,69.39,32.65,228.02,227.55,0.47,0.1751,none,none,0
976,2026-01-01 11:36:00,CP-017,235.22,234.09,0.48,off,none,14.59,14.76,0.33,ocpp,read_register,3,8.08,35.13,32.04,235.22,236.13,0.91,0.0697,none,none,0
977,2026-01-01 05:40:00,CP-009,227.2,227.01,0.08,off,none,10.01,6.56,0.28,modbus,set_power_limit,3,21.87,95.09,27.55,227.2,226.8,0.4,0.0444,none,none,0
978,2026-01-01 02:31:00,CP-019,234.49,234.73,0.1,off,none,18.36,45.82,0.3,modbus,write_register,4,21.28,92.52,22.93,234.49,235.49,1.0,0.0958,none,none,0
979,2026-01-01 03:36:00,CP-012,238.95,239.2,0.1,on,none,43.47,41.47,0.97,iec61850,write_register,8,3.72,16.17,21.4,238.95,239.15,0.2,0.004,none,none,0
980,2026-01-01 03:26:00,CP-002,228.7,230.56,0.81,on,none,21.67,43.29,0.93,dnp3,start_charging,6,11.6,50.43,25.84,228.7,229.59,0.89,0.0272,none,none,0
981,2026-01-01 08:33:00,CP-014,227.21,227.87,0.29,on,none,40.13,28.83,0.79,ocpp,stop_charging,7,20.44,88.87,42.45,227.21,228.11,0.9,0.1032,none,none,0
982,2026-01-01 14:05:00,CP-003,142.54,239.48,40.48,fault,bypass,1407.0,424.51,29.86,modbus,update_firmware,75,45.44,197.57,36.3,142.54,286.16,143.62,0.9977,combined_attack,sensor_plus_actuator,1
983,2026-01-01 13:11:00,CP-004,230.06,230.06,1.37,transitioning,bypass,713.34,22.92,1.99,iec61850,start_charging,100,3.25,14.13,22.0,230.06,230.78,0.72,0.6122,actuator_manipulation,breaker_manipulation,1
984,2026-01-01 08:14:00,CP-019,222.59,224.04,0.65,off,none,22.93,7.5,0.07,dnp3,read_register,7,7.85,34.13,26.0,222.59,223.13,0.54,0.0798,none,none,0
985,2026-01-01 01:47:00,CP-015,220.74,219.55,0.54,on,none,45.43,19.2,0.31,dnp3,set_power_limit,8,7.81,33.96,38.83,220.74,220.12,0.62,0.0714,none,none,0
986,2026-01-01 00:02:00,CP-003,227.6,227.04,0.25,off,none,34.15,41.32,0.73,modbus,stop_charging,2,13.49,58.65,40.74,227.6,227.84,0.24,0.1723,none,none,0
987,2026-01-01 05:45:00,CP-015,235.06,235.36,0.13,on,none,18.88,18.04,0.39,ocpp,start_charging,2,12.04,52.35,38.63,235.06,235.16,0.1,0.0525,none,none,0
988,2026-01-01 06:21:00,CP-002,222.6,222.48,0.05,on,none,14.24,7.42,0.43,ocpp,set_power_limit,10,14.96,65.04,37.25,222.6,222.49,0.11,0.0711,none,none,0
989,2026-01-01 10:29:00,CP-017,238.08,236.78,0.55,off,none,43.58,28.12,0.95,dnp3,stop_charging,7,6.24,27.13,44.24,238.08,237.76,0.32,0.1358,none,none,0
990,2026-01-01 13:40:00,CP-011,132.32,230.65,42.63,unknown,inject_command,1291.37,352.26,28.48,ocpp,stop_charging,56,25.08,109.04,49.05,132.32,273.54,141.22,0.8625,combined_attack,multi_vector,1
991,2026-01-01 05:51:00,CP-001,221.33,221.97,0.29,off,none,44.57,5.86,0.87,dnp3,write_register,7,12.66,55.04,37.74,221.33,222.14,0.81,0.0969,none,none,0
992,2026-01-01 12:09:00,CP-007,1.95,220.49,99.12,on,none,22.0,26.77,0.18,ocpp,update_firmware,89,0.78,3.39,41.45,1.95,1.34,0.61,0.8633,sensor_spoofing,power_spoof,1
993,2026-01-01 06:09:00,CP-017,228.28,227.12,0.51,on,none,34.48,9.92,0.73,modbus,stop_charging,10,20.74,90.17,44.66,228.28,227.85,0.43,0.1218,none,none,0
994,2026-01-01 10:46:00,CP-017,225.18,226.59,0.62,off,none,38.33,29.85,0.17,modbus,set_power_limit,4,8.55,37.17,35.99,225.18,226.06,0.88,0.0556,none,none,0
995,2026-01-01 00:09:00,CP-005,227.48,226.13,0.6,on,none,33.96,26.99,0.11,iec61850,start_charging,4,4.1,17.83,41.95,227.48,228.37,0.89,0.0171,none,none,0
996,2026-01-01 13:10:00,CP-012,226.92,226.92,6.17,off,update_firmware,218.39,473.28,19.93,ocpp,stop_charging,66,11.06,48.09,38.41,226.92,221.98,4.94,0.7242,scada_attack,replay_attack,1
997,2026-01-01 00:39:00,CP-012,224.48,222.75,0.78,on,none,40.17,47.73,0.2,modbus,set_power_limit,3,7.53,32.74,31.84,224.48,223.71,0.77,0.1896,none,none,0
998,2026-01-01 07:07:00,CP-013,237.87,237.2,0.28,on,none,21.86,38.88,0.7,ocpp,read_register,10,19.74,85.83,38.39,237.87,236.98,0.89,0.1891,none,none,0
999,2026-01-01 03:04:00,CP-006,226.47,227.29,0.36,off,none,32.91,47.86,0.51,modbus,write_register,7,20.46,88.96,44.81,226.47,227.2,0.73,0.0254,none,none,0
1000,2026-01-01 12:19:00,CP-020,123.19,220.45,44.12,unknown,inject_command,1143.93,180.58,27.43,iec61850,read_register,88,39.38,171.22,49.86,123.19,268.4,145.21,0.8,combined_attack,fdi_plus_scada,1
