timestamp,charge_point_id,protocol,encryption_type,tls_version,cipher_suite,is_encrypted,cipher_strength,key_size,certificate_status,certificate_days_remaining,handshake_completed,message_integrity_check,session_key_rotation,forward_secrecy,anomaly_type,label
2025-12-04 06:08:08,CP-009,CAN-BUS,AES-256-GCM,TLS 1.2,TLS_AES_256_GCM_SHA384,1,256,521,verified,317,1,1,1,1,none,0
2025-12-04 07:00:08,CP-001,OCPP 2.0,AES-128-GCM,TLS 1.3,TLS_CHACHA20_POLY1305_SHA256,1,256,521,valid,124,1,1,1,1,none,0
2025-12-04 15:51:08,CP-034,OCPP 2.0.1,DES,NONE,TLS_RSA_EXPORT_WITH_RC4_40_MD5,1,56,256,valid,313,1,1,1,0,ssl_tls_vulnerability,1
2025-12-04 09:12:08,CP-001,OCPP 2.0,AES-128-GCM,TLS 1.3,TLS_AES_256_GCM_SHA384,1,256,384,verified,224,1,1,1,1,none,0
2025-12-04 03:58:08,CP-031,OCPP 2.0.1,AES-256-GCM,TLS 1.3,TLS_CHACHA20_POLY1305_SHA256,1,256,256,valid,306,1,1,1,1,none,0
2025-12-04 08:37:08,CP-044,OCPP 2.0.1,ChaCha20-Poly1305,TLS 1.3,TLS_CHACHA20_POLY1305_SHA256,1,256,384,verified,125,1,1,1,1,none,0
2025-12-04 08:33:08,CP-033,OCPP 1.6,ChaCha20-Poly1305,TLS 1.3,TLS_CHACHA20_POLY1305_SHA256,1,384,521,valid,118,1,1,1,1,none,0
2025-12-04 12:22:08,CP-048,ISO 15118,AES-256-GCM,TLS 1.2,ECDHE-RSA-AES256-GCM-SHA384,1,384,521,valid,166,1,1,1,1,none,0
2025-12-04 13:31:08,CP-023,OCPP 2.0,AES-128-GCM,TLS 1.3,TLS_AES_128_GCM_SHA256,1,256,384,valid,259,1,1,1,1,none,0
2025-12-04 08:51:08,CP-018,OCPP 2.0,AES-128-GCM,TLS 1.2,ECDHE-RSA-AES128-GCM-SHA256,1,256,521,valid,132,1,1,1,1,none,0
2025-12-04 10:44:08,CP-011,ISO 15118,ChaCha20-Poly1305,TLS 1.3,ECDHE-RSA-AES128-GCM-SHA256,1,384,521,valid,91,1,1,1,1,none,0
2025-12-04 16:28:08,CP-038,CAN-BUS,NONE,TLS 1.0,TLS_RSA_WITH_RC4_128_SHA,1,112,256,valid,176,1,1,1,0,downgrade_attack,1
2025-12-04 10:06:08,CP-002,OCPP 1.6,AES-256-GCM,TLS 1.3,ECDHE-RSA-AES256-GCM-SHA384,1,384,256,valid,145,1,1,1,1,none,0
2025-12-04 19:27:08,CP-024,OCPP 1.6,ChaCha20-Poly1305,TLS 1.2,TLS_CHACHA20_POLY1305_SHA256,1,256,256,self_signed,344,1,0,1,1,man_in_the_middle,1
2025-12-04 04:34:08,CP-048,OCPP 2.0,AES-128-GCM,TLS 1.2,TLS_AES_256_GCM_SHA384,1,256,521,valid,137,1,1,1,1,none,0
2025-12-04 04:45:08,CP-023,CAN-BUS,ChaCha20-Poly1305,TLS 1.3,TLS_AES_128_GCM_SHA256,1,256,384,verified,202,1,1,1,1,none,0
2025-12-04 17:42:08,CP-016,OCPP 2.0,AES-256-GCM,TLS 1.3,TLS_AES_256_GCM_SHA384,1,256,256,self_signed,219,1,0,1,1,man_in_the_middle,1
2025-12-04 14:12:08,CP-026,OCPP 2.0,AES-256-GCM,TLS 1.2,ECDHE-RSA-AES256-GCM-SHA384,1,256,384,valid,142,1,1,1,1,none,0
2025-12-04 19:41:08,CP-003,OCPP 2.0.1,NONE,NONE,NONE,0,0,0,valid,125,0,0,1,0,plaintext_communication,1
2025-12-04 11:03:08,CP-006,CAN-BUS,AES-256-GCM,TLS 1.2,TLS_AES_128_GCM_SHA256,1,256,256,valid,279,1,1,1,1,none,0
2025-12-04 14:18:08,CP-040,CAN-BUS,ChaCha20-Poly1305,TLS 1.2,ECDHE-RSA-AES128-GCM-SHA256,1,384,256,verified,357,1,1,1,1,none,0
2025-12-04 06:22:08,CP-023,OCPP 2.0.1,ChaCha20-Poly1305,TLS 1.2,TLS_AES_256_GCM_SHA384,1,384,521,verified,357,1,1,1,1,none,0
2025-12-04 18:36:08,CP-040,OCPP 2.0,AES-128-GCM,TLS 1.3,ECDHE-RSA-AES128-GCM-SHA256,1,256,128,valid,108,1,1,0,0,key_management_issue,1
2025-12-04 19:42:08,CP-030,OCPP 2.0,NONE,NONE,NONE,0,0,0,valid,43,0,0,1,0,plaintext_communication,1
2025-12-04 19:26:08,CP-027,OCPP 1.6,AES-256-GCM,TLS 1.3,TLS_CHACHA20_POLY1305_SHA256,1,256,128,valid,92,1,1,0,0,key_management_issue,1
2025-12-04 15:57:08,CP-040,OCPP 1.6,AES-256-GCM,TLS 1.3,TLS_CHACHA20_POLY1305_SHA256,1,256,128,valid,292,1,1,0,0,key_management_issue,1
2025-12-04 08:28:08,CP-004,CAN-BUS,AES-256-GCM,TLS 1.2,TLS_CHACHA20_POLY1305_SHA256,1,384,384,verified,255,1,1,1,1,none,0
2025-12-04 10:19:08,CP-002,OCPP 1.6,AES-128-GCM,TLS 1.3,TLS_AES_256_GCM_SHA384,1,256,256,valid,329,1,1,1,1,none,0
2025-12-04 03:49:08,CP-018,OCPP 1.6,AES-128-GCM,TLS 1.3,TLS_AES_128_GCM_SHA256,1,384,256,verified,275,1,1,1,1,none,0
2025-12-04 04:00:08,CP-036,OCPP 1.6,AES-128-GCM,TLS 1.2,TLS_CHACHA20_POLY1305_SHA256,1,384,256,verified,31,1,1,1,1,none,0
2025-12-04 12:44:08,CP-023,CAN-BUS,AES-256-GCM,TLS 1.2,ECDHE-RSA-AES256-GCM-SHA384,1,384,521,verified,47,1,1,1,1,none,0
2025-12-04 17:23:08,CP-034,OCPP 2.0,ChaCha20-Poly1305,TLS 1.3,TLS_AES_256_GCM_SHA384,1,256,256,invalid_chain,270,1,0,1,1,man_in_the_middle,1
2025-12-04 09:34:08,CP-002,OCPP 2.0,AES-256-GCM,TLS 1.2,TLS_CHACHA20_POLY1305_SHA256,1,384,521,valid,335,1,1,1,1,none,0
2025-12-04 15:16:08,CP-004,OCPP 2.0.1,NULL,SSL 3.0,NULL,1,56,256,valid,275,1,1,1,0,downgrade_attack,1
2025-12-04 16:07:08,CP-004,OCPP 2.0.1,MD5,TLS 1.1,TLS_RSA_WITH_RC4_128_SHA,1,40,56,valid,112,1,1,1,0,weak_cipher,1
2025-12-04 05:06:08,CP-002,ISO 15118,AES-128-GCM,TLS 1.2,ECDHE-RSA-AES128-GCM-SHA256,1,256,521,verified,318,1,1,1,1,none,0
2025-12-04 06:24:08,CP-026,OCPP 2.0.1,AES-128-GCM,TLS 1.2,TLS_CHACHA20_POLY1305_SHA256,1,256,521,verified,282,1,1,1,1,none,0
2025-12-04 03:31:08,CP-026,CAN-BUS,AES-128-GCM,TLS 1.3,TLS_AES_256_GCM_SHA384,1,384,521,valid,309,1,1,1,1,none,0
2025-12-04 05:04:08,CP-019,CAN-BUS,ChaCha20-Poly1305,TLS 1.3,TLS_CHACHA20_POLY1305_SHA256,1,256,256,verified,344,1,1,1,1,none,0
2025-12-04 18:41:08,CP-047,ISO 15118,RC4,SSL 3.0,TLS_RSA_WITH_NULL_SHA,1,56,256,valid,305,1,1,1,0,ssl_tls_vulnerability,1
2025-12-04 14:47:08,CP-007,ISO 15118,AES-128-GCM,TLS 1.2,TLS_CHACHA20_POLY1305_SHA256,1,384,256,valid,296,1,1,1,1,none,0
2025-12-04 15:01:08,CP-041,ISO 15118,AES-128-GCM,TLS 1.2,ECDHE-RSA-AES256-GCM-SHA384,1,256,256,verified,278,1,1,1,1,none,0
2025-12-04 10:25:08,CP-027,CAN-BUS,ChaCha20-Poly1305,TLS 1.3,TLS_AES_256_GCM_SHA384,1,384,384,verified,215,1,1,1,1,none,0
2025-12-04 11:10:08,CP-013,OCPP 2.0.1,AES-256-GCM,TLS 1.3,TLS_AES_128_GCM_SHA256,1,384,384,valid,298,1,1,1,1,none,0
2025-12-04 09:33:08,CP-026,CAN-BUS,AES-128-GCM,TLS 1.2,TLS_AES_128_GCM_SHA256,1,256,384,verified,85,1,1,1,1,none,0
2025-12-04 18:47:08,CP-049,OCPP 2.0.1,AES-256-GCM,TLS 1.3,TLS_AES_128_GCM_SHA256,1,256,128,valid,78,1,1,0,0,key_management_issue,1
2025-12-04 05:53:08,CP-025,OCPP 2.0.1,AES-256-GCM,TLS 1.2,TLS_CHACHA20_POLY1305_SHA256,1,384,256,verified,62,1,1,1,1,none,0
2025-12-04 11:34:08,CP-028,ISO 15118,AES-256-GCM,TLS 1.3,ECDHE-RSA-AES256-GCM-SHA384,1,384,256,verified,223,1,1,1,1,none,0
2025-12-04 06:37:08,CP-014,OCPP 1.6,AES-128-GCM,TLS 1.2,ECDHE-RSA-AES128-GCM-SHA256,1,384,256,valid,87,1,1,1,1,none,0
2025-12-04 04:33:08,CP-049,CAN-BUS,ChaCha20-Poly1305,TLS 1.3,TLS_AES_128_GCM_SHA256,1,384,256,verified,264,1,1,1,1,none,0
2025-12-04 08:06:08,CP-050,OCPP 2.0,ChaCha20-Poly1305,TLS 1.3,TLS_AES_256_GCM_SHA384,1,256,256,verified,244,1,1,1,1,none,0
2025-12-04 16:30:08,CP-048,OCPP 1.6,AES-128-GCM,TLS 1.3,TLS_AES_256_GCM_SHA384,1,256,128,valid,111,1,1,0,0,key_management_issue,1
2025-12-04 16:24:08,CP-011,OCPP 1.6,AES-128-GCM,TLS 1.2,TLS_AES_256_GCM_SHA384,1,256,256,invalid_chain,-1,1,1,1,1,certificate_error,1
2025-12-04 19:40:08,CP-048,OCPP 1.6,AES-128-GCM,TLS 1.2,ECDHE-RSA-AES256-GCM-SHA384,0,256,256,valid,123,1,0,1,1,encryption_bypass,1
2025-12-04 07:24:08,CP-025,CAN-BUS,AES-128-GCM,TLS 1.2,ECDHE-RSA-AES128-GCM-SHA256,1,256,256,valid,324,1,1,1,1,none,0
2025-12-04 04:13:08,CP-020,ISO 15118,AES-256-GCM,TLS 1.2,TLS_AES_256_GCM_SHA384,1,384,521,verified,174,1,1,1,1,none,0
2025-12-04 08:56:08,CP-018,OCPP 1.6,ChaCha20-Poly1305,TLS 1.2,ECDHE-RSA-AES128-GCM-SHA256,1,384,384,valid,230,1,1,1,1,none,0
2025-12-04 12:38:08,CP-007,OCPP 2.0.1,AES-256-GCM,TLS 1.3,TLS_AES_256_GCM_SHA384,1,384,256,valid,51,1,1,1,1,none,0
2025-12-04 06:43:08,CP-017,OCPP 2.0.1,AES-256-GCM,TLS 1.2,ECDHE-RSA-AES128-GCM-SHA256,1,256,521,valid,174,1,1,1,1,none,0
2025-12-04 18:25:08,CP-037,OCPP 2.0.1,3DES,TLS 1.1,TLS_RSA_WITH_RC4_128_SHA,1,112,256,valid,184,1,1,1,0,ssl_tls_vulnerability,1
2025-12-04 05:29:08,CP-050,ISO 15118,ChaCha20-Poly1305,TLS 1.3,TLS_AES_256_GCM_SHA384,1,256,256,valid,127,1,1,1,1,none,0
2025-12-04 15:46:08,CP-025,CAN-BUS,DES,SSL 3.0,TLS_RSA_EXPORT_WITH_RC4_40_MD5,1,56,256,valid,301,1,1,1,0,ssl_tls_vulnerability,1
2025-12-04 16:57:08,CP-019,OCPP 2.0.1,3DES,SSL 3.0,TLS_RSA_EXPORT_WITH_RC4_40_MD5,1,112,256,valid,343,1,1,1,0,downgrade_attack,1
2025-12-04 17:50:08,CP-012,OCPP 1.6,DES,SSL 3.0,TLS_RSA_WITH_NULL_SHA,1,128,256,valid,243,1,1,1,0,ssl_tls_vulnerability,1
2025-12-04 05:20:08,CP-050,CAN-BUS,AES-128-GCM,TLS 1.2,ECDHE-RSA-AES256-GCM-SHA384,1,256,256,verified,231,1,1,1,1,none,0
2025-12-04 07:58:08,CP-026,CAN-BUS,AES-256-GCM,TLS 1.3,TLS_AES_256_GCM_SHA384,1,384,384,valid,124,1,1,1,1,none,0
2025-12-04 09:56:08,CP-005,ISO 15118,AES-128-GCM,TLS 1.3,TLS_CHACHA20_POLY1305_SHA256,1,256,256,verified,155,1,1,1,1,none,0
2025-12-04 03:45:08,CP-017,ISO 15118,ChaCha20-Poly1305,TLS 1.2,TLS_AES_128_GCM_SHA256,1,256,521,verified,121,1,1,1,1,none,0
2025-12-04 12:54:08,CP-024,OCPP 2.0,ChaCha20-Poly1305,TLS 1.3,TLS_AES_128_GCM_SHA256,1,256,256,verified,253,1,1,1,1,none,0
2025-12-04 19:55:08,CP-036,OCPP 2.0,AES-128-GCM,TLS 1.2,TLS_AES_256_GCM_SHA384,1,256,64,valid,104,1,1,0,0,key_management_issue,1
2025-12-04 15:07:08,CP-022,OCPP 2.0.1,NONE,NONE,NONE,0,0,0,valid,318,0,0,1,0,plaintext_communication,1
2025-12-04 06:47:08,CP-001,ISO 15118,AES-256-GCM,TLS 1.3,TLS_AES_256_GCM_SHA384,1,384,384,valid,112,1,1,1,1,none,0
2025-12-04 16:17:08,CP-043,OCPP 1.6,NULL,TLS 1.0,NULL,1,40,56,valid,268,1,1,1,0,weak_cipher,1
2025-12-04 05:36:08,CP-046,OCPP 2.0.1,AES-256-GCM,TLS 1.2,TLS_AES_256_GCM_SHA384,1,256,256,verified,39,1,1,1,1,none,0
2025-12-04 04:25:08,CP-050,OCPP 1.6,ChaCha20-Poly1305,TLS 1.3,TLS_CHACHA20_POLY1305_SHA256,1,384,256,valid,312,1,1,1,1,none,0
2025-12-04 18:57:08,CP-037,OCPP 2.0,ChaCha20-Poly1305,TLS 1.2,TLS_AES_256_GCM_SHA384,1,256,256,not_trusted,234,1,0,1,1,man_in_the_middle,1
2025-12-04 11:23:08,CP-037,CAN-BUS,AES-128-GCM,TLS 1.3,ECDHE-RSA-AES256-GCM-SHA384,1,256,521,valid,201,1,1,1,1,none,0
2025-12-04 17:24:08,CP-022,OCPP 2.0.1,3DES,SSL 2.0,TLS_RSA_WITH_RC4_128_SHA,1,112,256,valid,248,1,1,1,0,downgrade_attack,1
2025-12-04 14:00:08,CP-038,OCPP 1.6,ChaCha20-Poly1305,TLS 1.3,TLS_CHACHA20_POLY1305_SHA256,1,256,521,verified,243,1,1,1,1,none,0
2025-12-04 09:05:08,CP-039,OCPP 2.0.1,AES-128-GCM,TLS 1.3,TLS_CHACHA20_POLY1305_SHA256,1,256,521,valid,200,1,1,1,1,none,0
2025-12-04 15:09:08,CP-048,OCPP 2.0,MD5,TLS 1.0,TLS_RSA_WITH_NULL_SHA,1,56,256,valid,47,1,1,1,0,downgrade_attack,1
2025-12-04 04:54:08,CP-013,OCPP 2.0,ChaCha20-Poly1305,TLS 1.3,TLS_CHACHA20_POLY1305_SHA256,1,256,384,verified,310,1,1,1,1,none,0
2025-12-04 18:13:08,CP-021,ISO 15118,SHA1,TLS 1.1,TLS_RSA_EXPORT_WITH_RC4_40_MD5,1,40,128,valid,337,1,1,1,0,weak_cipher,1
2025-12-04 15:20:08,CP-035,OCPP 2.0,AES-128-GCM,TLS 1.3,TLS_CHACHA20_POLY1305_SHA256,0,256,256,valid,275,1,0,1,1,encryption_bypass,1
2025-12-04 12:46:08,CP-045,CAN-BUS,ChaCha20-Poly1305,TLS 1.2,ECDHE-RSA-AES256-GCM-SHA384,1,256,521,valid,330,1,1,1,1,none,0
2025-12-04 03:32:08,CP-048,CAN-BUS,ChaCha20-Poly1305,TLS 1.2,TLS_CHACHA20_POLY1305_SHA256,1,384,521,valid,146,1,1,1,1,none,0
2025-12-04 13:39:08,CP-041,ISO 15118,AES-256-GCM,TLS 1.3,TLS_CHACHA20_POLY1305_SHA256,1,384,521,verified,355,1,1,1,1,none,0
2025-12-04 03:43:08,CP-043,CAN-BUS,ChaCha20-Poly1305,TLS 1.3,TLS_AES_128_GCM_SHA256,1,256,521,valid,164,1,1,1,1,none,0
2025-12-04 06:58:08,CP-001,ISO 15118,AES-128-GCM,TLS 1.2,TLS_AES_256_GCM_SHA384,1,384,521,verified,151,1,1,1,1,none,0
2025-12-04 16:31:08,CP-014,ISO 15118,AES-128-GCM,TLS 1.2,TLS_AES_128_GCM_SHA256,1,256,256,revoked,-30,1,1,1,1,certificate_error,1
2025-12-04 14:26:08,CP-018,OCPP 2.0,ChaCha20-Poly1305,TLS 1.3,TLS_CHACHA20_POLY1305_SHA256,1,256,521,valid,303,1,1,1,1,none,0
2025-12-04 18:50:08,CP-049,OCPP 2.0,ChaCha20-Poly1305,TLS 1.2,TLS_CHACHA20_POLY1305_SHA256,1,256,64,valid,89,1,1,0,0,key_management_issue,1
2025-12-04 11:16:08,CP-018,CAN-BUS,ChaCha20-Poly1305,TLS 1.3,TLS_CHACHA20_POLY1305_SHA256,1,384,256,verified,331,1,1,1,1,none,0
2025-12-04 12:42:08,CP-024,OCPP 2.0.1,AES-256-GCM,TLS 1.2,TLS_CHACHA20_POLY1305_SHA256,1,256,384,verified,52,1,1,1,1,none,0
2025-12-04 19:09:08,CP-047,OCPP 1.6,DES,SSL 2.0,TLS_RSA_WITH_NULL_SHA,1,128,256,valid,277,1,1,1,0,ssl_tls_vulnerability,1
2025-12-04 13:08:08,CP-017,OCPP 2.0.1,AES-128-GCM,TLS 1.3,TLS_AES_128_GCM_SHA256,1,256,521,valid,48,1,1,1,1,none,0
2025-12-04 16:49:08,CP-005,OCPP 2.0,NULL,TLS 1.1,NONE,1,112,40,valid,51,1,1,1,0,weak_cipher,1
2025-12-04 17:26:08,CP-001,OCPP 2.0.1,NONE,TLS 1.1,NULL,1,40,128,valid,96,1,1,1,0,weak_cipher,1
2025-12-04 04:18:08,CP-024,OCPP 1.6,AES-256-GCM,TLS 1.3,TLS_CHACHA20_POLY1305_SHA256,1,384,384,valid,362,1,1,1,1,none,0
2025-12-04 15:13:08,CP-040,ISO 15118,NONE,NONE,NONE,0,0,0,valid,353,0,0,1,0,plaintext_communication,1
2025-12-04 12:17:08,CP-046,OCPP 2.0.1,ChaCha20-Poly1305,TLS 1.3,TLS_AES_256_GCM_SHA384,1,256,384,verified,192,1,1,1,1,none,0
2025-12-04 12:53:08,CP-023,OCPP 1.6,ChaCha20-Poly1305,TLS 1.3,TLS_CHACHA20_POLY1305_SHA256,1,384,256,valid,193,1,1,1,1,none,0
2025-12-04 10:30:08,CP-046,OCPP 2.0,AES-128-GCM,TLS 1.2,TLS_CHACHA20_POLY1305_SHA256,1,384,256,valid,330,1,1,1,1,none,0
2025-12-04 15:10:08,CP-030,ISO 15118,AES-128-GCM,TLS 1.2,TLS_CHACHA20_POLY1305_SHA256,0,256,256,valid,202,1,0,1,1,encryption_bypass,1
2025-12-04 05:19:08,CP-030,CAN-BUS,AES-128-GCM,TLS 1.2,TLS_CHACHA20_POLY1305_SHA256,1,384,256,verified,68,1,1,1,1,none,0
2025-12-04 17:17:08,CP-022,CAN-BUS,AES-128-GCM,TLS 1.2,ECDHE-RSA-AES256-GCM-SHA384,0,256,256,valid,86,0,0,1,1,encryption_bypass,1
2025-12-04 17:49:08,CP-016,OCPP 1.6,ChaCha20-Poly1305,TLS 1.2,TLS_AES_128_GCM_SHA256,0,256,256,valid,185,0,0,1,1,encryption_bypass,1
2025-12-04 14:23:08,CP-050,ISO 15118,AES-128-GCM,TLS 1.3,TLS_CHACHA20_POLY1305_SHA256,1,384,384,verified,347,1,1,1,1,none,0
2025-12-04 04:46:08,CP-030,OCPP 2.0,AES-128-GCM,TLS 1.3,ECDHE-RSA-AES256-GCM-SHA384,1,384,256,valid,202,1,1,1,1,none,0
2025-12-04 17:28:08,CP-010,OCPP 2.0,AES-256-GCM,TLS 1.3,TLS_AES_128_GCM_SHA256,1,256,64,valid,194,1,1,0,0,key_management_issue,1
2025-12-04 12:12:08,CP-033,OCPP 1.6,ChaCha20-Poly1305,TLS 1.3,ECDHE-RSA-AES256-GCM-SHA384,1,256,256,valid,339,1,1,1,1,none,0
2025-12-04 03:38:08,CP-034,ISO 15118,ChaCha20-Poly1305,TLS 1.2,TLS_CHACHA20_POLY1305_SHA256,1,384,256,valid,293,1,1,1,1,none,0
2025-12-04 11:33:08,CP-048,ISO 15118,AES-128-GCM,TLS 1.3,ECDHE-RSA-AES256-GCM-SHA384,1,384,384,verified,244,1,1,1,1,none,0
2025-12-04 13:22:08,CP-046,CAN-BUS,AES-256-GCM,TLS 1.3,TLS_AES_128_GCM_SHA256,1,256,384,valid,344,1,1,1,1,none,0
2025-12-04 10:18:08,CP-007,CAN-BUS,AES-128-GCM,TLS 1.3,TLS_CHACHA20_POLY1305_SHA256,1,384,256,valid,168,1,1,1,1,none,0
2025-12-04 11:58:08,CP-037,OCPP 2.0.1,AES-256-GCM,TLS 1.3,ECDHE-RSA-AES128-GCM-SHA256,1,256,256,verified,362,1,1,1,1,none,0
2025-12-04 14:03:08,CP-024,OCPP 2.0,AES-256-GCM,TLS 1.3,TLS_AES_128_GCM_SHA256,1,256,521,verified,283,1,1,1,1,none,0
2025-12-04 04:53:08,CP-047,ISO 15118,ChaCha20-Poly1305,TLS 1.2,ECDHE-RSA-AES128-GCM-SHA256,1,384,384,verified,347,1,1,1,1,none,0
2025-12-04 13:18:08,CP-033,OCPP 2.0,AES-128-GCM,TLS 1.3,ECDHE-RSA-AES256-GCM-SHA384,1,384,256,verified,279,1,1,1,1,none,0
2025-12-04 08:21:08,CP-014,CAN-BUS,AES-128-GCM,TLS 1.2,TLS_AES_256_GCM_SHA384,1,384,521,valid,139,1,1,1,1,none,0
2025-12-04 08:03:08,CP-050,CAN-BUS,AES-128-GCM,TLS 1.2,TLS_CHACHA20_POLY1305_SHA256,1,384,256,valid,280,1,1,1,1,none,0
2025-12-04 08:48:08,CP-041,ISO 15118,ChaCha20-Poly1305,TLS 1.2,TLS_CHACHA20_POLY1305_SHA256,1,384,384,verified,353,1,1,1,1,none,0
2025-12-04 06:17:08,CP-045,OCPP 1.6,ChaCha20-Poly1305,TLS 1.2,TLS_CHACHA20_POLY1305_SHA256,1,256,384,verified,309,1,1,1,1,none,0
2025-12-04 11:08:08,CP-030,CAN-BUS,AES-256-GCM,TLS 1.2,TLS_CHACHA20_POLY1305_SHA256,1,256,256,valid,88,1,1,1,1,none,0
2025-12-04 17:33:08,CP-039,OCPP 1.6,3DES,SSL 2.0,TLS_RSA_WITH_RC4_128_SHA,1,56,256,valid,306,1,1,1,0,ssl_tls_vulnerability,1
2025-12-04 17:39:08,CP-010,ISO 15118,MD5,SSL 3.0,NULL,1,112,256,valid,218,1,1,1,0,downgrade_attack,1
2025-12-04 19:46:08,CP-028,CAN-BUS,NONE,NONE,NONE,0,0,0,valid,132,0,0,1,0,plaintext_communication,1
2025-12-04 14:25:08,CP-012,OCPP 2.0.1,AES-128-GCM,TLS 1.3,ECDHE-RSA-AES256-GCM-SHA384,1,256,256,valid,176,1,1,1,1,none,0
2025-12-04 04:29:08,CP-020,CAN-BUS,ChaCha20-Poly1305,TLS 1.3,TLS_CHACHA20_POLY1305_SHA256,1,256,256,verified,44,1,1,1,1,none,0
2025-12-04 08:20:08,CP-011,OCPP 2.0.1,AES-128-GCM,TLS 1.2,ECDHE-RSA-AES256-GCM-SHA384,1,256,384,valid,165,1,1,1,1,none,0
2025-12-04 17:05:08,CP-007,CAN-BUS,NONE,TLS 1.0,TLS_RSA_WITH_3DES_EDE_CBC_SHA,1,112,256,valid,146,1,1,1,0,downgrade_attack,1
2025-12-04 07:02:08,CP-039,OCPP 2.0.1,AES-256-GCM,TLS 1.2,TLS_AES_256_GCM_SHA384,1,256,384,valid,163,1,1,1,1,none,0
2025-12-04 15:28:08,CP-002,OCPP 2.0.1,NONE,NONE,NONE,0,0,0,valid,129,0,0,1,0,plaintext_communication,1
2025-12-04 08:34:08,CP-029,OCPP 1.6,AES-128-GCM,TLS 1.3,TLS_AES_256_GCM_SHA384,1,384,521,valid,152,1,1,1,1,none,0
2025-12-04 06:34:08,CP-018,CAN-BUS,AES-256-GCM,TLS 1.2,TLS_CHACHA20_POLY1305_SHA256,1,384,384,valid,262,1,1,1,1,none,0
2025-12-04 06:46:08,CP-008,CAN-BUS,AES-128-GCM,TLS 1.2,ECDHE-RSA-AES128-GCM-SHA256,1,384,384,valid,128,1,1,1,1,none,0
2025-12-04 14:42:08,CP-019,ISO 15118,ChaCha20-Poly1305,TLS 1.2,TLS_CHACHA20_POLY1305_SHA256,1,384,256,verified,297,1,1,1,1,none,0
2025-12-04 13:43:08,CP-027,OCPP 2.0.1,AES-256-GCM,TLS 1.3,ECDHE-RSA-AES256-GCM-SHA384,1,384,521,valid,212,1,1,1,1,none,0
2025-12-04 05:27:08,CP-018,OCPP 2.0,AES-128-GCM,TLS 1.3,TLS_CHACHA20_POLY1305_SHA256,1,256,256,verified,309,1,1,1,1,none,0
2025-12-04 14:48:08,CP-043,CAN-BUS,AES-128-GCM,TLS 1.3,ECDHE-RSA-AES256-GCM-SHA384,1,384,256,verified,54,1,1,1,1,none,0
2025-12-04 05:44:08,CP-009,ISO 15118,AES-256-GCM,TLS 1.3,ECDHE-RSA-AES256-GCM-SHA384,1,384,256,verified,177,1,1,1,1,none,0
2025-12-04 12:37:08,CP-025,CAN-BUS,AES-256-GCM,TLS 1.3,ECDHE-RSA-AES128-GCM-SHA256,1,256,384,verified,298,1,1,1,1,none,0
2025-12-04 18:01:08,CP-032,OCPP 2.0.1,AES-256-GCM,TLS 1.3,TLS_CHACHA20_POLY1305_SHA256,1,256,256,invalid_chain,364,1,0,1,1,man_in_the_middle,1
2025-12-04 17:10:08,CP-035,CAN-BUS,ChaCha20-Poly1305,TLS 1.2,TLS_AES_256_GCM_SHA384,1,256,64,valid,313,1,1,0,0,key_management_issue,1
2025-12-04 05:05:08,CP-022,OCPP 1.6,ChaCha20-Poly1305,TLS 1.2,ECDHE-RSA-AES128-GCM-SHA256,1,256,384,valid,176,1,1,1,1,none,0
2025-12-04 11:59:08,CP-044,OCPP 2.0,AES-256-GCM,TLS 1.2,TLS_AES_128_GCM_SHA256,1,256,384,valid,363,1,1,1,1,none,0
2025-12-04 03:50:08,CP-024,OCPP 2.0,AES-256-GCM,TLS 1.3,TLS_CHACHA20_POLY1305_SHA256,1,384,521,valid,93,1,1,1,1,none,0
2025-12-04 19:15:08,CP-012,CAN-BUS,3DES,TLS 1.1,TLS_RSA_WITH_3DES_EDE_CBC_SHA,1,64,128,valid,224,1,1,1,0,weak_cipher,1
2025-12-04 03:26:08,CP-019,OCPP 1.6,AES-256-GCM,TLS 1.2,TLS_AES_256_GCM_SHA384,1,384,256,verified,64,1,1,1,1,none,0
2025-12-04 14:27:08,CP-009,OCPP 1.6,AES-128-GCM,TLS 1.3,ECDHE-RSA-AES128-GCM-SHA256,1,384,256,valid,182,1,1,1,1,none,0
2025-12-04 18:43:08,CP-026,OCPP 2.0,3DES,SSL 3.0,NONE,1,112,256,valid,192,1,1,1,0,ssl_tls_vulnerability,1
2025-12-04 18:59:08,CP-025,OCPP 2.0.1,ChaCha20-Poly1305,TLS 1.2,TLS_AES_128_GCM_SHA256,0,256,256,valid,211,0,0,1,1,encryption_bypass,1
2025-12-04 07:35:08,CP-050,CAN-BUS,AES-256-GCM,TLS 1.3,ECDHE-RSA-AES128-GCM-SHA256,1,256,384,valid,284,1,1,1,1,none,0
2025-12-04 08:32:08,CP-004,OCPP 2.0,ChaCha20-Poly1305,TLS 1.2,TLS_AES_128_GCM_SHA256,1,256,521,valid,135,1,1,1,1,none,0
2025-12-04 15:31:08,CP-025,ISO 15118,MD5,TLS 1.0,NONE,1,56,128,valid,206,1,1,1,0,weak_cipher,1
2025-12-04 10:47:08,CP-030,OCPP 2.0.1,AES-128-GCM,TLS 1.3,TLS_AES_128_GCM_SHA256,1,384,521,verified,223,1,1,1,1,none,0
2025-12-04 08:45:08,CP-006,OCPP 2.0,AES-256-GCM,TLS 1.2,ECDHE-RSA-AES256-GCM-SHA384,1,384,384,valid,60,1,1,1,1,none,0
2025-12-04 06:07:08,CP-004,CAN-BUS,ChaCha20-Poly1305,TLS 1.3,TLS_CHACHA20_POLY1305_SHA256,1,384,384,verified,147,1,1,1,1,none,0
2025-12-04 04:16:08,CP-001,OCPP 1.6,AES-256-GCM,TLS 1.3,TLS_AES_128_GCM_SHA256,1,256,521,verified,242,1,1,1,1,none,0
2025-12-04 05:50:08,CP-004,ISO 15118,ChaCha20-Poly1305,TLS 1.2,TLS_CHACHA20_POLY1305_SHA256,1,384,384,verified,37,1,1,1,1,none,0
2025-12-04 10:17:08,CP-043,OCPP 2.0.1,AES-256-GCM,TLS 1.2,TLS_CHACHA20_POLY1305_SHA256,1,384,256,verified,229,1,1,1,1,none,0
2025-12-04 10:07:08,CP-011,OCPP 2.0,AES-128-GCM,TLS 1.3,ECDHE-RSA-AES256-GCM-SHA384,1,384,384,valid,122,1,1,1,1,none,0
2025-12-04 18:23:08,CP-038,OCPP 2.0.1,ChaCha20-Poly1305,TLS 1.3,TLS_AES_128_GCM_SHA256,1,256,256,not_trusted,205,1,0,1,1,man_in_the_middle,1
2025-12-04 04:04:08,CP-004,OCPP 2.0.1,ChaCha20-Poly1305,TLS 1.2,ECDHE-RSA-AES256-GCM-SHA384,1,384,384,valid,52,1,1,1,1,none,0
2025-12-04 10:48:08,CP-002,OCPP 2.0.1,AES-256-GCM,TLS 1.3,TLS_CHACHA20_POLY1305_SHA256,1,384,384,valid,284,1,1,1,1,none,0
2025-12-04 04:02:08,CP-026,OCPP 2.0,ChaCha20-Poly1305,TLS 1.2,TLS_CHACHA20_POLY1305_SHA256,1,256,521,valid,105,1,1,1,1,none,0
2025-12-04 18:00:08,CP-004,CAN-BUS,SHA1,TLS 1.0,TLS_RSA_EXPORT_WITH_RC4_40_MD5,1,56,128,valid,292,1,1,1,0,weak_cipher,1
2025-12-04 06:04:08,CP-019,ISO 15118,AES-256-GCM,TLS 1.2,ECDHE-RSA-AES128-GCM-SHA256,1,256,521,verified,282,1,1,1,1,none,0
2025-12-04 13:59:08,CP-022,CAN-BUS,AES-256-GCM,TLS 1.3,ECDHE-RSA-AES128-GCM-SHA256,1,256,521,verified,107,1,1,1,1,none,0
2025-12-04 09:40:08,CP-048,OCPP 2.0,ChaCha20-Poly1305,TLS 1.2,TLS_CHACHA20_POLY1305_SHA256,1,384,256,verified,114,1,1,1,1,none,0
2025-12-04 06:09:08,CP-040,CAN-BUS,ChaCha20-Poly1305,TLS 1.3,ECDHE-RSA-AES128-GCM-SHA256,1,256,521,valid,84,1,1,1,1,none,0
2025-12-04 10:36:08,CP-039,ISO 15118,AES-128-GCM,TLS 1.3,ECDHE-RSA-AES128-GCM-SHA256,1,384,384,valid,39,1,1,1,1,none,0
2025-12-04 07:44:08,CP-028,CAN-BUS,ChaCha20-Poly1305,TLS 1.2,ECDHE-RSA-AES256-GCM-SHA384,1,384,256,valid,70,1,1,1,1,none,0
2025-12-04 04:31:08,CP-013,OCPP 2.0,AES-128-GCM,TLS 1.2,ECDHE-RSA-AES128-GCM-SHA256,1,384,256,verified,57,1,1,1,1,none,0
2025-12-04 12:15:08,CP-010,ISO 15118,AES-256-GCM,TLS 1.3,ECDHE-RSA-AES256-GCM-SHA384,1,256,521,verified,183,1,1,1,1,none,0
2025-12-04 16:25:08,CP-039,OCPP 2.0,DES,NONE,NONE,1,56,256,valid,204,1,1,1,0,ssl_tls_vulnerability,1
2025-12-04 08:01:08,CP-002,OCPP 2.0.1,ChaCha20-Poly1305,TLS 1.3,ECDHE-RSA-AES256-GCM-SHA384,1,256,256,valid,289,1,1,1,1,none,0
2025-12-04 10:23:08,CP-003,ISO 15118,ChaCha20-Poly1305,TLS 1.3,TLS_AES_256_GCM_SHA384,1,384,384,verified,302,1,1,1,1,none,0
2025-12-04 08:10:08,CP-039,OCPP 2.0,ChaCha20-Poly1305,TLS 1.2,TLS_AES_256_GCM_SHA384,1,384,384,verified,121,1,1,1,1,none,0
2025-12-04 04:52:08,CP-021,OCPP 1.6,AES-256-GCM,TLS 1.2,ECDHE-RSA-AES256-GCM-SHA384,1,256,384,valid,64,1,1,1,1,none,0
2025-12-04 17:40:08,CP-018,OCPP 2.0.1,DES,TLS 1.1,TLS_RSA_WITH_RC4_128_SHA,1,56,40,valid,35,1,1,1,0,weak_cipher,1
2025-12-04 17:20:08,CP-029,CAN-BUS,3DES,TLS 1.1,TLS_RSA_WITH_RC4_128_SHA,1,128,256,valid,135,1,1,1,0,ssl_tls_vulnerability,1
2025-12-04 04:48:08,CP-035,ISO 15118,AES-256-GCM,TLS 1.3,ECDHE-RSA-AES128-GCM-SHA256,1,256,521,verified,266,1,1,1,1,none,0
2025-12-04 19:35:08,CP-009,OCPP 2.0,ChaCha20-Poly1305,TLS 1.2,TLS_CHACHA20_POLY1305_SHA256,1,256,256,self_signed,0,1,1,1,1,certificate_error,1
2025-12-04 20:04:08,CP-039,OCPP 2.0,ChaCha20-Poly1305,TLS 1.3,ECDHE-RSA-AES128-GCM-SHA256,1,256,256,not_trusted,359,1,0,1,1,man_in_the_middle,1
2025-12-04 04:17:08,CP-045,OCPP 2.0,ChaCha20-Poly1305,TLS 1.3,TLS_AES_256_GCM_SHA384,1,384,256,valid,356,1,1,1,1,none,0
2025-12-04 18:21:08,CP-049,CAN-BUS,AES-256-GCM,TLS 1.3,TLS_AES_128_GCM_SHA256,1,256,128,valid,142,1,1,0,0,key_management_issue,1
2025-12-04 09:36:08,CP-028,ISO 15118,AES-256-GCM,TLS 1.2,TLS_CHACHA20_POLY1305_SHA256,1,384,384,valid,340,1,1,1,1,none,0
2025-12-04 10:50:08,CP-042,OCPP 2.0.1,ChaCha20-Poly1305,TLS 1.3,TLS_AES_128_GCM_SHA256,1,256,521,valid,116,1,1,1,1,none,0
2025-12-04 07:16:08,CP-042,OCPP 2.0,AES-128-GCM,TLS 1.2,ECDHE-RSA-AES256-GCM-SHA384,1,256,256,valid,313,1,1,1,1,none,0
2025-12-04 16:35:08,CP-038,ISO 15118,ChaCha20-Poly1305,TLS 1.3,ECDHE-RSA-AES256-GCM-SHA384,0,256,256,valid,160,0,0,1,1,encryption_bypass,1
2025-12-04 05:56:08,CP-035,ISO 15118,AES-256-GCM,TLS 1.3,TLS_AES_128_GCM_SHA256,1,384,521,verified,248,1,1,1,1,none,0
2025-12-04 08:07:08,CP-005,OCPP 2.0.1,ChaCha20-Poly1305,TLS 1.2,ECDHE-RSA-AES256-GCM-SHA384,1,384,256,verified,149,1,1,1,1,none,0
2025-12-04 06:38:08,CP-027,ISO 15118,AES-128-GCM,TLS 1.2,ECDHE-RSA-AES256-GCM-SHA384,1,384,384,verified,180,1,1,1,1,none,0
2025-12-04 07:45:08,CP-017,CAN-BUS,AES-256-GCM,TLS 1.2,TLS_CHACHA20_POLY1305_SHA256,1,256,521,valid,263,1,1,1,1,none,0
2025-12-04 05:39:08,CP-003,OCPP 1.6,ChaCha20-Poly1305,TLS 1.3,TLS_CHACHA20_POLY1305_SHA256,1,256,256,verified,287,1,1,1,1,none,0
2025-12-04 08:40:08,CP-049,OCPP 2.0.1,ChaCha20-Poly1305,TLS 1.3,ECDHE-RSA-AES128-GCM-SHA256,1,256,521,valid,137,1,1,1,1,none,0
2025-12-04 16:19:08,CP-009,ISO 15118,RC4,TLS 1.0,NULL,1,56,256,valid,122,1,1,1,0,ssl_tls_vulnerability,1
2025-12-04 04:28:08,CP-043,OCPP 2.0.1,AES-256-GCM,TLS 1.2,ECDHE-RSA-AES256-GCM-SHA384,1,384,521,valid,307,1,1,1,1,none,0
2025-12-04 04:42:08,CP-012,CAN-BUS,ChaCha20-Poly1305,TLS 1.2,ECDHE-RSA-AES256-GCM-SHA384,1,384,521,verified,316,1,1,1,1,none,0
2025-12-04 05:16:08,CP-011,OCPP 2.0.1,AES-256-GCM,TLS 1.3,ECDHE-RSA-AES256-GCM-SHA384,1,384,384,valid,75,1,1,1,1,none,0
2025-12-04 19:17:08,CP-030,OCPP 2.0.1,3DES,TLS 1.0,NONE,1,112,256,valid,314,1,1,1,0,ssl_tls_vulnerability,1
2025-12-04 08:49:08,CP-048,OCPP 2.0.1,AES-256-GCM,TLS 1.2,TLS_AES_128_GCM_SHA256,1,256,521,verified,30,1,1,1,1,none,0
2025-12-04 08:41:08,CP-016,OCPP 2.0.1,AES-128-GCM,TLS 1.2,TLS_CHACHA20_POLY1305_SHA256,1,384,384,valid,273,1,1,1,1,none,0
2025-12-04 15:58:08,CP-012,OCPP 1.6,AES-128-GCM,TLS 1.2,ECDHE-RSA-AES256-GCM-SHA384,1,256,256,self_signed,-1,1,1,1,1,certificate_error,1
2025-12-04 16:10:08,CP-011,CAN-BUS,AES-128-GCM,TLS 1.2,ECDHE-RSA-AES128-GCM-SHA256,1,256,64,valid,119,1,1,0,0,key_management_issue,1
2025-12-04 10:05:08,CP-031,OCPP 2.0.1,ChaCha20-Poly1305,TLS 1.2,TLS_AES_128_GCM_SHA256,1,256,384,verified,142,1,1,1,1,none,0
2025-12-04 06:29:08,CP-042,OCPP 2.0,AES-128-GCM,TLS 1.3,ECDHE-RSA-AES128-GCM-SHA256,1,384,384,valid,272,1,1,1,1,none,0
2025-12-04 09:27:08,CP-038,ISO 15118,AES-256-GCM,TLS 1.3,ECDHE-RSA-AES256-GCM-SHA384,1,256,256,verified,192,1,1,1,1,none,0
2025-12-04 11:00:08,CP-019,OCPP 1.6,AES-128-GCM,TLS 1.3,ECDHE-RSA-AES256-GCM-SHA384,1,384,256,valid,41,1,1,1,1,none,0
2025-12-04 16:46:08,CP-003,CAN-BUS,ChaCha20-Poly1305,TLS 1.2,TLS_AES_128_GCM_SHA256,1,256,128,valid,53,1,1,0,0,key_management_issue,1
2025-12-04 19:07:08,CP-013,ISO 15118,ChaCha20-Poly1305,TLS 1.2,ECDHE-RSA-AES128-GCM-SHA256,1,256,256,hostname_mismatch,-1,1,1,1,1,certificate_error,1
2025-12-04 05:38:08,CP-029,OCPP 2.0,AES-256-GCM,TLS 1.2,ECDHE-RSA-AES128-GCM-SHA256,1,384,384,verified,306,1,1,1,1,none,0
2025-12-04 14:37:08,CP-008,CAN-BUS,AES-256-GCM,TLS 1.3,TLS_AES_128_GCM_SHA256,1,256,521,verified,98,1,1,1,1,none,0
2025-12-04 13:17:08,CP-037,OCPP 2.0.1,AES-256-GCM,TLS 1.3,ECDHE-RSA-AES128-GCM-SHA256,1,256,256,verified,254,1,1,1,1,none,0
2025-12-04 11:06:08,CP-044,OCPP 1.6,AES-256-GCM,TLS 1.2,ECDHE-RSA-AES128-GCM-SHA256,1,384,384,valid,290,1,1,1,1,none,0
2025-12-04 16:27:08,CP-020,OCPP 1.6,AES-256-GCM,TLS 1.3,TLS_AES_128_GCM_SHA256,0,256,256,valid,190,1,0,1,1,encryption_bypass,1
2025-12-04 15:30:08,CP-020,OCPP 2.0,NONE,TLS 1.0,NULL,1,40,64,valid,223,1,1,1,0,weak_cipher,1
2025-12-04 16:20:08,CP-042,OCPP 2.0,RC4,SSL 2.0,NULL,1,112,256,valid,94,1,1,1,0,ssl_tls_vulnerability,1
2025-12-04 11:43:08,CP-028,CAN-BUS,AES-128-GCM,TLS 1.2,TLS_AES_128_GCM_SHA256,1,256,256,verified,273,1,1,1,1,none,0
2025-12-04 11:09:08,CP-001,CAN-BUS,ChaCha20-Poly1305,TLS 1.3,TLS_CHACHA20_POLY1305_SHA256,1,256,521,verified,135,1,1,1,1,none,0
2025-12-04 07:40:08,CP-001,ISO 15118,AES-128-GCM,TLS 1.2,ECDHE-RSA-AES128-GCM-SHA256,1,384,384,valid,361,1,1,1,1,none,0
2025-12-04 16:59:08,CP-020,OCPP 2.0,MD5,TLS 1.0,TLS_RSA_WITH_3DES_EDE_CBC_SHA,1,112,256,valid,181,1,1,1,0,downgrade_attack,1
2025-12-04 10:29:08,CP-032,OCPP 2.0,AES-256-GCM,TLS 1.2,TLS_AES_128_GCM_SHA256,1,384,384,verified,108,1,1,1,1,none,0
2025-12-04 17:13:08,CP-034,OCPP 2.0,3DES,TLS 1.0,NULL,1,64,64,valid,200,1,1,1,0,weak_cipher,1
2025-12-04 15:49:08,CP-009,OCPP 1.6,AES-128-GCM,TLS 1.3,ECDHE-RSA-AES256-GCM-SHA384,0,256,256,valid,343,1,0,1,1,encryption_bypass,1
2025-12-04 04:47:08,CP-039,CAN-BUS,ChaCha20-Poly1305,TLS 1.3,TLS_AES_128_GCM_SHA256,1,384,384,verified,214,1,1,1,1,none,0
2025-12-04 10:35:08,CP-047,CAN-BUS,AES-128-GCM,TLS 1.2,TLS_AES_128_GCM_SHA256,1,384,384,valid,353,1,1,1,1,none,0
2025-12-04 15:35:08,CP-018,OCPP 2.0,3DES,SSL 3.0,TLS_RSA_EXPORT_WITH_RC4_40_MD5,1,128,256,valid,172,1,1,1,0,ssl_tls_vulnerability,1
2025-12-04 16:29:08,CP-039,OCPP 1.6,MD5,TLS 1.0,TLS_RSA_WITH_RC4_128_SHA,1,56,112,valid,260,1,1,1,0,weak_cipher,1
2025-12-04 18:32:08,CP-010,OCPP 2.0,ChaCha20-Poly1305,TLS 1.3,ECDHE-RSA-AES256-GCM-SHA384,1,256,256,invalid_chain,0,1,1,1,1,certificate_error,1
2025-12-04 08:55:08,CP-016,ISO 15118,ChaCha20-Poly1305,TLS 1.3,ECDHE-RSA-AES128-GCM-SHA256,1,256,256,verified,318,1,1,1,1,none,0
2025-12-04 06:59:08,CP-020,ISO 15118,ChaCha20-Poly1305,TLS 1.3,TLS_AES_256_GCM_SHA384,1,384,384,verified,239,1,1,1,1,none,0
2025-12-04 03:55:08,CP-025,OCPP 1.6,AES-256-GCM,TLS 1.2,ECDHE-RSA-AES256-GCM-SHA384,1,256,384,verified,101,1,1,1,1,none,0
2025-12-04 13:41:08,CP-050,ISO 15118,AES-128-GCM,TLS 1.2,TLS_CHACHA20_POLY1305_SHA256,1,256,256,verified,247,1,1,1,1,none,0
2025-12-04 14:43:08,CP-038,OCPP 2.0,ChaCha20-Poly1305,TLS 1.3,TLS_CHACHA20_POLY1305_SHA256,1,256,256,valid,127,1,1,1,1,none,0
2025-12-04 07:28:08,CP-015,OCPP 1.6,AES-128-GCM,TLS 1.2,TLS_AES_256_GCM_SHA384,1,384,256,valid,118,1,1,1,1,none,0
2025-12-04 11:40:08,CP-013,CAN-BUS,ChaCha20-Poly1305,TLS 1.3,ECDHE-RSA-AES128-GCM-SHA256,1,384,256,valid,330,1,1,1,1,none,0
2025-12-04 18:17:08,CP-034,CAN-BUS,ChaCha20-Poly1305,TLS 1.3,TLS_AES_128_GCM_SHA256,0,256,256,valid,244,1,0,1,1,encryption_bypass,1
2025-12-04 05:21:08,CP-006,CAN-BUS,ChaCha20-Poly1305,TLS 1.2,ECDHE-RSA-AES128-GCM-SHA256,1,384,256,valid,104,1,1,1,1,none,0
2025-12-04 18:30:08,CP-026,OCPP 1.6,RC4,SSL 3.0,NONE,1,56,256,valid,170,1,1,1,0,ssl_tls_vulnerability,1
2025-12-04 08:00:08,CP-043,OCPP 2.0,ChaCha20-Poly1305,TLS 1.2,TLS_AES_128_GCM_SHA256,1,384,256,verified,59,1,1,1,1,none,0
2025-12-04 19:19:08,CP-050,OCPP 2.0,RC4,TLS 1.0,NULL,1,112,256,valid,105,1,1,1,0,ssl_tls_vulnerability,1
2025-12-04 17:52:08,CP-005,OCPP 1.6,AES-128-GCM,TLS 1.2,ECDHE-RSA-AES128-GCM-SHA256,0,256,256,valid,242,1,0,1,1,encryption_bypass,1
2025-12-04 13:34:08,CP-004,ISO 15118,ChaCha20-Poly1305,TLS 1.3,TLS_AES_128_GCM_SHA256,1,384,521,valid,309,1,1,1,1,none,0
2025-12-04 18:58:08,CP-049,OCPP 1.6,NULL,SSL 3.0,TLS_RSA_EXPORT_WITH_RC4_40_MD5,1,56,256,valid,139,1,1,1,0,downgrade_attack,1
2025-12-04 15:19:08,CP-016,ISO 15118,AES-128-GCM,TLS 1.3,TLS_CHACHA20_POLY1305_SHA256,0,256,256,valid,161,0,0,1,1,encryption_bypass,1
2025-12-04 08:58:08,CP-018,OCPP 2.0.1,ChaCha20-Poly1305,TLS 1.2,ECDHE-RSA-AES128-GCM-SHA256,1,384,521,valid,189,1,1,1,1,none,0
2025-12-04 18:29:08,CP-042,OCPP 2.0,3DES,SSL 2.0,TLS_RSA_WITH_3DES_EDE_CBC_SHA,1,128,256,valid,104,1,1,1,0,ssl_tls_vulnerability,1
2025-12-04 14:41:08,CP-023,OCPP 2.0,AES-128-GCM,TLS 1.3,ECDHE-RSA-AES256-GCM-SHA384,1,256,384,verified,233,1,1,1,1,none,0
2025-12-04 17:46:08,CP-017,OCPP 2.0.1,RC4,TLS 1.0,NULL,1,56,256,valid,64,1,1,1,0,downgrade_attack,1
2025-12-04 03:44:08,CP-043,CAN-BUS,AES-256-GCM,TLS 1.3,TLS_AES_256_GCM_SHA384,1,256,521,valid,318,1,1,1,1,none,0
2025-12-04 18:55:08,CP-001,ISO 15118,AES-256-GCM,TLS 1.3,TLS_CHACHA20_POLY1305_SHA256,1,256,256,invalid_chain,0,1,1,1,1,certificate_error,1
2025-12-04 14:32:08,CP-032,ISO 15118,AES-256-GCM,TLS 1.3,ECDHE-RSA-AES256-GCM-SHA384,1,256,384,valid,59,1,1,1,1,none,0
2025-12-04 15:04:08,CP-015,OCPP 2.0,ChaCha20-Poly1305,TLS 1.3,ECDHE-RSA-AES256-GCM-SHA384,1,256,521,verified,268,1,1,1,1,none,0
2025-12-04 19:32:08,CP-024,OCPP 2.0,ChaCha20-Poly1305,TLS 1.3,TLS_AES_128_GCM_SHA256,0,256,256,valid,96,1,0,1,1,encryption_bypass,1
2025-12-04 12:52:08,CP-002,OCPP 1.6,AES-256-GCM,TLS 1.2,TLS_AES_128_GCM_SHA256,1,256,521,valid,35,1,1,1,1,none,0
2025-12-04 16:48:08,CP-005,OCPP 1.6,DES,TLS 1.1,TLS_RSA_WITH_RC4_128_SHA,1,112,256,valid,259,1,1,1,0,ssl_tls_vulnerability,1
2025-12-04 11:07:08,CP-035,OCPP 1.6,AES-128-GCM,TLS 1.3,TLS_CHACHA20_POLY1305_SHA256,1,256,384,valid,202,1,1,1,1,none,0
2025-12-04 06:48:08,CP-015,CAN-BUS,ChaCha20-Poly1305,TLS 1.2,ECDHE-RSA-AES256-GCM-SHA384,1,384,384,verified,342,1,1,1,1,none,0
2025-12-04 06:28:08,CP-042,ISO 15118,AES-256-GCM,TLS 1.3,ECDHE-RSA-AES128-GCM-SHA256,1,384,384,valid,270,1,1,1,1,none,0
2025-12-04 13:42:08,CP-028,OCPP 2.0,AES-128-GCM,TLS 1.3,ECDHE-RSA-AES128-GCM-SHA256,1,256,256,verified,242,1,1,1,1,none,0
2025-12-04 08:43:08,CP-033,OCPP 2.0.1,AES-256-GCM,TLS 1.3,ECDHE-RSA-AES128-GCM-SHA256,1,384,521,valid,133,1,1,1,1,none,0
2025-12-04 03:33:08,CP-001,OCPP 1.6,AES-256-GCM,TLS 1.2,TLS_AES_128_GCM_SHA256,1,256,384,verified,247,1,1,1,1,none,0
2025-12-04 09:13:08,CP-044,OCPP 2.0,ChaCha20-Poly1305,TLS 1.3,TLS_AES_128_GCM_SHA256,1,384,384,verified,248,1,1,1,1,none,0
2025-12-04 16:51:08,CP-019,OCPP 1.6,SHA1,TLS 1.0,TLS_RSA_EXPORT_WITH_RC4_40_MD5,1,56,256,valid,314,1,1,1,0,downgrade_attack,1
2025-12-04 08:30:08,CP-020,ISO 15118,ChaCha20-Poly1305,TLS 1.3,ECDHE-RSA-AES128-GCM-SHA256,1,384,256,verified,343,1,1,1,1,none,0
2025-12-04 10:04:08,CP-036,CAN-BUS,ChaCha20-Poly1305,TLS 1.3,TLS_AES_256_GCM_SHA384,1,256,521,valid,160,1,1,1,1,none,0
2025-12-04 15:53:08,CP-037,OCPP 2.0.1,ChaCha20-Poly1305,TLS 1.3,ECDHE-RSA-AES128-GCM-SHA256,1,256,128,valid,209,1,1,0,0,key_management_issue,1
2025-12-04 16:55:08,CP-019,ISO 15118,AES-256-GCM,TLS 1.3,TLS_AES_256_GCM_SHA384,1,256,256,invalid_chain,-15,1,1,1,1,certificate_error,1
2025-12-04 10:15:08,CP-034,CAN-BUS,ChaCha20-Poly1305,TLS 1.3,TLS_AES_256_GCM_SHA384,1,256,384,valid,268,1,1,1,1,none,0
2025-12-04 12:55:08,CP-047,OCPP 2.0,AES-256-GCM,TLS 1.3,TLS_AES_256_GCM_SHA384,1,384,521,valid,205,1,1,1,1,none,0
2025-12-04 18:31:08,CP-013,OCPP 1.6,ChaCha20-Poly1305,TLS 1.3,TLS_AES_128_GCM_SHA256,1,256,256,expired,0,1,1,1,1,certificate_error,1
2025-12-04 06:06:08,CP-022,OCPP 2.0.1,ChaCha20-Poly1305,TLS 1.3,TLS_CHACHA20_POLY1305_SHA256,1,384,521,verified,117,1,1,1,1,none,0
2025-12-04 17:34:08,CP-014,ISO 15118,ChaCha20-Poly1305,TLS 1.2,ECDHE-RSA-AES128-GCM-SHA256,0,256,256,valid,340,1,0,1,1,encryption_bypass,1
2025-12-04 04:41:08,CP-017,OCPP 1.6,ChaCha20-Poly1305,TLS 1.3,TLS_AES_128_GCM_SHA256,1,256,521,valid,33,1,1,1,1,none,0
2025-12-04 16:45:08,CP-011,OCPP 2.0.1,NONE,NONE,NONE,0,0,0,valid,267,0,0,1,0,plaintext_communication,1
2025-12-04 05:48:08,CP-031,OCPP 2.0.1,AES-128-GCM,TLS 1.2,ECDHE-RSA-AES128-GCM-SHA256,1,384,384,valid,320,1,1,1,1,none,0
2025-12-04 16:38:08,CP-022,CAN-BUS,AES-128-GCM,TLS 1.2,ECDHE-RSA-AES256-GCM-SHA384,1,256,256,self_signed,167,1,0,1,1,man_in_the_middle,1
2025-12-04 10:54:08,CP-020,OCPP 2.0,ChaCha20-Poly1305,TLS 1.2,ECDHE-RSA-AES128-GCM-SHA256,1,256,521,verified,198,1,1,1,1,none,0
2025-12-04 12:07:08,CP-001,OCPP 2.0.1,AES-128-GCM,TLS 1.3,ECDHE-RSA-AES128-GCM-SHA256,1,256,384,valid,288,1,1,1,1,none,0
2025-12-04 07:03:08,CP-036,CAN-BUS,AES-256-GCM,TLS 1.2,TLS_AES_256_GCM_SHA384,1,384,521,verified,90,1,1,1,1,none,0
2025-12-04 06:25:08,CP-043,CAN-BUS,ChaCha20-Poly1305,TLS 1.3,TLS_CHACHA20_POLY1305_SHA256,1,384,256,valid,325,1,1,1,1,none,0
2025-12-04 13:28:08,CP-049,ISO 15118,ChaCha20-Poly1305,TLS 1.2,TLS_AES_256_GCM_SHA384,1,384,521,verified,197,1,1,1,1,none,0
2025-12-04 05:10:08,CP-042,OCPP 2.0,AES-256-GCM,TLS 1.3,ECDHE-RSA-AES128-GCM-SHA256,1,256,521,valid,314,1,1,1,1,none,0
2025-12-04 12:48:08,CP-045,OCPP 2.0,AES-256-GCM,TLS 1.2,TLS_AES_128_GCM_SHA256,1,384,256,valid,84,1,1,1,1,none,0
2025-12-04 06:05:08,CP-028,OCPP 2.0.1,ChaCha20-Poly1305,TLS 1.3,ECDHE-RSA-AES256-GCM-SHA384,1,256,256,verified,349,1,1,1,1,none,0
2025-12-04 11:53:08,CP-006,ISO 15118,ChaCha20-Poly1305,TLS 1.3,ECDHE-RSA-AES256-GCM-SHA384,1,256,521,valid,67,1,1,1,1,none,0
2025-12-04 13:40:08,CP-035,OCPP 2.0,AES-256-GCM,TLS 1.2,TLS_AES_256_GCM_SHA384,1,256,384,valid,322,1,1,1,1,none,0
2025-12-04 09:22:08,CP-009,OCPP 2.0.1,AES-256-GCM,TLS 1.3,ECDHE-RSA-AES256-GCM-SHA384,1,384,384,valid,165,1,1,1,1,none,0
2025-12-04 12:13:08,CP-046,OCPP 2.0,AES-128-GCM,TLS 1.2,ECDHE-RSA-AES256-GCM-SHA384,1,256,384,verified,61,1,1,1,1,none,0
2025-12-04 19:29:08,CP-035,ISO 15118,AES-128-GCM,TLS 1.3,ECDHE-RSA-AES128-GCM-SHA256,1,256,64,valid,156,1,1,0,0,key_management_issue,1
2025-12-04 16:44:08,CP-003,OCPP 2.0,ChaCha20-Poly1305,TLS 1.3,ECDHE-RSA-AES256-GCM-SHA384,1,256,64,valid,243,1,1,0,0,key_management_issue,1
2025-12-04 05:08:08,CP-047,OCPP 1.6,AES-128-GCM,TLS 1.3,TLS_AES_128_GCM_SHA256,1,256,384,verified,320,1,1,1,1,none,0
2025-12-04 04:55:08,CP-025,OCPP 1.6,AES-256-GCM,TLS 1.2,ECDHE-RSA-AES256-GCM-SHA384,1,384,384,valid,58,1,1,1,1,none,0
2025-12-04 07:54:08,CP-017,ISO 15118,ChaCha20-Poly1305,TLS 1.2,ECDHE-RSA-AES256-GCM-SHA384,1,256,384,verified,183,1,1,1,1,none,0
2025-12-04 08:52:08,CP-033,ISO 15118,ChaCha20-Poly1305,TLS 1.2,ECDHE-RSA-AES128-GCM-SHA256,1,256,256,valid,331,1,1,1,1,none,0
2025-12-04 12:19:08,CP-013,OCPP 1.6,AES-128-GCM,TLS 1.2,TLS_CHACHA20_POLY1305_SHA256,1,256,256,verified,352,1,1,1,1,none,0
2025-12-04 14:55:08,CP-004,CAN-BUS,ChaCha20-Poly1305,TLS 1.2,ECDHE-RSA-AES256-GCM-SHA384,1,384,384,valid,79,1,1,1,1,none,0
2025-12-04 16:13:08,CP-006,CAN-BUS,AES-256-GCM,TLS 1.2,ECDHE-RSA-AES128-GCM-SHA256,1,256,256,not_trusted,78,1,0,1,1,man_in_the_middle,1
2025-12-04 08:08:08,CP-020,OCPP 1.6,AES-128-GCM,TLS 1.3,ECDHE-RSA-AES256-GCM-SHA384,1,384,521,verified,125,1,1,1,1,none,0
2025-12-04 17:35:08,CP-034,OCPP 2.0.1,DES,SSL 2.0,NULL,1,112,256,valid,324,1,1,1,0,downgrade_attack,1
2025-12-04 08:19:08,CP-028,OCPP 1.6,AES-128-GCM,TLS 1.2,TLS_CHACHA20_POLY1305_SHA256,1,256,521,verified,126,1,1,1,1,none,0
2025-12-04 04:43:08,CP-017,ISO 15118,AES-128-GCM,TLS 1.3,TLS_AES_256_GCM_SHA384,1,384,521,verified,51,1,1,1,1,none,0
2025-12-04 11:15:08,CP-041,CAN-BUS,ChaCha20-Poly1305,TLS 1.3,ECDHE-RSA-AES256-GCM-SHA384,1,256,384,verified,295,1,1,1,1,none,0
2025-12-04 13:10:08,CP-044,CAN-BUS,ChaCha20-Poly1305,TLS 1.2,TLS_AES_256_GCM_SHA384,1,256,521,verified,238,1,1,1,1,none,0
2025-12-04 12:34:08,CP-005,CAN-BUS,ChaCha20-Poly1305,TLS 1.3,ECDHE-RSA-AES256-GCM-SHA384,1,384,384,verified,209,1,1,1,1,none,0
2025-12-04 05:37:08,CP-034,OCPP 1.6,ChaCha20-Poly1305,TLS 1.2,TLS_CHACHA20_POLY1305_SHA256,1,256,521,verified,178,1,1,1,1,none,0
2025-12-04 14:09:08,CP-013,CAN-BUS,AES-128-GCM,TLS 1.3,TLS_CHACHA20_POLY1305_SHA256,1,384,256,valid,346,1,1,1,1,none,0
2025-12-04 06:16:08,CP-037,CAN-BUS,AES-256-GCM,TLS 1.2,ECDHE-RSA-AES128-GCM-SHA256,1,256,256,valid,231,1,1,1,1,none,0
2025-12-04 19:20:08,CP-037,OCPP 2.0.1,DES,TLS 1.0,NONE,1,112,256,valid,69,1,1,1,0,downgrade_attack,1
2025-12-04 11:26:08,CP-046,OCPP 2.0.1,AES-128-GCM,TLS 1.2,TLS_AES_256_GCM_SHA384,1,384,384,verified,159,1,1,1,1,none,0
2025-12-04 07:38:08,CP-041,OCPP 2.0,AES-128-GCM,TLS 1.3,TLS_AES_256_GCM_SHA384,1,256,521,verified,52,1,1,1,1,none,0
2025-12-04 12:26:08,CP-005,OCPP 2.0.1,AES-256-GCM,TLS 1.2,TLS_AES_256_GCM_SHA384,1,384,521,valid,128,1,1,1,1,none,0
2025-12-04 07:59:08,CP-047,ISO 15118,AES-128-GCM,TLS 1.2,ECDHE-RSA-AES256-GCM-SHA384,1,384,521,verified,34,1,1,1,1,none,0
2025-12-04 17:55:08,CP-012,CAN-BUS,3DES,TLS 1.0,NONE,1,56,256,valid,166,1,1,1,0,ssl_tls_vulnerability,1
2025-12-04 10:31:08,CP-021,CAN-BUS,AES-256-GCM,TLS 1.3,ECDHE-RSA-AES128-GCM-SHA256,1,256,256,valid,272,1,1,1,1,none,0
2025-12-04 17:22:08,CP-012,OCPP 2.0.1,AES-128-GCM,TLS 1.3,TLS_CHACHA20_POLY1305_SHA256,1,256,256,hostname_mismatch,-30,1,1,1,1,certificate_error,1
2025-12-04 09:59:08,CP-031,OCPP 2.0.1,AES-128-GCM,TLS 1.3,TLS_AES_128_GCM_SHA256,1,384,384,valid,320,1,1,1,1,none,0
2025-12-04 04:09:08,CP-042,ISO 15118,ChaCha20-Poly1305,TLS 1.3,ECDHE-RSA-AES128-GCM-SHA256,1,256,521,valid,172,1,1,1,1,none,0
2025-12-04 07:55:08,CP-021,OCPP 2.0,AES-128-GCM,TLS 1.2,ECDHE-RSA-AES128-GCM-SHA256,1,256,384,valid,245,1,1,1,1,none,0
2025-12-04 14:34:08,CP-004,CAN-BUS,ChaCha20-Poly1305,TLS 1.3,TLS_CHACHA20_POLY1305_SHA256,1,256,521,verified,218,1,1,1,1,none,0
2025-12-04 09:39:08,CP-014,CAN-BUS,AES-128-GCM,TLS 1.3,TLS_AES_128_GCM_SHA256,1,256,384,valid,59,1,1,1,1,none,0
2025-12-04 13:14:08,CP-026,OCPP 2.0,AES-128-GCM,TLS 1.3,TLS_AES_128_GCM_SHA256,1,256,521,valid,299,1,1,1,1,none,0
2025-12-04 15:00:08,CP-018,OCPP 2.0,AES-128-GCM,TLS 1.2,TLS_AES_128_GCM_SHA256,1,384,256,verified,326,1,1,1,1,none,0
2025-12-04 06:03:08,CP-013,OCPP 2.0.1,ChaCha20-Poly1305,TLS 1.3,TLS_CHACHA20_POLY1305_SHA256,1,256,256,valid,60,1,1,1,1,none,0
2025-12-04 18:45:08,CP-004,ISO 15118,AES-128-GCM,TLS 1.2,ECDHE-RSA-AES256-GCM-SHA384,1,256,256,not_trusted,-30,1,1,1,1,certificate_error,1
2025-12-04 18:44:08,CP-026,OCPP 2.0,ChaCha20-Poly1305,TLS 1.2,ECDHE-RSA-AES128-GCM-SHA256,1,256,256,not_trusted,-30,1,1,1,1,certificate_error,1
2025-12-04 07:52:08,CP-038,OCPP 2.0,AES-256-GCM,TLS 1.2,TLS_AES_128_GCM_SHA256,1,384,256,valid,334,1,1,1,1,none,0
2025-12-04 14:30:08,CP-040,OCPP 1.6,ChaCha20-Poly1305,TLS 1.2,ECDHE-RSA-AES128-GCM-SHA256,1,384,384,verified,200,1,1,1,1,none,0
2025-12-04 07:04:08,CP-048,CAN-BUS,AES-256-GCM,TLS 1.2,ECDHE-RSA-AES256-GCM-SHA384,1,384,256,verified,41,1,1,1,1,none,0
2025-12-04 07:22:08,CP-003,ISO 15118,ChaCha20-Poly1305,TLS 1.2,ECDHE-RSA-AES128-GCM-SHA256,1,256,256,verified,80,1,1,1,1,none,0
2025-12-04 04:05:08,CP-028,OCPP 2.0,AES-256-GCM,TLS 1.2,TLS_AES_256_GCM_SHA384,1,384,384,verified,178,1,1,1,1,none,0
2025-12-04 19:59:08,CP-005,OCPP 2.0,AES-256-GCM,TLS 1.3,TLS_AES_128_GCM_SHA256,0,256,256,valid,49,0,0,1,1,encryption_bypass,1
2025-12-04 16:00:08,CP-038,OCPP 2.0,AES-128-GCM,TLS 1.3,ECDHE-RSA-AES128-GCM-SHA256,0,256,256,valid,205,1,0,1,1,encryption_bypass,1
2025-12-04 06:30:08,CP-040,CAN-BUS,ChaCha20-Poly1305,TLS 1.2,ECDHE-RSA-AES128-GCM-SHA256,1,384,521,valid,354,1,1,1,1,none,0
2025-12-04 12:56:08,CP-037,OCPP 1.6,AES-256-GCM,TLS 1.2,ECDHE-RSA-AES128-GCM-SHA256,1,256,384,verified,251,1,1,1,1,none,0
2025-12-04 07:30:08,CP-034,ISO 15118,ChaCha20-Poly1305,TLS 1.3,TLS_AES_128_GCM_SHA256,1,384,256,valid,222,1,1,1,1,none,0
2025-12-04 09:43:08,CP-031,OCPP 1.6,AES-128-GCM,TLS 1.3,TLS_AES_128_GCM_SHA256,1,384,521,valid,50,1,1,1,1,none,0
2025-12-04 19:53:08,CP-004,OCPP 2.0.1,NONE,NONE,NONE,0,0,0,valid,34,0,0,1,0,plaintext_communication,1
2025-12-04 15:25:08,CP-041,OCPP 2.0.1,RC4,NONE,TLS_RSA_WITH_RC4_128_SHA,1,128,256,valid,32,1,1,1,0,ssl_tls_vulnerability,1
2025-12-04 07:57:08,CP-039,ISO 15118,ChaCha20-Poly1305,TLS 1.3,TLS_AES_128_GCM_SHA256,1,256,256,verified,66,1,1,1,1,none,0
2025-12-04 08:18:08,CP-031,OCPP 1.6,AES-128-GCM,TLS 1.3,TLS_AES_256_GCM_SHA384,1,384,521,valid,236,1,1,1,1,none,0
2025-12-04 03:48:08,CP-043,OCPP 2.0,AES-128-GCM,TLS 1.3,TLS_AES_256_GCM_SHA384,1,256,256,valid,198,1,1,1,1,none,0
2025-12-04 11:05:08,CP-045,CAN-BUS,ChaCha20-Poly1305,TLS 1.2,ECDHE-RSA-AES256-GCM-SHA384,1,256,384,verified,64,1,1,1,1,none,0
2025-12-04 17:12:08,CP-001,ISO 15118,RC4,TLS 1.1,TLS_RSA_WITH_NULL_SHA,1,40,56,valid,105,1,1,1,0,weak_cipher,1
2025-12-04 15:15:08,CP-022,ISO 15118,ChaCha20-Poly1305,TLS 1.2,TLS_AES_256_GCM_SHA384,1,256,256,invalid_chain,151,1,0,1,1,man_in_the_middle,1
2025-12-04 03:35:08,CP-036,CAN-BUS,AES-128-GCM,TLS 1.2,TLS_AES_128_GCM_SHA256,1,256,521,verified,250,1,1,1,1,none,0
2025-12-04 12:40:08,CP-022,OCPP 2.0,AES-128-GCM,TLS 1.2,ECDHE-RSA-AES256-GCM-SHA384,1,384,256,valid,159,1,1,1,1,none,0
2025-12-04 05:32:08,CP-011,ISO 15118,ChaCha20-Poly1305,TLS 1.3,ECDHE-RSA-AES256-GCM-SHA384,1,384,384,verified,341,1,1,1,1,none,0
2025-12-04 07:08:08,CP-032,ISO 15118,AES-256-GCM,TLS 1.2,TLS_AES_128_GCM_SHA256,1,256,256,valid,291,1,1,1,1,none,0
2025-12-04 06:11:08,CP-040,ISO 15118,AES-128-GCM,TLS 1.3,ECDHE-RSA-AES128-GCM-SHA256,1,256,384,verified,355,1,1,1,1,none,0
2025-12-04 09:08:08,CP-028,ISO 15118,AES-128-GCM,TLS 1.2,TLS_AES_256_GCM_SHA384,1,256,256,valid,316,1,1,1,1,none,0
2025-12-04 16:26:08,CP-037,CAN-BUS,NONE,NONE,NONE,0,0,0,valid,197,0,0,1,0,plaintext_communication,1
2025-12-04 07:20:08,CP-040,OCPP 2.0,AES-256-GCM,TLS 1.2,TLS_CHACHA20_POLY1305_SHA256,1,256,384,valid,303,1,1,1,1,none,0
2025-12-04 14:21:08,CP-017,CAN-BUS,ChaCha20-Poly1305,TLS 1.2,ECDHE-RSA-AES256-GCM-SHA384,1,256,384,verified,106,1,1,1,1,none,0
2025-12-04 03:54:08,CP-022,CAN-BUS,AES-256-GCM,TLS 1.3,ECDHE-RSA-AES256-GCM-SHA384,1,256,384,valid,295,1,1,1,1,none,0
2025-12-04 18:33:08,CP-024,OCPP 2.0.1,AES-128-GCM,TLS 1.2,ECDHE-RSA-AES256-GCM-SHA384,1,256,128,valid,293,1,1,0,0,key_management_issue,1
2025-12-04 10:49:08,CP-041,ISO 15118,AES-256-GCM,TLS 1.2,ECDHE-RSA-AES128-GCM-SHA256,1,256,521,verified,230,1,1,1,1,none,0
2025-12-04 07:34:08,CP-018,ISO 15118,AES-256-GCM,TLS 1.3,TLS_AES_256_GCM_SHA384,1,384,256,valid,324,1,1,1,1,none,0
2025-12-04 08:25:08,CP-020,ISO 15118,ChaCha20-Poly1305,TLS 1.2,TLS_AES_128_GCM_SHA256,1,256,384,verified,146,1,1,1,1,none,0
2025-12-04 16:05:08,CP-038,OCPP 2.0.1,3DES,TLS 1.1,TLS_RSA_EXPORT_WITH_RC4_40_MD5,1,64,64,valid,63,1,1,1,0,weak_cipher,1
2025-12-04 09:09:08,CP-007,CAN-BUS,AES-128-GCM,TLS 1.3,ECDHE-RSA-AES128-GCM-SHA256,1,256,521,valid,235,1,1,1,1,none,0
2025-12-04 07:33:08,CP-045,OCPP 2.0.1,ChaCha20-Poly1305,TLS 1.2,TLS_AES_256_GCM_SHA384,1,256,521,valid,161,1,1,1,1,none,0
2025-12-04 12:18:08,CP-050,OCPP 2.0.1,ChaCha20-Poly1305,TLS 1.2,ECDHE-RSA-AES128-GCM-SHA256,1,256,256,verified,55,1,1,1,1,none,0
2025-12-04 13:03:08,CP-028,OCPP 1.6,AES-128-GCM,TLS 1.2,TLS_AES_256_GCM_SHA384,1,256,256,verified,142,1,1,1,1,none,0
2025-12-04 10:21:08,CP-006,ISO 15118,AES-256-GCM,TLS 1.3,ECDHE-RSA-AES256-GCM-SHA384,1,256,521,verified,211,1,1,1,1,none,0
2025-12-04 10:12:08,CP-027,OCPP 2.0,ChaCha20-Poly1305,TLS 1.2,ECDHE-RSA-AES128-GCM-SHA256,1,256,521,verified,144,1,1,1,1,none,0
2025-12-04 12:47:08,CP-012,OCPP 1.6,AES-128-GCM,TLS 1.3,ECDHE-RSA-AES256-GCM-SHA384,1,256,256,valid,248,1,1,1,1,none,0
2025-12-04 19:37:08,CP-048,OCPP 1.6,NONE,NONE,NONE,0,0,0,valid,77,0,0,1,0,plaintext_communication,1
2025-12-04 07:05:08,CP-031,OCPP 2.0.1,AES-256-GCM,TLS 1.2,TLS_AES_256_GCM_SHA384,1,256,256,verified,140,1,1,1,1,none,0
2025-12-04 04:21:08,CP-009,CAN-BUS,AES-256-GCM,TLS 1.3,TLS_CHACHA20_POLY1305_SHA256,1,256,384,valid,279,1,1,1,1,none,0
2025-12-04 16:22:08,CP-012,OCPP 2.0.1,AES-128-GCM,TLS 1.3,TLS_CHACHA20_POLY1305_SHA256,0,256,256,valid,287,1,0,1,1,encryption_bypass,1
2025-12-04 15:37:08,CP-004,ISO 15118,ChaCha20-Poly1305,TLS 1.2,TLS_AES_256_GCM_SHA384,1,256,256,not_trusted,0,1,1,1,1,certificate_error,1
2025-12-04 04:35:08,CP-034,OCPP 1.6,AES-256-GCM,TLS 1.3,TLS_CHACHA20_POLY1305_SHA256,1,256,256,valid,218,1,1,1,1,none,0
2025-12-04 08:26:08,CP-011,OCPP 2.0.1,ChaCha20-Poly1305,TLS 1.3,TLS_AES_128_GCM_SHA256,1,384,256,valid,338,1,1,1,1,none,0
2025-12-04 10:46:08,CP-024,CAN-BUS,AES-128-GCM,TLS 1.3,TLS_CHACHA20_POLY1305_SHA256,1,256,521,valid,328,1,1,1,1,none,0
2025-12-04 17:41:08,CP-018,ISO 15118,NONE,NONE,NONE,0,0,0,valid,212,0,0,1,0,plaintext_communication,1
2025-12-04 04:15:08,CP-018,ISO 15118,AES-256-GCM,TLS 1.3,ECDHE-RSA-AES256-GCM-SHA384,1,256,384,verified,219,1,1,1,1,none,0
2025-12-04 18:04:08,CP-014,OCPP 2.0,AES-128-GCM,TLS 1.3,TLS_AES_256_GCM_SHA384,1,256,128,valid,314,1,1,0,0,key_management_issue,1
2025-12-04 09:53:08,CP-006,CAN-BUS,AES-128-GCM,TLS 1.2,ECDHE-RSA-AES256-GCM-SHA384,1,384,256,valid,162,1,1,1,1,none,0
2025-12-04 17:58:08,CP-019,OCPP 1.6,SHA1,TLS 1.0,TLS_RSA_EXPORT_WITH_RC4_40_MD5,1,56,112,valid,214,1,1,1,0,weak_cipher,1
2025-12-04 09:23:08,CP-045,CAN-BUS,AES-256-GCM,TLS 1.2,TLS_CHACHA20_POLY1305_SHA256,1,256,256,verified,56,1,1,1,1,none,0
2025-12-04 13:06:08,CP-044,OCPP 1.6,AES-128-GCM,TLS 1.2,TLS_AES_128_GCM_SHA256,1,384,521,valid,356,1,1,1,1,none,0
2025-12-04 04:12:08,CP-010,OCPP 2.0,AES-256-GCM,TLS 1.3,TLS_AES_256_GCM_SHA384,1,256,384,valid,84,1,1,1,1,none,0
2025-12-04 13:21:08,CP-016,OCPP 2.0,AES-128-GCM,TLS 1.3,ECDHE-RSA-AES256-GCM-SHA384,1,256,256,verified,150,1,1,1,1,none,0
2025-12-04 08:35:08,CP-007,CAN-BUS,AES-128-GCM,TLS 1.3,ECDHE-RSA-AES256-GCM-SHA384,1,384,521,valid,49,1,1,1,1,none,0
2025-12-04 19:39:08,CP-034,OCPP 2.0,AES-256-GCM,TLS 1.2,TLS_AES_128_GCM_SHA256,1,256,64,valid,289,1,1,0,0,key_management_issue,1
2025-12-04 06:13:08,CP-027,OCPP 2.0,ChaCha20-Poly1305,TLS 1.3,TLS_AES_128_GCM_SHA256,1,256,384,verified,155,1,1,1,1,none,0
2025-12-04 13:36:08,CP-017,OCPP 2.0,ChaCha20-Poly1305,TLS 1.2,TLS_AES_256_GCM_SHA384,1,384,384,valid,41,1,1,1,1,none,0
2025-12-04 15:32:08,CP-013,OCPP 2.0.1,RC4,TLS 1.0,TLS_RSA_WITH_RC4_128_SHA,1,112,128,valid,67,1,1,1,0,weak_cipher,1
2025-12-04 19:58:08,CP-005,CAN-BUS,ChaCha20-Poly1305,TLS 1.2,ECDHE-RSA-AES128-GCM-SHA256,1,256,256,revoked,-7,1,1,1,1,certificate_error,1
2025-12-04 07:12:08,CP-003,OCPP 1.6,ChaCha20-Poly1305,TLS 1.2,ECDHE-RSA-AES256-GCM-SHA384,1,384,384,valid,270,1,1,1,1,none,0
2025-12-04 12:41:08,CP-034,OCPP 1.6,AES-256-GCM,TLS 1.3,ECDHE-RSA-AES128-GCM-SHA256,1,384,384,valid,83,1,1,1,1,none,0
2025-12-04 07:07:08,CP-018,OCPP 2.0,AES-256-GCM,TLS 1.3,TLS_CHACHA20_POLY1305_SHA256,1,384,256,verified,157,1,1,1,1,none,0
2025-12-04 12:11:08,CP-035,OCPP 2.0.1,AES-256-GCM,TLS 1.3,ECDHE-RSA-AES128-GCM-SHA256,1,384,256,valid,357,1,1,1,1,none,0
2025-12-04 15:48:08,CP-035,CAN-BUS,AES-256-GCM,TLS 1.3,ECDHE-RSA-AES256-GCM-SHA384,0,256,256,valid,311,1,0,1,1,encryption_bypass,1
2025-12-04 12:21:08,CP-015,OCPP 2.0,ChaCha20-Poly1305,TLS 1.3,ECDHE-RSA-AES128-GCM-SHA256,1,384,384,valid,353,1,1,1,1,none,0
2025-12-04 13:44:08,CP-034,OCPP 1.6,AES-256-GCM,TLS 1.3,TLS_CHACHA20_POLY1305_SHA256,1,384,521,valid,124,1,1,1,1,none,0
2025-12-04 09:47:08,CP-019,OCPP 1.6,AES-128-GCM,TLS 1.3,TLS_AES_256_GCM_SHA384,1,256,521,verified,31,1,1,1,1,none,0
2025-12-04 06:50:08,CP-032,ISO 15118,AES-128-GCM,TLS 1.2,TLS_AES_128_GCM_SHA256,1,256,384,verified,97,1,1,1,1,none,0
2025-12-04 15:12:08,CP-022,OCPP 2.0,3DES,TLS 1.1,TLS_RSA_WITH_3DES_EDE_CBC_SHA,1,112,40,valid,74,1,1,1,0,weak_cipher,1
2025-12-04 03:52:08,CP-024,ISO 15118,ChaCha20-Poly1305,TLS 1.3,ECDHE-RSA-AES128-GCM-SHA256,1,256,521,valid,206,1,1,1,1,none,0
2025-12-04 20:03:08,CP-049,ISO 15118,ChaCha20-Poly1305,TLS 1.3,TLS_CHACHA20_POLY1305_SHA256,1,256,256,self_signed,169,1,0,1,1,man_in_the_middle,1
2025-12-04 08:04:08,CP-044,ISO 15118,AES-256-GCM,TLS 1.3,ECDHE-RSA-AES128-GCM-SHA256,1,256,384,verified,337,1,1,1,1,none,0
2025-12-04 08:27:08,CP-041,OCPP 1.6,AES-128-GCM,TLS 1.3,ECDHE-RSA-AES256-GCM-SHA384,1,256,256,valid,344,1,1,1,1,none,0
2025-12-04 15:38:08,CP-038,OCPP 1.6,AES-256-GCM,TLS 1.2,ECDHE-RSA-AES256-GCM-SHA384,0,256,256,valid,188,0,0,1,1,encryption_bypass,1
2025-12-04 19:43:08,CP-041,CAN-BUS,NONE,NONE,NONE,0,0,0,valid,205,0,0,1,0,plaintext_communication,1
2025-12-04 14:54:08,CP-012,ISO 15118,AES-128-GCM,TLS 1.3,TLS_AES_128_GCM_SHA256,1,256,256,verified,238,1,1,1,1,none,0
2025-12-04 18:05:08,CP-019,ISO 15118,ChaCha20-Poly1305,TLS 1.3,ECDHE-RSA-AES128-GCM-SHA256,1,256,256,revoked,0,1,1,1,1,certificate_error,1
2025-12-04 11:52:08,CP-024,OCPP 2.0,ChaCha20-Poly1305,TLS 1.2,TLS_CHACHA20_POLY1305_SHA256,1,256,256,verified,265,1,1,1,1,none,0
2025-12-04 19:11:08,CP-001,OCPP 2.0.1,AES-128-GCM,TLS 1.2,TLS_AES_256_GCM_SHA384,1,256,256,not_trusted,-1,1,1,1,1,certificate_error,1
2025-12-04 14:02:08,CP-019,CAN-BUS,AES-128-GCM,TLS 1.3,TLS_AES_128_GCM_SHA256,1,384,521,verified,250,1,1,1,1,none,0
2025-12-04 11:19:08,CP-037,CAN-BUS,ChaCha20-Poly1305,TLS 1.2,TLS_AES_128_GCM_SHA256,1,256,521,verified,192,1,1,1,1,none,0
2025-12-04 03:42:08,CP-017,OCPP 1.6,AES-256-GCM,TLS 1.3,ECDHE-RSA-AES128-GCM-SHA256,1,256,521,verified,117,1,1,1,1,none,0
2025-12-04 05:57:08,CP-003,OCPP 2.0,AES-256-GCM,TLS 1.2,ECDHE-RSA-AES256-GCM-SHA384,1,256,384,valid,92,1,1,1,1,none,0
2025-12-04 11:48:08,CP-048,OCPP 2.0,AES-128-GCM,TLS 1.2,ECDHE-RSA-AES128-GCM-SHA256,1,256,384,verified,297,1,1,1,1,none,0
2025-12-04 15:21:08,CP-008,OCPP 2.0,ChaCha20-Poly1305,TLS 1.2,TLS_CHACHA20_POLY1305_SHA256,0,256,256,valid,354,0,0,1,1,encryption_bypass,1
2025-12-04 16:54:08,CP-037,CAN-BUS,RC4,TLS 1.1,NONE,1,112,256,valid,232,1,1,1,0,ssl_tls_vulnerability,1
2025-12-04 20:02:08,CP-038,OCPP 2.0,NULL,TLS 1.0,TLS_RSA_WITH_RC4_128_SHA,1,64,64,valid,136,1,1,1,0,weak_cipher,1
2025-12-04 05:58:08,CP-050,CAN-BUS,ChaCha20-Poly1305,TLS 1.2,ECDHE-RSA-AES256-GCM-SHA384,1,384,256,verified,107,1,1,1,1,none,0
2025-12-04 12:57:08,CP-042,CAN-BUS,ChaCha20-Poly1305,TLS 1.3,TLS_AES_256_GCM_SHA384,1,256,256,valid,292,1,1,1,1,none,0
2025-12-04 15:02:08,CP-023,OCPP 1.6,AES-128-GCM,TLS 1.2,ECDHE-RSA-AES256-GCM-SHA384,1,384,384,verified,169,1,1,1,1,none,0
2025-12-04 06:36:08,CP-044,OCPP 2.0.1,AES-256-GCM,TLS 1.3,TLS_AES_256_GCM_SHA384,1,256,256,verified,281,1,1,1,1,none,0
2025-12-04 12:08:08,CP-033,OCPP 2.0,AES-256-GCM,TLS 1.3,TLS_CHACHA20_POLY1305_SHA256,1,384,384,valid,243,1,1,1,1,none,0
2025-12-04 17:48:08,CP-021,OCPP 2.0.1,AES-256-GCM,TLS 1.3,ECDHE-RSA-AES128-GCM-SHA256,0,256,256,valid,100,0,0,1,1,encryption_bypass,1
2025-12-04 08:23:08,CP-012,CAN-BUS,AES-128-GCM,TLS 1.3,ECDHE-RSA-AES128-GCM-SHA256,1,384,256,valid,48,1,1,1,1,none,0
2025-12-04 14:53:08,CP-024,OCPP 1.6,AES-256-GCM,TLS 1.2,TLS_AES_256_GCM_SHA384,1,384,256,verified,295,1,1,1,1,none,0
2025-12-04 13:49:08,CP-019,OCPP 2.0.1,ChaCha20-Poly1305,TLS 1.2,TLS_CHACHA20_POLY1305_SHA256,1,384,521,valid,35,1,1,1,1,none,0
2025-12-04 13:30:08,CP-049,OCPP 2.0,ChaCha20-Poly1305,TLS 1.3,ECDHE-RSA-AES128-GCM-SHA256,1,384,384,valid,95,1,1,1,1,none,0
2025-12-04 05:47:08,CP-025,OCPP 2.0,ChaCha20-Poly1305,TLS 1.2,TLS_CHACHA20_POLY1305_SHA256,1,384,384,valid,188,1,1,1,1,none,0
2025-12-04 13:12:08,CP-047,OCPP 2.0,AES-128-GCM,TLS 1.2,TLS_CHACHA20_POLY1305_SHA256,1,384,384,verified,360,1,1,1,1,none,0
2025-12-04 15:03:08,CP-022,OCPP 2.0.1,AES-128-GCM,TLS 1.2,TLS_CHACHA20_POLY1305_SHA256,1,256,384,valid,141,1,1,1,1,none,0
2025-12-04 12:50:08,CP-014,OCPP 2.0.1,AES-128-GCM,TLS 1.3,TLS_AES_128_GCM_SHA256,1,256,384,verified,62,1,1,1,1,none,0
2025-12-04 18:19:08,CP-031,OCPP 2.0.1,RC4,SSL 2.0,NULL,1,112,256,valid,251,1,1,1,0,downgrade_attack,1
2025-12-04 17:53:08,CP-012,ISO 15118,AES-128-GCM,TLS 1.3,TLS_AES_128_GCM_SHA256,1,256,64,valid,114,1,1,0,0,key_management_issue,1
2025-12-04 12:04:08,CP-025,OCPP 1.6,AES-128-GCM,TLS 1.2,TLS_CHACHA20_POLY1305_SHA256,1,384,384,valid,326,1,1,1,1,none,0
2025-12-04 08:47:08,CP-014,OCPP 2.0.1,ChaCha20-Poly1305,TLS 1.3,TLS_AES_128_GCM_SHA256,1,256,384,valid,93,1,1,1,1,none,0
2025-12-04 08:42:08,CP-044,ISO 15118,AES-256-GCM,TLS 1.3,ECDHE-RSA-AES256-GCM-SHA384,1,384,384,verified,160,1,1,1,1,none,0
2025-12-04 13:11:08,CP-019,CAN-BUS,AES-256-GCM,TLS 1.3,TLS_AES_128_GCM_SHA256,1,384,256,valid,332,1,1,1,1,none,0
2025-12-04 19:54:08,CP-025,OCPP 2.0.1,AES-128-GCM,TLS 1.2,TLS_CHACHA20_POLY1305_SHA256,1,256,64,valid,47,1,1,0,0,key_management_issue,1
2025-12-04 14:44:08,CP-028,OCPP 1.6,ChaCha20-Poly1305,TLS 1.3,ECDHE-RSA-AES256-GCM-SHA384,1,384,521,valid,232,1,1,1,1,none,0
2025-12-04 16:36:08,CP-022,OCPP 1.6,NONE,TLS 1.0,TLS_RSA_WITH_NULL_SHA,1,112,256,valid,291,1,1,1,0,downgrade_attack,1
2025-12-04 03:37:08,CP-032,OCPP 1.6,AES-256-GCM,TLS 1.2,TLS_AES_128_GCM_SHA256,1,256,521,valid,40,1,1,1,1,none,0
2025-12-04 05:55:08,CP-026,ISO 15118,AES-256-GCM,TLS 1.3,ECDHE-RSA-AES256-GCM-SHA384,1,256,256,verified,182,1,1,1,1,none,0
2025-12-04 06:39:08,CP-040,CAN-BUS,AES-128-GCM,TLS 1.2,ECDHE-RSA-AES256-GCM-SHA384,1,384,256,verified,273,1,1,1,1,none,0
2025-12-04 15:43:08,CP-004,OCPP 2.0,NONE,NONE,NONE,0,0,0,valid,216,0,0,1,0,plaintext_communication,1
2025-12-04 15:14:08,CP-043,OCPP 2.0,ChaCha20-Poly1305,TLS 1.3,ECDHE-RSA-AES128-GCM-SHA256,1,256,256,invalid_chain,278,1,0,1,1,man_in_the_middle,1
2025-12-04 07:32:08,CP-043,OCPP 2.0,AES-256-GCM,TLS 1.2,ECDHE-RSA-AES128-GCM-SHA256,1,256,384,valid,76,1,1,1,1,none,0
2025-12-04 11:47:08,CP-013,OCPP 2.0,AES-256-GCM,TLS 1.2,ECDHE-RSA-AES128-GCM-SHA256,1,256,521,verified,106,1,1,1,1,none,0
2025-12-04 15:05:08,CP-006,OCPP 1.6,AES-256-GCM,TLS 1.3,ECDHE-RSA-AES256-GCM-SHA384,0,256,256,valid,314,1,0,1,1,encryption_bypass,1
2025-12-04 15:52:08,CP-046,ISO 15118,3DES,TLS 1.0,TLS_RSA_WITH_3DES_EDE_CBC_SHA,1,128,256,valid,284,1,1,1,0,ssl_tls_vulnerability,1
2025-12-04 19:22:08,CP-016,OCPP 2.0.1,ChaCha20-Poly1305,TLS 1.3,TLS_AES_128_GCM_SHA256,1,256,256,revoked,-15,1,1,1,1,certificate_error,1
2025-12-04 17:43:08,CP-006,OCPP 2.0.1,NULL,SSL 3.0,TLS_RSA_WITH_3DES_EDE_CBC_SHA,1,56,256,valid,207,1,1,1,0,downgrade_attack,1
2025-12-04 13:37:08,CP-017,OCPP 2.0.1,AES-256-GCM,TLS 1.3,TLS_AES_128_GCM_SHA256,1,384,384,valid,259,1,1,1,1,none,0
2025-12-04 16:56:08,CP-044,CAN-BUS,ChaCha20-Poly1305,TLS 1.3,ECDHE-RSA-AES128-GCM-SHA256,0,256,256,valid,197,1,0,1,1,encryption_bypass,1
2025-12-04 03:39:08,CP-008,OCPP 2.0,AES-128-GCM,TLS 1.2,TLS_AES_128_GCM_SHA256,1,256,256,verified,291,1,1,1,1,none,0
2025-12-04 18:37:08,CP-026,OCPP 2.0,AES-256-GCM,TLS 1.2,TLS_AES_256_GCM_SHA384,0,256,256,valid,212,1,0,1,1,encryption_bypass,1
2025-12-04 14:13:08,CP-045,OCPP 1.6,AES-256-GCM,TLS 1.2,TLS_CHACHA20_POLY1305_SHA256,1,256,384,verified,155,1,1,1,1,none,0
2025-12-04 14:28:08,CP-024,OCPP 2.0,AES-256-GCM,TLS 1.2,ECDHE-RSA-AES256-GCM-SHA384,1,384,521,verified,213,1,1,1,1,none,0
2025-12-04 07:36:08,CP-032,OCPP 2.0.1,AES-256-GCM,TLS 1.3,TLS_AES_128_GCM_SHA256,1,256,521,valid,45,1,1,1,1,none,0
2025-12-04 09:14:08,CP-035,OCPP 2.0.1,AES-128-GCM,TLS 1.2,ECDHE-RSA-AES128-GCM-SHA256,1,384,384,verified,210,1,1,1,1,none,0
2025-12-04 18:39:08,CP-042,CAN-BUS,ChaCha20-Poly1305,TLS 1.3,TLS_AES_256_GCM_SHA384,1,256,256,invalid_chain,271,1,0,1,1,man_in_the_middle,1
2025-12-04 18:09:08,CP-019,OCPP 2.0,NONE,NONE,NONE,0,0,0,valid,234,0,0,1,0,plaintext_communication,1
2025-12-04 13:32:08,CP-044,OCPP 2.0.1,ChaCha20-Poly1305,TLS 1.2,TLS_AES_256_GCM_SHA384,1,256,521,valid,62,1,1,1,1,none,0
2025-12-04 17:57:08,CP-024,CAN-BUS,NONE,TLS 1.0,TLS_RSA_WITH_RC4_128_SHA,1,40,112,valid,169,1,1,1,0,weak_cipher,1
2025-12-04 12:49:08,CP-037,OCPP 2.0.1,AES-256-GCM,TLS 1.3,ECDHE-RSA-AES128-GCM-SHA256,1,384,256,verified,141,1,1,1,1,none,0
2025-12-04 08:14:08,CP-008,OCPP 1.6,AES-256-GCM,TLS 1.2,TLS_AES_128_GCM_SHA256,1,384,521,valid,208,1,1,1,1,none,0
2025-12-04 09:37:08,CP-017,OCPP 2.0,ChaCha20-Poly1305,TLS 1.2,TLS_AES_256_GCM_SHA384,1,384,384,valid,263,1,1,1,1,none,0
2025-12-04 04:14:08,CP-001,ISO 15118,AES-128-GCM,TLS 1.3,TLS_AES_256_GCM_SHA384,1,384,384,valid,159,1,1,1,1,none,0
2025-12-04 17:30:08,CP-018,OCPP 2.0,ChaCha20-Poly1305,TLS 1.2,TLS_CHACHA20_POLY1305_SHA256,1,256,256,revoked,-7,1,1,1,1,certificate_error,1
2025-12-04 09:07:08,CP-042,ISO 15118,ChaCha20-Poly1305,TLS 1.3,ECDHE-RSA-AES256-GCM-SHA384,1,384,256,valid,97,1,1,1,1,none,0
2025-12-04 14:39:08,CP-023,ISO 15118,AES-256-GCM,TLS 1.3,TLS_CHACHA20_POLY1305_SHA256,1,384,256,valid,148,1,1,1,1,none,0
2025-12-04 06:21:08,CP-041,OCPP 2.0.1,AES-128-GCM,TLS 1.3,TLS_AES_256_GCM_SHA384,1,384,256,verified,211,1,1,1,1,none,0
2025-12-04 19:44:08,CP-034,OCPP 1.6,AES-256-GCM,TLS 1.2,ECDHE-RSA-AES128-GCM-SHA256,1,256,256,invalid_chain,348,1,0,1,1,man_in_the_middle,1
2025-12-04 04:01:08,CP-041,CAN-BUS,ChaCha20-Poly1305,TLS 1.2,TLS_AES_256_GCM_SHA384,1,384,384,valid,304,1,1,1,1,none,0
2025-12-04 20:00:08,CP-038,OCPP 1.6,AES-256-GCM,TLS 1.3,TLS_AES_256_GCM_SHA384,1,256,128,valid,241,1,1,0,0,key_management_issue,1
2025-12-04 15:36:08,CP-018,OCPP 2.0,AES-128-GCM,TLS 1.2,ECDHE-RSA-AES128-GCM-SHA256,1,256,256,self_signed,123,1,0,1,1,man_in_the_middle,1
2025-12-04 06:02:08,CP-015,OCPP 2.0,AES-256-GCM,TLS 1.3,TLS_AES_256_GCM_SHA384,1,384,256,valid,49,1,1,1,1,none,0
2025-12-04 08:17:08,CP-050,ISO 15118,ChaCha20-Poly1305,TLS 1.3,TLS_AES_256_GCM_SHA384,1,256,384,valid,266,1,1,1,1,none,0
2025-12-04 10:27:08,CP-002,CAN-BUS,AES-128-GCM,TLS 1.2,TLS_CHACHA20_POLY1305_SHA256,1,256,256,valid,314,1,1,1,1,none,0
2025-12-04 16:08:08,CP-016,OCPP 1.6,AES-256-GCM,TLS 1.2,TLS_AES_128_GCM_SHA256,0,256,256,valid,294,0,0,1,1,encryption_bypass,1
2025-12-04 04:49:08,CP-044,OCPP 1.6,ChaCha20-Poly1305,TLS 1.3,TLS_AES_128_GCM_SHA256,1,384,521,verified,295,1,1,1,1,none,0
2025-12-04 17:11:08,CP-010,OCPP 1.6,NONE,NONE,NONE,0,0,0,valid,317,0,0,1,0,plaintext_communication,1
2025-12-04 07:41:08,CP-027,OCPP 2.0,AES-256-GCM,TLS 1.2,TLS_CHACHA20_POLY1305_SHA256,1,384,256,verified,41,1,1,1,1,none,0
2025-12-04 03:59:08,CP-020,ISO 15118,ChaCha20-Poly1305,TLS 1.2,TLS_AES_128_GCM_SHA256,1,384,256,valid,217,1,1,1,1,none,0
2025-12-04 14:22:08,CP-042,OCPP 2.0,ChaCha20-Poly1305,TLS 1.3,TLS_AES_256_GCM_SHA384,1,384,521,valid,257,1,1,1,1,none,0
2025-12-04 16:47:08,CP-016,OCPP 1.6,ChaCha20-Poly1305,TLS 1.2,ECDHE-RSA-AES128-GCM-SHA256,1,256,256,invalid_chain,253,1,0,1,1,man_in_the_middle,1
2025-12-04 19:31:08,CP-043,OCPP 2.0.1,ChaCha20-Poly1305,TLS 1.2,TLS_AES_128_GCM_SHA256,1,256,128,valid,218,1,1,0,0,key_management_issue,1
2025-12-04 15:55:08,CP-003,OCPP 2.0.1,AES-128-GCM,TLS 1.3,TLS_CHACHA20_POLY1305_SHA256,1,256,256,not_trusted,-15,1,1,1,1,certificate_error,1
2025-12-04 11:41:08,CP-017,OCPP 2.0.1,AES-128-GCM,TLS 1.2,ECDHE-RSA-AES128-GCM-SHA256,1,256,384,valid,65,1,1,1,1,none,0
2025-12-04 05:14:08,CP-033,ISO 15118,AES-128-GCM,TLS 1.3,TLS_AES_256_GCM_SHA384,1,384,256,verified,215,1,1,1,1,none,0
2025-12-04 10:24:08,CP-007,CAN-BUS,ChaCha20-Poly1305,TLS 1.2,TLS_AES_128_GCM_SHA256,1,384,256,valid,249,1,1,1,1,none,0
2025-12-04 13:52:08,CP-005,ISO 15118,ChaCha20-Poly1305,TLS 1.2,ECDHE-RSA-AES128-GCM-SHA256,1,256,384,verified,101,1,1,1,1,none,0
2025-12-04 15:24:08,CP-019,OCPP 2.0.1,NONE,NONE,NONE,0,0,0,valid,130,0,0,1,0,plaintext_communication,1
2025-12-04 11:13:08,CP-017,ISO 15118,AES-256-GCM,TLS 1.3,ECDHE-RSA-AES128-GCM-SHA256,1,256,384,valid,180,1,1,1,1,none,0
2025-12-04 05:49:08,CP-008,ISO 15118,AES-128-GCM,TLS 1.2,ECDHE-RSA-AES256-GCM-SHA384,1,384,384,valid,196,1,1,1,1,none,0
2025-12-04 11:35:08,CP-028,OCPP 2.0.1,ChaCha20-Poly1305,TLS 1.2,ECDHE-RSA-AES256-GCM-SHA384,1,256,521,valid,79,1,1,1,1,none,0
2025-12-04 05:28:08,CP-001,OCPP 2.0,AES-256-GCM,TLS 1.3,ECDHE-RSA-AES256-GCM-SHA384,1,256,521,verified,317,1,1,1,1,none,0
2025-12-04 12:51:08,CP-041,ISO 15118,AES-128-GCM,TLS 1.2,ECDHE-RSA-AES256-GCM-SHA384,1,256,256,valid,187,1,1,1,1,none,0
2025-12-04 07:15:08,CP-041,ISO 15118,ChaCha20-Poly1305,TLS 1.2,TLS_AES_128_GCM_SHA256,1,384,256,valid,56,1,1,1,1,none,0
2025-12-04 14:10:08,CP-043,ISO 15118,AES-128-GCM,TLS 1.3,ECDHE-RSA-AES256-GCM-SHA384,1,256,384,verified,269,1,1,1,1,none,0
2025-12-04 08:09:08,CP-019,OCPP 2.0.1,AES-128-GCM,TLS 1.2,TLS_AES_256_GCM_SHA384,1,256,521,valid,322,1,1,1,1,none,0
2025-12-04 08:15:08,CP-022,OCPP 2.0.1,AES-128-GCM,TLS 1.3,TLS_AES_128_GCM_SHA256,1,384,521,valid,340,1,1,1,1,none,0
2025-12-04 16:41:08,CP-049,OCPP 2.0,NONE,TLS 1.1,TLS_RSA_EXPORT_WITH_RC4_40_MD5,1,56,112,valid,235,1,1,1,0,weak_cipher,1
2025-12-04 17:16:08,CP-022,OCPP 2.0,DES,TLS 1.1,NONE,1,64,128,valid,139,1,1,1,0,weak_cipher,1
2025-12-04 17:04:08,CP-038,ISO 15118,AES-256-GCM,TLS 1.2,TLS_AES_256_GCM_SHA384,0,256,256,valid,38,0,0,1,1,encryption_bypass,1
2025-12-04 08:59:08,CP-049,OCPP 2.0.1,AES-128-GCM,TLS 1.3,TLS_CHACHA20_POLY1305_SHA256,1,256,521,verified,218,1,1,1,1,none,0
2025-12-04 03:57:08,CP-023,OCPP 1.6,AES-256-GCM,TLS 1.3,ECDHE-RSA-AES128-GCM-SHA256,1,384,521,valid,197,1,1,1,1,none,0
2025-12-04 13:45:08,CP-009,ISO 15118,AES-128-GCM,TLS 1.3,TLS_CHACHA20_POLY1305_SHA256,1,256,384,verified,141,1,1,1,1,none,0
2025-12-04 09:04:08,CP-018,ISO 15118,AES-128-GCM,TLS 1.2,ECDHE-RSA-AES128-GCM-SHA256,1,256,521,verified,313,1,1,1,1,none,0
2025-12-04 13:07:08,CP-013,CAN-BUS,AES-128-GCM,TLS 1.3,ECDHE-RSA-AES256-GCM-SHA384,1,256,521,valid,127,1,1,1,1,none,0
2025-12-04 12:33:08,CP-040,ISO 15118,AES-256-GCM,TLS 1.3,TLS_AES_256_GCM_SHA384,1,384,256,valid,355,1,1,1,1,none,0
2025-12-04 13:50:08,CP-038,OCPP 2.0.1,AES-256-GCM,TLS 1.2,TLS_AES_256_GCM_SHA384,1,256,384,valid,129,1,1,1,1,none,0
2025-12-04 06:23:08,CP-009,CAN-BUS,AES-128-GCM,TLS 1.3,ECDHE-RSA-AES256-GCM-SHA384,1,384,256,verified,117,1,1,1,1,none,0
2025-12-04 19:10:08,CP-043,OCPP 2.0,NONE,NONE,NONE,0,0,0,valid,197,0,0,1,0,plaintext_communication,1
2025-12-04 14:59:08,CP-039,OCPP 1.6,ChaCha20-Poly1305,TLS 1.2,ECDHE-RSA-AES128-GCM-SHA256,1,384,256,verified,248,1,1,1,1,none,0
2025-12-04 16:03:08,CP-035,OCPP 2.0,AES-128-GCM,TLS 1.3,ECDHE-RSA-AES128-GCM-SHA256,1,256,64,valid,252,1,1,0,0,key_management_issue,1
2025-12-04 09:00:08,CP-043,OCPP 1.6,AES-256-GCM,TLS 1.3,TLS_AES_128_GCM_SHA256,1,384,256,verified,273,1,1,1,1,none,0
2025-12-04 09:29:08,CP-042,CAN-BUS,AES-256-GCM,TLS 1.3,TLS_AES_256_GCM_SHA384,1,384,256,valid,77,1,1,1,1,none,0
2025-12-04 17:32:08,CP-003,OCPP 2.0.1,NONE,NONE,NONE,0,0,0,valid,107,0,0,1,0,plaintext_communication,1
2025-12-04 11:11:08,CP-014,ISO 15118,AES-256-GCM,TLS 1.2,TLS_AES_128_GCM_SHA256,1,256,256,verified,356,1,1,1,1,none,0
2025-12-04 13:46:08,CP-039,OCPP 2.0.1,AES-256-GCM,TLS 1.3,ECDHE-RSA-AES256-GCM-SHA384,1,256,384,verified,349,1,1,1,1,none,0
2025-12-04 04:22:08,CP-031,OCPP 2.0.1,AES-128-GCM,TLS 1.3,TLS_AES_128_GCM_SHA256,1,384,256,valid,201,1,1,1,1,none,0
2025-12-04 03:46:08,CP-015,CAN-BUS,AES-256-GCM,TLS 1.3,TLS_CHACHA20_POLY1305_SHA256,1,256,256,valid,103,1,1,1,1,none,0
2025-12-04 10:58:08,CP-023,CAN-BUS,ChaCha20-Poly1305,TLS 1.3,TLS_AES_256_GCM_SHA384,1,256,384,verified,312,1,1,1,1,none,0
2025-12-04 09:03:08,CP-023,OCPP 1.6,AES-128-GCM,TLS 1.3,ECDHE-RSA-AES256-GCM-SHA384,1,256,521,verified,278,1,1,1,1,none,0
2025-12-04 06:57:08,CP-011,CAN-BUS,AES-256-GCM,TLS 1.3,TLS_AES_256_GCM_SHA384,1,256,256,valid,132,1,1,1,1,none,0
2025-12-04 07:09:08,CP-048,OCPP 2.0.1,AES-256-GCM,TLS 1.2,TLS_AES_128_GCM_SHA256,1,256,521,verified,143,1,1,1,1,none,0
2025-12-04 17:01:08,CP-018,OCPP 2.0,3DES,TLS 1.0,NULL,1,112,256,valid,138,1,1,1,0,ssl_tls_vulnerability,1
2025-12-04 12:30:08,CP-035,CAN-BUS,ChaCha20-Poly1305,TLS 1.2,TLS_CHACHA20_POLY1305_SHA256,1,384,256,verified,329,1,1,1,1,none,0
2025-12-04 07:31:08,CP-044,OCPP 2.0,ChaCha20-Poly1305,TLS 1.2,TLS_CHACHA20_POLY1305_SHA256,1,384,521,verified,112,1,1,1,1,none,0
2025-12-04 07:48:08,CP-033,ISO 15118,AES-256-GCM,TLS 1.2,ECDHE-RSA-AES256-GCM-SHA384,1,256,256,verified,169,1,1,1,1,none,0
2025-12-04 19:57:08,CP-009,CAN-BUS,NONE,NONE,NONE,0,0,0,valid,187,0,0,1,0,plaintext_communication,1
2025-12-04 10:56:08,CP-006,OCPP 2.0,AES-256-GCM,TLS 1.3,TLS_AES_128_GCM_SHA256,1,256,256,verified,52,1,1,1,1,none,0
2025-12-04 04:10:08,CP-013,OCPP 1.6,AES-128-GCM,TLS 1.3,TLS_AES_256_GCM_SHA384,1,256,256,verified,49,1,1,1,1,none,0
2025-12-04 14:08:08,CP-035,OCPP 1.6,AES-256-GCM,TLS 1.2,ECDHE-RSA-AES256-GCM-SHA384,1,384,384,valid,280,1,1,1,1,none,0
2025-12-04 19:05:08,CP-008,CAN-BUS,MD5,TLS 1.1,TLS_RSA_WITH_NULL_SHA,1,64,112,valid,220,1,1,1,0,weak_cipher,1
2025-12-04 17:29:08,CP-039,ISO 15118,NONE,NONE,NONE,0,0,0,valid,138,0,0,1,0,plaintext_communication,1
2025-12-04 19:18:08,CP-041,OCPP 2.0,ChaCha20-Poly1305,TLS 1.3,ECDHE-RSA-AES256-GCM-SHA384,1,256,256,expired,-15,1,1,1,1,certificate_error,1
2025-12-04 12:03:08,CP-039,OCPP 2.0,AES-128-GCM,TLS 1.3,TLS_AES_256_GCM_SHA384,1,384,521,valid,251,1,1,1,1,none,0
2025-12-04 04:59:08,CP-005,CAN-BUS,AES-128-GCM,TLS 1.3,TLS_AES_256_GCM_SHA384,1,256,256,valid,277,1,1,1,1,none,0
2025-12-04 09:48:08,CP-029,OCPP 1.6,AES-256-GCM,TLS 1.3,ECDHE-RSA-AES256-GCM-SHA384,1,256,384,valid,281,1,1,1,1,none,0
2025-12-04 13:00:08,CP-013,OCPP 1.6,ChaCha20-Poly1305,TLS 1.3,TLS_CHACHA20_POLY1305_SHA256,1,256,384,verified,197,1,1,1,1,none,0
2025-12-04 12:29:08,CP-010,CAN-BUS,ChaCha20-Poly1305,TLS 1.2,ECDHE-RSA-AES128-GCM-SHA256,1,384,384,valid,95,1,1,1,1,none,0
2025-12-04 14:01:08,CP-005,OCPP 2.0.1,ChaCha20-Poly1305,TLS 1.2,TLS_CHACHA20_POLY1305_SHA256,1,256,384,valid,30,1,1,1,1,none,0
2025-12-04 09:18:08,CP-005,OCPP 2.0,ChaCha20-Poly1305,TLS 1.2,ECDHE-RSA-AES128-GCM-SHA256,1,256,256,valid,158,1,1,1,1,none,0
2025-12-04 14:57:08,CP-035,OCPP 1.6,ChaCha20-Poly1305,TLS 1.3,TLS_CHACHA20_POLY1305_SHA256,1,256,384,valid,240,1,1,1,1,none,0
2025-12-04 04:40:08,CP-018,OCPP 1.6,ChaCha20-Poly1305,TLS 1.2,TLS_AES_256_GCM_SHA384,1,256,521,verified,178,1,1,1,1,none,0
2025-12-04 12:09:08,CP-028,OCPP 2.0,AES-256-GCM,TLS 1.3,TLS_AES_256_GCM_SHA384,1,384,384,valid,44,1,1,1,1,none,0
2025-12-04 19:24:08,CP-010,OCPP 1.6,AES-128-GCM,TLS 1.3,ECDHE-RSA-AES128-GCM-SHA256,0,256,256,valid,279,0,0,1,1,encryption_bypass,1
2025-12-04 10:34:08,CP-026,ISO 15118,AES-128-GCM,TLS 1.2,TLS_CHACHA20_POLY1305_SHA256,1,256,384,verified,173,1,1,1,1,none,0
2025-12-04 16:52:08,CP-009,CAN-BUS,NONE,NONE,NONE,0,0,0,valid,40,0,0,1,0,plaintext_communication,1
2025-12-04 04:08:08,CP-001,OCPP 1.6,AES-128-GCM,TLS 1.2,ECDHE-RSA-AES128-GCM-SHA256,1,384,384,verified,260,1,1,1,1,none,0
2025-12-04 18:06:08,CP-002,CAN-BUS,NONE,NONE,NONE,0,0,0,valid,303,0,0,1,0,plaintext_communication,1
2025-12-04 17:02:08,CP-049,CAN-BUS,ChaCha20-Poly1305,TLS 1.2,TLS_CHACHA20_POLY1305_SHA256,1,256,256,invalid_chain,309,1,0,1,1,man_in_the_middle,1
2025-12-04 17:47:08,CP-031,OCPP 1.6,AES-256-GCM,TLS 1.2,TLS_AES_128_GCM_SHA256,0,256,256,valid,231,1,0,1,1,encryption_bypass,1
2025-12-04 16:02:08,CP-029,ISO 15118,NONE,NONE,NONE,0,0,0,valid,221,0,0,1,0,plaintext_communication,1
2025-12-04 06:35:08,CP-028,CAN-BUS,AES-256-GCM,TLS 1.3,TLS_AES_256_GCM_SHA384,1,256,384,verified,148,1,1,1,1,none,0
2025-12-04 06:49:08,CP-021,ISO 15118,ChaCha20-Poly1305,TLS 1.2,ECDHE-RSA-AES256-GCM-SHA384,1,256,384,verified,180,1,1,1,1,none,0
2025-12-04 14:24:08,CP-027,OCPP 2.0,AES-256-GCM,TLS 1.2,TLS_AES_256_GCM_SHA384,1,384,256,valid,45,1,1,1,1,none,0
2025-12-04 19:52:08,CP-014,OCPP 1.6,AES-128-GCM,TLS 1.2,TLS_CHACHA20_POLY1305_SHA256,1,256,256,not_trusted,71,1,0,1,1,man_in_the_middle,1
2025-12-04 03:34:08,CP-017,CAN-BUS,AES-128-GCM,TLS 1.3,ECDHE-RSA-AES128-GCM-SHA256,1,384,256,verified,71,1,1,1,1,none,0
2025-12-04 11:21:08,CP-027,ISO 15118,AES-256-GCM,TLS 1.3,ECDHE-RSA-AES128-GCM-SHA256,1,256,384,verified,314,1,1,1,1,none,0
2025-12-04 03:30:08,CP-043,OCPP 2.0.1,AES-128-GCM,TLS 1.3,ECDHE-RSA-AES256-GCM-SHA384,1,256,521,verified,262,1,1,1,1,none,0
2025-12-04 10:33:08,CP-039,CAN-BUS,ChaCha20-Poly1305,TLS 1.3,ECDHE-RSA-AES256-GCM-SHA384,1,256,256,verified,151,1,1,1,1,none,0
2025-12-04 16:11:08,CP-034,CAN-BUS,AES-128-GCM,TLS 1.3,TLS_AES_256_GCM_SHA384,1,256,256,self_signed,-1,1,1,1,1,certificate_error,1
2025-12-04 12:14:08,CP-033,OCPP 2.0,ChaCha20-Poly1305,TLS 1.2,ECDHE-RSA-AES256-GCM-SHA384,1,384,256,verified,334,1,1,1,1,none,0
2025-12-04 19:02:08,CP-045,ISO 15118,NONE,NONE,NONE,0,0,0,valid,251,0,0,1,0,plaintext_communication,1
2025-12-04 10:13:08,CP-017,OCPP 2.0.1,ChaCha20-Poly1305,TLS 1.2,ECDHE-RSA-AES256-GCM-SHA384,1,384,521,verified,112,1,1,1,1,none,0
2025-12-04 09:10:08,CP-021,OCPP 2.0,AES-256-GCM,TLS 1.2,TLS_CHACHA20_POLY1305_SHA256,1,384,384,verified,212,1,1,1,1,none,0
2025-12-04 07:56:08,CP-033,ISO 15118,AES-256-GCM,TLS 1.3,TLS_AES_128_GCM_SHA256,1,256,521,verified,271,1,1,1,1,none,0
2025-12-04 05:07:08,CP-031,OCPP 2.0.1,AES-256-GCM,TLS 1.3,TLS_AES_128_GCM_SHA256,1,384,384,verified,320,1,1,1,1,none,0
2025-12-04 13:23:08,CP-018,OCPP 2.0,AES-128-GCM,TLS 1.3,ECDHE-RSA-AES256-GCM-SHA384,1,384,256,verified,251,1,1,1,1,none,0
2025-12-04 15:33:08,CP-049,ISO 15118,AES-256-GCM,TLS 1.2,TLS_AES_128_GCM_SHA256,1,256,256,expired,-15,1,1,1,1,certificate_error,1
2025-12-04 13:02:08,CP-034,OCPP 2.0,AES-128-GCM,TLS 1.3,ECDHE-RSA-AES128-GCM-SHA256,1,256,521,verified,199,1,1,1,1,none,0
2025-12-04 09:19:08,CP-010,OCPP 1.6,ChaCha20-Poly1305,TLS 1.3,TLS_AES_256_GCM_SHA384,1,256,256,valid,68,1,1,1,1,none,0
2025-12-04 19:38:08,CP-042,OCPP 1.6,SHA1,SSL 3.0,TLS_RSA_EXPORT_WITH_RC4_40_MD5,1,112,256,valid,289,1,1,1,0,downgrade_attack,1
2025-12-04 05:54:08,CP-005,ISO 15118,ChaCha20-Poly1305,TLS 1.2,TLS_CHACHA20_POLY1305_SHA256,1,384,384,valid,271,1,1,1,1,none,0
2025-12-04 11:01:08,CP-024,ISO 15118,AES-256-GCM,TLS 1.2,ECDHE-RSA-AES128-GCM-SHA256,1,256,384,verified,293,1,1,1,1,none,0
2025-12-04 13:51:08,CP-043,CAN-BUS,ChaCha20-Poly1305,TLS 1.3,ECDHE-RSA-AES128-GCM-SHA256,1,256,521,valid,288,1,1,1,1,none,0
2025-12-04 14:38:08,CP-040,ISO 15118,AES-128-GCM,TLS 1.3,TLS_AES_128_GCM_SHA256,1,384,256,valid,266,1,1,1,1,none,0
2025-12-04 18:12:08,CP-036,OCPP 1.6,AES-128-GCM,TLS 1.2,ECDHE-RSA-AES256-GCM-SHA384,0,256,256,valid,196,1,0,1,1,encryption_bypass,1
2025-12-04 10:38:08,CP-043,OCPP 1.6,ChaCha20-Poly1305,TLS 1.2,TLS_CHACHA20_POLY1305_SHA256,1,384,521,valid,137,1,1,1,1,none,0
2025-12-04 06:52:08,CP-010,OCPP 2.0.1,AES-128-GCM,TLS 1.2,ECDHE-RSA-AES256-GCM-SHA384,1,384,521,verified,268,1,1,1,1,none,0
2025-12-04 05:09:08,CP-025,OCPP 1.6,AES-256-GCM,TLS 1.2,TLS_CHACHA20_POLY1305_SHA256,1,256,256,valid,364,1,1,1,1,none,0
2025-12-04 16:32:08,CP-029,ISO 15118,NONE,NONE,NONE,0,0,0,valid,302,0,0,1,0,plaintext_communication,1
2025-12-04 18:42:08,CP-028,OCPP 1.6,3DES,SSL 3.0,TLS_RSA_EXPORT_WITH_RC4_40_MD5,1,112,256,valid,45,1,1,1,0,ssl_tls_vulnerability,1
2025-12-04 09:50:08,CP-027,OCPP 1.6,AES-256-GCM,TLS 1.2,TLS_AES_128_GCM_SHA256,1,384,256,valid,358,1,1,1,1,none,0
2025-12-04 10:59:08,CP-017,OCPP 1.6,AES-256-GCM,TLS 1.3,ECDHE-RSA-AES128-GCM-SHA256,1,384,256,verified,269,1,1,1,1,none,0
2025-12-04 07:21:08,CP-033,ISO 15118,AES-256-GCM,TLS 1.2,ECDHE-RSA-AES256-GCM-SHA384,1,384,384,valid,244,1,1,1,1,none,0
2025-12-04 08:13:08,CP-032,OCPP 2.0,AES-256-GCM,TLS 1.3,TLS_CHACHA20_POLY1305_SHA256,1,256,384,valid,363,1,1,1,1,none,0
2025-12-04 07:18:08,CP-043,CAN-BUS,AES-256-GCM,TLS 1.3,TLS_AES_128_GCM_SHA256,1,384,384,verified,312,1,1,1,1,none,0
2025-12-04 06:53:08,CP-018,OCPP 2.0.1,AES-128-GCM,TLS 1.3,ECDHE-RSA-AES128-GCM-SHA256,1,384,256,verified,260,1,1,1,1,none,0
2025-12-04 19:25:08,CP-047,OCPP 1.6,ChaCha20-Poly1305,TLS 1.3,TLS_AES_128_GCM_SHA256,1,256,128,valid,197,1,1,0,0,key_management_issue,1
2025-12-04 05:24:08,CP-016,OCPP 1.6,AES-128-GCM,TLS 1.2,ECDHE-RSA-AES256-GCM-SHA384,1,384,521,verified,71,1,1,1,1,none,0
2025-12-04 07:47:08,CP-041,ISO 15118,AES-256-GCM,TLS 1.2,ECDHE-RSA-AES256-GCM-SHA384,1,256,256,verified,109,1,1,1,1,none,0
2025-12-04 15:06:08,CP-020,OCPP 2.0.1,3DES,TLS 1.0,TLS_RSA_EXPORT_WITH_RC4_40_MD5,1,56,256,valid,59,1,1,1,0,downgrade_attack,1
2025-12-04 08:46:08,CP-030,OCPP 2.0.1,AES-128-GCM,TLS 1.2,TLS_CHACHA20_POLY1305_SHA256,1,384,384,verified,327,1,1,1,1,none,0
2025-12-04 14:04:08,CP-025,OCPP 2.0,ChaCha20-Poly1305,TLS 1.2,ECDHE-RSA-AES128-GCM-SHA256,1,256,384,verified,84,1,1,1,1,none,0
2025-12-04 07:27:08,CP-048,OCPP 2.0,AES-256-GCM,TLS 1.2,TLS_AES_128_GCM_SHA256,1,256,521,valid,359,1,1,1,1,none,0
2025-12-04 17:45:08,CP-021,OCPP 1.6,3DES,TLS 1.1,NULL,1,56,256,valid,31,1,1,1,0,ssl_tls_vulnerability,1
2025-12-04 15:45:08,CP-022,CAN-BUS,AES-256-GCM,TLS 1.2,TLS_AES_128_GCM_SHA256,1,256,256,expired,-15,1,1,1,1,certificate_error,1
2025-12-04 19:51:08,CP-013,OCPP 1.6,ChaCha20-Poly1305,TLS 1.3,TLS_CHACHA20_POLY1305_SHA256,0,256,256,valid,112,0,0,1,1,encryption_bypass,1
2025-12-04 11:56:08,CP-025,ISO 15118,AES-256-GCM,TLS 1.3,TLS_AES_128_GCM_SHA256,1,256,256,valid,203,1,1,1,1,none,0
2025-12-04 19:56:08,CP-001,OCPP 2.0,AES-128-GCM,TLS 1.3,TLS_CHACHA20_POLY1305_SHA256,1,256,256,expired,-15,1,1,1,1,certificate_error,1
2025-12-04 10:57:08,CP-032,OCPP 2.0,ChaCha20-Poly1305,TLS 1.3,TLS_CHACHA20_POLY1305_SHA256,1,384,256,verified,349,1,1,1,1,none,0
2025-12-04 04:44:08,CP-023,OCPP 2.0.1,ChaCha20-Poly1305,TLS 1.2,ECDHE-RSA-AES128-GCM-SHA256,1,256,521,verified,139,1,1,1,1,none,0
2025-12-04 09:42:08,CP-001,OCPP 2.0.1,AES-256-GCM,TLS 1.2,TLS_AES_128_GCM_SHA256,1,256,256,valid,31,1,1,1,1,none,0
2025-12-04 15:56:08,CP-050,OCPP 1.6,AES-256-GCM,TLS 1.2,ECDHE-RSA-AES128-GCM-SHA256,0,256,256,valid,182,0,0,1,1,encryption_bypass,1
2025-12-04 08:54:08,CP-048,OCPP 1.6,AES-256-GCM,TLS 1.2,ECDHE-RSA-AES256-GCM-SHA384,1,384,256,valid,233,1,1,1,1,none,0
2025-12-04 12:43:08,CP-038,CAN-BUS,AES-256-GCM,TLS 1.3,TLS_AES_256_GCM_SHA384,1,384,256,valid,177,1,1,1,1,none,0
2025-12-04 14:16:08,CP-008,OCPP 2.0,ChaCha20-Poly1305,TLS 1.3,ECDHE-RSA-AES256-GCM-SHA384,1,384,521,valid,200,1,1,1,1,none,0
2025-12-04 10:41:08,CP-025,OCPP 2.0,AES-256-GCM,TLS 1.2,TLS_AES_256_GCM_SHA384,1,384,384,verified,317,1,1,1,1,none,0
2025-12-04 04:39:08,CP-029,ISO 15118,ChaCha20-Poly1305,TLS 1.2,ECDHE-RSA-AES128-GCM-SHA256,1,384,256,valid,35,1,1,1,1,none,0
2025-12-04 07:39:08,CP-046,ISO 15118,AES-256-GCM,TLS 1.2,TLS_CHACHA20_POLY1305_SHA256,1,384,384,verified,103,1,1,1,1,none,0
2025-12-04 11:46:08,CP-039,OCPP 1.6,ChaCha20-Poly1305,TLS 1.3,TLS_CHACHA20_POLY1305_SHA256,1,256,384,valid,139,1,1,1,1,none,0
2025-12-04 09:15:08,CP-035,ISO 15118,AES-256-GCM,TLS 1.3,TLS_AES_256_GCM_SHA384,1,384,384,verified,200,1,1,1,1,none,0
2025-12-04 18:48:08,CP-016,OCPP 2.0,NONE,SSL 2.0,TLS_RSA_WITH_RC4_128_SHA,1,56,256,valid,320,1,1,1,0,downgrade_attack,1
2025-12-04 12:23:08,CP-010,OCPP 1.6,AES-256-GCM,TLS 1.3,TLS_AES_256_GCM_SHA384,1,384,384,verified,218,1,1,1,1,none,0
2025-12-04 07:01:08,CP-006,OCPP 2.0,ChaCha20-Poly1305,TLS 1.2,TLS_AES_128_GCM_SHA256,1,384,256,valid,242,1,1,1,1,none,0
2025-12-04 14:50:08,CP-030,ISO 15118,ChaCha20-Poly1305,TLS 1.3,TLS_AES_256_GCM_SHA384,1,256,256,verified,73,1,1,1,1,none,0
2025-12-04 15:39:08,CP-049,OCPP 2.0.1,AES-256-GCM,TLS 1.3,TLS_AES_256_GCM_SHA384,0,256,256,valid,364,0,0,1,1,encryption_bypass,1
2025-12-04 05:33:08,CP-005,CAN-BUS,AES-256-GCM,TLS 1.3,TLS_AES_128_GCM_SHA256,1,256,384,verified,153,1,1,1,1,none,0
2025-12-04 16:40:08,CP-003,CAN-BUS,ChaCha20-Poly1305,TLS 1.3,TLS_AES_128_GCM_SHA256,0,256,256,valid,318,1,0,1,1,encryption_bypass,1
2025-12-04 18:28:08,CP-014,ISO 15118,AES-256-GCM,TLS 1.3,TLS_CHACHA20_POLY1305_SHA256,1,256,256,invalid_chain,228,1,0,1,1,man_in_the_middle,1
2025-12-04 05:30:08,CP-007,OCPP 1.6,ChaCha20-Poly1305,TLS 1.2,TLS_CHACHA20_POLY1305_SHA256,1,384,384,valid,69,1,1,1,1,none,0
2025-12-04 15:17:08,CP-018,OCPP 2.0.1,AES-128-GCM,TLS 1.2,ECDHE-RSA-AES256-GCM-SHA384,1,256,256,invalid_chain,292,1,0,1,1,man_in_the_middle,1
2025-12-04 18:38:08,CP-036,OCPP 1.6,AES-256-GCM,TLS 1.3,TLS_AES_256_GCM_SHA384,1,256,256,not_trusted,190,1,0,1,1,man_in_the_middle,1
2025-12-04 04:11:08,CP-009,OCPP 2.0,ChaCha20-Poly1305,TLS 1.3,ECDHE-RSA-AES128-GCM-SHA256,1,256,521,valid,49,1,1,1,1,none,0
2025-12-04 05:11:08,CP-029,ISO 15118,AES-256-GCM,TLS 1.2,ECDHE-RSA-AES256-GCM-SHA384,1,384,521,verified,124,1,1,1,1,none,0
2025-12-04 09:55:08,CP-044,OCPP 2.0,AES-128-GCM,TLS 1.2,TLS_CHACHA20_POLY1305_SHA256,1,384,521,verified,33,1,1,1,1,none,0
2025-12-04 14:35:08,CP-048,CAN-BUS,AES-128-GCM,TLS 1.3,ECDHE-RSA-AES128-GCM-SHA256,1,256,384,valid,327,1,1,1,1,none,0
2025-12-04 09:54:08,CP-027,OCPP 2.0,AES-256-GCM,TLS 1.2,TLS_AES_128_GCM_SHA256,1,256,256,verified,160,1,1,1,1,none,0
2025-12-04 09:25:08,CP-020,OCPP 1.6,ChaCha20-Poly1305,TLS 1.3,TLS_AES_256_GCM_SHA384,1,384,384,valid,124,1,1,1,1,none,0
2025-12-04 12:10:08,CP-015,CAN-BUS,ChaCha20-Poly1305,TLS 1.2,ECDHE-RSA-AES256-GCM-SHA384,1,256,521,verified,311,1,1,1,1,none,0
2025-12-04 06:54:08,CP-037,OCPP 1.6,ChaCha20-Poly1305,TLS 1.3,ECDHE-RSA-AES256-GCM-SHA384,1,384,521,valid,302,1,1,1,1,none,0
2025-12-04 06:01:08,CP-005,ISO 15118,AES-256-GCM,TLS 1.3,TLS_AES_256_GCM_SHA384,1,384,521,valid,144,1,1,1,1,none,0
2025-12-04 18:52:08,CP-035,OCPP 1.6,NULL,TLS 1.0,TLS_RSA_WITH_RC4_128_SHA,1,40,40,valid,359,1,1,1,0,weak_cipher,1
2025-12-04 03:53:08,CP-045,OCPP 2.0,AES-128-GCM,TLS 1.3,TLS_AES_128_GCM_SHA256,1,384,384,valid,357,1,1,1,1,none,0
2025-12-04 10:28:08,CP-008,CAN-BUS,AES-128-GCM,TLS 1.2,TLS_AES_128_GCM_SHA256,1,256,521,verified,126,1,1,1,1,none,0
2025-12-04 05:18:08,CP-028,CAN-BUS,ChaCha20-Poly1305,TLS 1.3,ECDHE-RSA-AES128-GCM-SHA256,1,384,384,verified,329,1,1,1,1,none,0
2025-12-04 06:55:08,CP-013,OCPP 1.6,AES-256-GCM,TLS 1.3,TLS_AES_256_GCM_SHA384,1,384,521,verified,171,1,1,1,1,none,0
2025-12-04 10:26:08,CP-033,OCPP 1.6,AES-128-GCM,TLS 1.2,TLS_AES_128_GCM_SHA256,1,256,521,verified,33,1,1,1,1,none,0
2025-12-04 19:23:08,CP-046,OCPP 1.6,NULL,TLS 1.1,NONE,1,40,64,valid,218,1,1,1,0,weak_cipher,1
2025-12-04 10:11:08,CP-014,OCPP 2.0.1,AES-256-GCM,TLS 1.3,TLS_AES_128_GCM_SHA256,1,384,521,valid,309,1,1,1,1,none,0
2025-12-04 14:11:08,CP-012,OCPP 1.6,ChaCha20-Poly1305,TLS 1.3,TLS_AES_128_GCM_SHA256,1,256,256,verified,95,1,1,1,1,none,0
2025-12-04 09:51:08,CP-036,OCPP 2.0.1,AES-128-GCM,TLS 1.3,TLS_AES_128_GCM_SHA256,1,256,384,valid,365,1,1,1,1,none,0
2025-12-04 12:01:08,CP-015,OCPP 2.0.1,ChaCha20-Poly1305,TLS 1.2,TLS_CHACHA20_POLY1305_SHA256,1,256,256,verified,117,1,1,1,1,none,0
2025-12-04 11:50:08,CP-002,OCPP 1.6,AES-256-GCM,TLS 1.3,TLS_CHACHA20_POLY1305_SHA256,1,256,521,valid,33,1,1,1,1,none,0
2025-12-04 18:49:08,CP-042,OCPP 2.0,AES-128-GCM,TLS 1.2,ECDHE-RSA-AES128-GCM-SHA256,1,256,256,hostname_mismatch,0,1,1,1,1,certificate_error,1
2025-12-04 17:37:08,CP-041,OCPP 2.0.1,ChaCha20-Poly1305,TLS 1.3,ECDHE-RSA-AES256-GCM-SHA384,0,256,256,valid,282,0,0,1,1,encryption_bypass,1
2025-12-04 06:27:08,CP-021,OCPP 1.6,ChaCha20-Poly1305,TLS 1.3,ECDHE-RSA-AES128-GCM-SHA256,1,256,384,verified,55,1,1,1,1,none,0
2025-12-04 14:45:08,CP-024,OCPP 2.0,AES-256-GCM,TLS 1.3,ECDHE-RSA-AES256-GCM-SHA384,1,384,521,verified,86,1,1,1,1,none,0
2025-12-04 10:16:08,CP-014,OCPP 1.6,AES-128-GCM,TLS 1.2,ECDHE-RSA-AES128-GCM-SHA256,1,256,384,valid,158,1,1,1,1,none,0
2025-12-04 19:13:08,CP-006,ISO 15118,AES-256-GCM,TLS 1.2,ECDHE-RSA-AES256-GCM-SHA384,1,256,256,expired,-7,1,1,1,1,certificate_error,1
2025-12-04 16:42:08,CP-002,OCPP 1.6,RC4,TLS 1.0,NULL,1,56,128,valid,141,1,1,1,0,weak_cipher,1
2025-12-04 16:12:08,CP-035,CAN-BUS,NULL,TLS 1.0,NONE,1,64,64,valid,281,1,1,1,0,weak_cipher,1
2025-12-04 16:04:08,CP-037,CAN-BUS,ChaCha20-Poly1305,TLS 1.3,TLS_AES_256_GCM_SHA384,1,256,256,self_signed,-15,1,1,1,1,certificate_error,1
2025-12-04 10:43:08,CP-030,ISO 15118,AES-256-GCM,TLS 1.2,TLS_AES_256_GCM_SHA384,1,256,256,verified,79,1,1,1,1,none,0
2025-12-04 13:48:08,CP-022,OCPP 1.6,AES-128-GCM,TLS 1.3,TLS_CHACHA20_POLY1305_SHA256,1,256,384,verified,149,1,1,1,1,none,0
2025-12-04 18:35:08,CP-047,ISO 15118,NONE,NONE,NONE,0,0,0,valid,262,0,0,1,0,plaintext_communication,1
2025-12-04 18:46:08,CP-018,OCPP 2.0.1,AES-256-GCM,TLS 1.3,TLS_AES_256_GCM_SHA384,1,256,128,valid,285,1,1,0,0,key_management_issue,1
2025-12-04 11:49:08,CP-003,ISO 15118,AES-256-GCM,TLS 1.2,TLS_AES_128_GCM_SHA256,1,384,384,verified,352,1,1,1,1,none,0
2025-12-04 16:16:08,CP-010,OCPP 2.0.1,RC4,NONE,NULL,1,128,256,valid,334,1,1,1,0,ssl_tls_vulnerability,1
2025-12-04 15:40:08,CP-016,OCPP 2.0,DES,TLS 1.0,TLS_RSA_EXPORT_WITH_RC4_40_MD5,1,112,256,valid,132,1,1,1,0,ssl_tls_vulnerability,1
2025-12-04 13:47:08,CP-002,ISO 15118,AES-256-GCM,TLS 1.3,TLS_AES_128_GCM_SHA256,1,384,521,verified,261,1,1,1,1,none,0
2025-12-04 17:21:08,CP-046,OCPP 2.0,NONE,NONE,NONE,0,0,0,valid,141,0,0,1,0,plaintext_communication,1
2025-12-04 13:09:08,CP-003,OCPP 2.0.1,AES-256-GCM,TLS 1.3,TLS_AES_128_GCM_SHA256,1,256,256,verified,280,1,1,1,1,none,0
2025-12-04 04:07:08,CP-029,OCPP 1.6,AES-256-GCM,TLS 1.2,TLS_AES_256_GCM_SHA384,1,384,256,verified,179,1,1,1,1,none,0
2025-12-04 07:53:08,CP-046,CAN-BUS,ChaCha20-Poly1305,TLS 1.3,TLS_CHACHA20_POLY1305_SHA256,1,256,384,valid,150,1,1,1,1,none,0
2025-12-04 04:24:08,CP-045,OCPP 2.0,AES-128-GCM,TLS 1.3,TLS_AES_256_GCM_SHA384,1,384,521,valid,261,1,1,1,1,none,0
2025-12-04 18:53:08,CP-021,OCPP 2.0,AES-256-GCM,TLS 1.2,TLS_AES_128_GCM_SHA256,1,256,256,invalid_chain,0,1,1,1,1,certificate_error,1
2025-12-04 03:47:08,CP-032,OCPP 2.0,AES-128-GCM,TLS 1.2,TLS_AES_128_GCM_SHA256,1,256,521,verified,329,1,1,1,1,none,0
2025-12-04 17:51:08,CP-032,OCPP 2.0.1,AES-256-GCM,TLS 1.2,TLS_AES_128_GCM_SHA256,0,256,256,valid,255,1,0,1,1,encryption_bypass,1
2025-12-04 09:49:08,CP-019,OCPP 2.0,ChaCha20-Poly1305,TLS 1.3,TLS_AES_256_GCM_SHA384,1,256,521,verified,209,1,1,1,1,none,0
2025-12-04 04:19:08,CP-022,OCPP 2.0,AES-256-GCM,TLS 1.3,TLS_CHACHA20_POLY1305_SHA256,1,256,521,verified,318,1,1,1,1,none,0
2025-12-04 05:59:08,CP-035,CAN-BUS,ChaCha20-Poly1305,TLS 1.3,ECDHE-RSA-AES128-GCM-SHA256,1,256,256,verified,179,1,1,1,1,none,0
2025-12-04 13:01:08,CP-033,CAN-BUS,ChaCha20-Poly1305,TLS 1.3,TLS_AES_256_GCM_SHA384,1,256,521,verified,172,1,1,1,1,none,0
2025-12-04 15:29:08,CP-010,OCPP 1.6,NULL,TLS 1.0,TLS_RSA_WITH_NULL_SHA,1,56,128,valid,161,1,1,1,0,weak_cipher,1
2025-12-04 11:20:08,CP-023,CAN-BUS,AES-128-GCM,TLS 1.2,TLS_AES_256_GCM_SHA384,1,384,384,verified,342,1,1,1,1,none,0
2025-12-04 11:39:08,CP-048,ISO 15118,AES-256-GCM,TLS 1.2,TLS_AES_256_GCM_SHA384,1,384,521,valid,272,1,1,1,1,none,0
2025-12-04 18:20:08,CP-032,OCPP 2.0,MD5,SSL 3.0,TLS_RSA_WITH_NULL_SHA,1,56,256,valid,360,1,1,1,0,downgrade_attack,1
2025-12-04 11:55:08,CP-032,OCPP 1.6,AES-128-GCM,TLS 1.2,TLS_AES_128_GCM_SHA256,1,384,521,valid,208,1,1,1,1,none,0
2025-12-04 16:21:08,CP-012,OCPP 1.6,NONE,NONE,NONE,0,0,0,valid,356,0,0,1,0,plaintext_communication,1
2025-12-04 04:03:08,CP-003,CAN-BUS,ChaCha20-Poly1305,TLS 1.2,TLS_CHACHA20_POLY1305_SHA256,1,256,521,valid,56,1,1,1,1,none,0
2025-12-04 11:12:08,CP-007,ISO 15118,ChaCha20-Poly1305,TLS 1.3,ECDHE-RSA-AES128-GCM-SHA256,1,384,256,verified,307,1,1,1,1,none,0
2025-12-04 17:31:08,CP-026,ISO 15118,AES-256-GCM,TLS 1.2,ECDHE-RSA-AES128-GCM-SHA256,1,256,64,valid,349,1,1,0,0,key_management_issue,1
2025-12-04 05:40:08,CP-031,ISO 15118,ChaCha20-Poly1305,TLS 1.2,TLS_CHACHA20_POLY1305_SHA256,1,256,256,verified,210,1,1,1,1,none,0
2025-12-04 11:04:08,CP-020,CAN-BUS,AES-256-GCM,TLS 1.2,TLS_CHACHA20_POLY1305_SHA256,1,256,256,verified,61,1,1,1,1,none,0
2025-12-04 08:29:08,CP-002,OCPP 1.6,AES-128-GCM,TLS 1.3,TLS_AES_256_GCM_SHA384,1,256,384,verified,31,1,1,1,1,none,0
2025-12-04 15:22:08,CP-045,CAN-BUS,AES-256-GCM,TLS 1.3,TLS_CHACHA20_POLY1305_SHA256,1,256,256,invalid_chain,288,1,0,1,1,man_in_the_middle,1
2025-12-04 10:14:08,CP-050,OCPP 2.0.1,AES-256-GCM,TLS 1.2,TLS_CHACHA20_POLY1305_SHA256,1,256,521,valid,351,1,1,1,1,none,0
2025-12-04 11:28:08,CP-023,ISO 15118,ChaCha20-Poly1305,TLS 1.3,TLS_AES_128_GCM_SHA256,1,384,521,valid,340,1,1,1,1,none,0
2025-12-04 09:02:08,CP-031,CAN-BUS,ChaCha20-Poly1305,TLS 1.2,ECDHE-RSA-AES256-GCM-SHA384,1,256,384,valid,319,1,1,1,1,none,0
2025-12-04 04:20:08,CP-021,ISO 15118,ChaCha20-Poly1305,TLS 1.2,TLS_AES_256_GCM_SHA384,1,256,384,verified,198,1,1,1,1,none,0
2025-12-04 15:59:08,CP-022,ISO 15118,SHA1,TLS 1.0,TLS_RSA_WITH_RC4_128_SHA,1,64,56,valid,111,1,1,1,0,weak_cipher,1
2025-12-04 06:44:08,CP-045,OCPP 1.6,AES-256-GCM,TLS 1.2,TLS_CHACHA20_POLY1305_SHA256,1,256,521,verified,109,1,1,1,1,none,0
2025-12-04 17:44:08,CP-002,OCPP 1.6,AES-256-GCM,TLS 1.2,TLS_AES_128_GCM_SHA256,0,256,256,valid,303,1,0,1,1,encryption_bypass,1
2025-12-04 12:16:08,CP-015,OCPP 2.0.1,AES-256-GCM,TLS 1.3,TLS_CHACHA20_POLY1305_SHA256,1,256,384,verified,75,1,1,1,1,none,0
2025-12-04 13:13:08,CP-012,ISO 15118,AES-256-GCM,TLS 1.3,ECDHE-RSA-AES256-GCM-SHA384,1,256,521,verified,159,1,1,1,1,none,0
2025-12-04 07:25:08,CP-029,OCPP 1.6,AES-128-GCM,TLS 1.3,TLS_CHACHA20_POLY1305_SHA256,1,384,521,valid,244,1,1,1,1,none,0
2025-12-04 05:13:08,CP-012,OCPP 2.0,AES-128-GCM,TLS 1.2,TLS_CHACHA20_POLY1305_SHA256,1,384,521,verified,52,1,1,1,1,none,0
2025-12-04 04:23:08,CP-016,CAN-BUS,ChaCha20-Poly1305,TLS 1.2,TLS_CHACHA20_POLY1305_SHA256,1,256,521,verified,218,1,1,1,1,none,0
2025-12-04 08:05:08,CP-026,OCPP 2.0,AES-128-GCM,TLS 1.2,TLS_AES_256_GCM_SHA384,1,256,256,verified,302,1,1,1,1,none,0
2025-12-04 14:17:08,CP-033,ISO 15118,ChaCha20-Poly1305,TLS 1.2,TLS_CHACHA20_POLY1305_SHA256,1,384,384,valid,350,1,1,1,1,none,0
2025-12-04 19:14:08,CP-033,OCPP 2.0.1,ChaCha20-Poly1305,TLS 1.2,TLS_AES_256_GCM_SHA384,1,256,256,invalid_chain,127,1,0,1,1,man_in_the_middle,1
2025-12-04 08:39:08,CP-001,OCPP 2.0,ChaCha20-Poly1305,TLS 1.2,ECDHE-RSA-AES128-GCM-SHA256,1,384,521,verified,334,1,1,1,1,none,0
2025-12-04 05:23:08,CP-023,ISO 15118,AES-128-GCM,TLS 1.2,ECDHE-RSA-AES256-GCM-SHA384,1,384,256,verified,113,1,1,1,1,none,0
2025-12-04 04:06:08,CP-037,OCPP 2.0,AES-128-GCM,TLS 1.3,ECDHE-RSA-AES128-GCM-SHA256,1,256,256,valid,310,1,1,1,1,none,0
2025-12-04 14:31:08,CP-049,OCPP 2.0.1,AES-128-GCM,TLS 1.3,ECDHE-RSA-AES128-GCM-SHA256,1,384,384,valid,365,1,1,1,1,none,0
2025-12-04 14:58:08,CP-015,OCPP 2.0.1,ChaCha20-Poly1305,TLS 1.2,ECDHE-RSA-AES256-GCM-SHA384,1,256,384,valid,35,1,1,1,1,none,0
2025-12-04 19:16:08,CP-045,OCPP 2.0.1,RC4,SSL 2.0,NULL,1,112,256,valid,221,1,1,1,0,ssl_tls_vulnerability,1
2025-12-04 09:28:08,CP-041,ISO 15118,ChaCha20-Poly1305,TLS 1.2,TLS_AES_256_GCM_SHA384,1,256,384,valid,295,1,1,1,1,none,0
2025-12-04 05:34:08,CP-007,CAN-BUS,ChaCha20-Poly1305,TLS 1.3,ECDHE-RSA-AES128-GCM-SHA256,1,256,384,verified,167,1,1,1,1,none,0
2025-12-04 12:28:08,CP-026,ISO 15118,AES-128-GCM,TLS 1.2,ECDHE-RSA-AES256-GCM-SHA384,1,256,384,valid,365,1,1,1,1,none,0
2025-12-04 08:38:08,CP-046,ISO 15118,ChaCha20-Poly1305,TLS 1.3,TLS_CHACHA20_POLY1305_SHA256,1,256,256,verified,63,1,1,1,1,none,0
2025-12-04 13:26:08,CP-041,CAN-BUS,AES-256-GCM,TLS 1.3,TLS_CHACHA20_POLY1305_SHA256,1,256,521,valid,147,1,1,1,1,none,0
2025-12-04 10:08:08,CP-008,OCPP 2.0,AES-256-GCM,TLS 1.3,TLS_CHACHA20_POLY1305_SHA256,1,384,384,verified,123,1,1,1,1,none,0
2025-12-04 17:00:08,CP-037,CAN-BUS,ChaCha20-Poly1305,TLS 1.3,TLS_AES_128_GCM_SHA256,1,256,256,invalid_chain,113,1,0,1,1,man_in_the_middle,1
2025-12-04 07:13:08,CP-015,ISO 15118,AES-128-GCM,TLS 1.3,ECDHE-RSA-AES128-GCM-SHA256,1,256,521,verified,128,1,1,1,1,none,0
2025-12-04 18:03:08,CP-011,OCPP 2.0.1,AES-256-GCM,TLS 1.2,TLS_AES_128_GCM_SHA256,1,256,256,invalid_chain,-7,1,1,1,1,certificate_error,1
2025-12-04 07:43:08,CP-040,OCPP 1.6,ChaCha20-Poly1305,TLS 1.3,ECDHE-RSA-AES256-GCM-SHA384,1,256,521,valid,228,1,1,1,1,none,0
2025-12-04 18:08:08,CP-002,OCPP 2.0,AES-128-GCM,TLS 1.3,ECDHE-RSA-AES256-GCM-SHA384,0,256,256,valid,214,1,0,1,1,encryption_bypass,1
2025-12-04 20:01:08,CP-038,OCPP 2.0,DES,SSL 3.0,TLS_RSA_WITH_NULL_SHA,1,128,256,valid,223,1,1,1,0,ssl_tls_vulnerability,1
2025-12-04 08:36:08,CP-019,CAN-BUS,AES-128-GCM,TLS 1.3,ECDHE-RSA-AES256-GCM-SHA384,1,256,256,valid,75,1,1,1,1,none,0
2025-12-04 10:02:08,CP-024,OCPP 2.0.1,AES-128-GCM,TLS 1.3,TLS_CHACHA20_POLY1305_SHA256,1,384,521,verified,207,1,1,1,1,none,0
2025-12-04 07:46:08,CP-016,OCPP 2.0,AES-128-GCM,TLS 1.3,TLS_AES_128_GCM_SHA256,1,384,256,valid,332,1,1,1,1,none,0
2025-12-04 05:42:08,CP-029,OCPP 2.0,AES-256-GCM,TLS 1.3,TLS_CHACHA20_POLY1305_SHA256,1,384,521,verified,364,1,1,1,1,none,0
2025-12-04 18:18:08,CP-028,ISO 15118,RC4,SSL 3.0,TLS_RSA_WITH_RC4_128_SHA,1,112,256,valid,77,1,1,1,0,downgrade_attack,1
2025-12-04 11:22:08,CP-042,ISO 15118,AES-128-GCM,TLS 1.2,ECDHE-RSA-AES128-GCM-SHA256,1,256,521,verified,291,1,1,1,1,none,0
2025-12-04 07:50:08,CP-017,ISO 15118,AES-256-GCM,TLS 1.2,TLS_AES_256_GCM_SHA384,1,256,521,valid,294,1,1,1,1,none,0
2025-12-04 13:20:08,CP-031,OCPP 1.6,ChaCha20-Poly1305,TLS 1.3,ECDHE-RSA-AES256-GCM-SHA384,1,384,384,verified,287,1,1,1,1,none,0
2025-12-04 16:58:08,CP-013,OCPP 1.6,ChaCha20-Poly1305,TLS 1.3,TLS_AES_256_GCM_SHA384,1,256,256,invalid_chain,137,1,0,1,1,man_in_the_middle,1
2025-12-04 16:23:08,CP-004,OCPP 1.6,RC4,TLS 1.1,TLS_RSA_EXPORT_WITH_RC4_40_MD5,1,112,256,valid,327,1,1,1,0,ssl_tls_vulnerability,1
2025-12-04 11:14:08,CP-035,CAN-BUS,ChaCha20-Poly1305,TLS 1.2,TLS_AES_256_GCM_SHA384,1,384,521,verified,80,1,1,1,1,none,0
2025-12-04 19:28:08,CP-044,OCPP 2.0,NONE,NONE,NONE,0,0,0,valid,214,0,0,1,0,plaintext_communication,1
2025-12-04 09:30:08,CP-006,OCPP 2.0,ChaCha20-Poly1305,TLS 1.3,TLS_CHACHA20_POLY1305_SHA256,1,256,384,valid,351,1,1,1,1,none,0
2025-12-04 04:37:08,CP-019,OCPP 2.0.1,ChaCha20-Poly1305,TLS 1.2,TLS_AES_128_GCM_SHA256,1,256,384,verified,116,1,1,1,1,none,0
2025-12-04 03:27:08,CP-017,CAN-BUS,AES-128-GCM,TLS 1.3,TLS_CHACHA20_POLY1305_SHA256,1,256,521,verified,94,1,1,1,1,none,0
2025-12-04 15:27:08,CP-009,CAN-BUS,AES-256-GCM,TLS 1.2,ECDHE-RSA-AES256-GCM-SHA384,0,256,256,valid,314,0,0,1,1,encryption_bypass,1
2025-12-04 10:53:08,CP-043,CAN-BUS,AES-256-GCM,TLS 1.3,ECDHE-RSA-AES256-GCM-SHA384,1,384,521,verified,350,1,1,1,1,none,0
2025-12-04 13:05:08,CP-022,OCPP 2.0.1,AES-128-GCM,TLS 1.3,TLS_CHACHA20_POLY1305_SHA256,1,384,384,valid,361,1,1,1,1,none,0
2025-12-04 03:40:08,CP-048,ISO 15118,AES-256-GCM,TLS 1.2,ECDHE-RSA-AES256-GCM-SHA384,1,256,521,verified,257,1,1,1,1,none,0
2025-12-04 14:33:08,CP-014,OCPP 1.6,ChaCha20-Poly1305,TLS 1.2,TLS_AES_128_GCM_SHA256,1,384,384,valid,151,1,1,1,1,none,0
2025-12-04 18:40:08,CP-039,ISO 15118,NONE,NONE,NONE,0,0,0,valid,287,0,0,1,0,plaintext_communication,1
2025-12-04 17:27:08,CP-033,OCPP 2.0,AES-256-GCM,TLS 1.2,ECDHE-RSA-AES128-GCM-SHA256,0,256,256,valid,281,1,0,1,1,encryption_bypass,1
2025-12-04 03:25:08,CP-019,ISO 15118,ChaCha20-Poly1305,TLS 1.3,TLS_CHACHA20_POLY1305_SHA256,1,256,384,verified,147,1,1,1,1,none,0
2025-12-04 11:17:08,CP-014,OCPP 2.0.1,ChaCha20-Poly1305,TLS 1.3,ECDHE-RSA-AES256-GCM-SHA384,1,256,384,valid,115,1,1,1,1,none,0
2025-12-04 14:19:08,CP-002,OCPP 2.0,ChaCha20-Poly1305,TLS 1.3,ECDHE-RSA-AES128-GCM-SHA256,1,256,384,verified,83,1,1,1,1,none,0
2025-12-04 09:35:08,CP-043,CAN-BUS,AES-256-GCM,TLS 1.2,TLS_CHACHA20_POLY1305_SHA256,1,256,256,valid,361,1,1,1,1,none,0
2025-12-04 17:07:08,CP-012,CAN-BUS,SHA1,TLS 1.0,TLS_RSA_EXPORT_WITH_RC4_40_MD5,1,40,112,valid,332,1,1,1,0,weak_cipher,1
2025-12-04 05:17:08,CP-013,OCPP 1.6,AES-128-GCM,TLS 1.2,TLS_AES_256_GCM_SHA384,1,384,384,verified,269,1,1,1,1,none,0
2025-12-04 18:07:08,CP-039,OCPP 2.0,ChaCha20-Poly1305,TLS 1.3,TLS_AES_128_GCM_SHA256,0,256,256,valid,138,0,0,1,1,encryption_bypass,1
2025-12-04 10:37:08,CP-050,OCPP 1.6,ChaCha20-Poly1305,TLS 1.2,TLS_CHACHA20_POLY1305_SHA256,1,256,521,valid,45,1,1,1,1,none,0
2025-12-04 13:19:08,CP-012,OCPP 2.0.1,ChaCha20-Poly1305,TLS 1.2,TLS_CHACHA20_POLY1305_SHA256,1,256,521,verified,215,1,1,1,1,none,0
2025-12-04 19:03:08,CP-012,OCPP 2.0,AES-128-GCM,TLS 1.2,TLS_CHACHA20_POLY1305_SHA256,0,256,256,valid,170,0,0,1,1,encryption_bypass,1
2025-12-04 12:20:08,CP-031,OCPP 2.0,AES-128-GCM,TLS 1.2,TLS_AES_256_GCM_SHA384,1,256,256,verified,252,1,1,1,1,none,0
2025-12-04 12:06:08,CP-028,OCPP 1.6,AES-128-GCM,TLS 1.2,TLS_CHACHA20_POLY1305_SHA256,1,256,384,valid,155,1,1,1,1,none,0
2025-12-04 06:15:08,CP-012,CAN-BUS,AES-128-GCM,TLS 1.3,TLS_AES_256_GCM_SHA384,1,256,256,verified,308,1,1,1,1,none,0
2025-12-04 19:49:08,CP-042,ISO 15118,ChaCha20-Poly1305,TLS 1.2,TLS_AES_128_GCM_SHA256,1,256,256,revoked,-7,1,1,1,1,certificate_error,1
2025-12-04 06:33:08,CP-007,OCPP 2.0,ChaCha20-Poly1305,TLS 1.3,TLS_CHACHA20_POLY1305_SHA256,1,256,256,valid,271,1,1,1,1,none,0
2025-12-04 11:38:08,CP-041,OCPP 1.6,AES-256-GCM,TLS 1.3,ECDHE-RSA-AES128-GCM-SHA256,1,256,384,valid,77,1,1,1,1,none,0
2025-12-04 05:00:08,CP-001,ISO 15118,AES-256-GCM,TLS 1.3,TLS_AES_256_GCM_SHA384,1,256,521,valid,53,1,1,1,1,none,0
2025-12-04 05:52:08,CP-015,OCPP 2.0.1,AES-128-GCM,TLS 1.3,TLS_AES_256_GCM_SHA384,1,384,256,verified,151,1,1,1,1,none,0
2025-12-04 06:18:08,CP-014,OCPP 1.6,AES-256-GCM,TLS 1.3,TLS_CHACHA20_POLY1305_SHA256,1,256,256,verified,339,1,1,1,1,none,0
2025-12-04 04:38:08,CP-043,CAN-BUS,AES-256-GCM,TLS 1.3,TLS_AES_256_GCM_SHA384,1,256,256,valid,91,1,1,1,1,none,0
2025-12-04 17:59:08,CP-022,ISO 15118,AES-256-GCM,TLS 1.2,TLS_AES_128_GCM_SHA256,1,256,256,self_signed,-1,1,1,1,1,certificate_error,1
2025-12-04 12:32:08,CP-050,OCPP 2.0,ChaCha20-Poly1305,TLS 1.2,ECDHE-RSA-AES256-GCM-SHA384,1,256,521,verified,206,1,1,1,1,none,0
2025-12-04 15:11:08,CP-031,OCPP 1.6,AES-256-GCM,TLS 1.3,TLS_AES_256_GCM_SHA384,0,256,256,valid,205,0,0,1,1,encryption_bypass,1
2025-12-04 04:30:08,CP-028,OCPP 2.0.1,AES-256-GCM,TLS 1.3,TLS_AES_256_GCM_SHA384,1,256,521,valid,293,1,1,1,1,none,0
2025-12-04 13:58:08,CP-046,OCPP 1.6,ChaCha20-Poly1305,TLS 1.3,TLS_AES_256_GCM_SHA384,1,384,256,valid,167,1,1,1,1,none,0
2025-12-04 10:39:08,CP-004,OCPP 2.0.1,AES-128-GCM,TLS 1.3,ECDHE-RSA-AES256-GCM-SHA384,1,256,521,valid,289,1,1,1,1,none,0
2025-12-04 19:33:08,CP-041,OCPP 2.0.1,ChaCha20-Poly1305,TLS 1.3,TLS_AES_128_GCM_SHA256,1,256,64,valid,348,1,1,0,0,key_management_issue,1
2025-12-04 08:53:08,CP-037,OCPP 2.0.1,AES-256-GCM,TLS 1.2,TLS_CHACHA20_POLY1305_SHA256,1,384,384,valid,75,1,1,1,1,none,0
2025-12-04 13:54:08,CP-020,CAN-BUS,ChaCha20-Poly1305,TLS 1.3,TLS_CHACHA20_POLY1305_SHA256,1,384,521,valid,181,1,1,1,1,none,0
2025-12-04 07:11:08,CP-042,OCPP 2.0,ChaCha20-Poly1305,TLS 1.2,ECDHE-RSA-AES128-GCM-SHA256,1,384,521,valid,119,1,1,1,1,none,0
2025-12-04 19:45:08,CP-029,CAN-BUS,RC4,SSL 3.0,NULL,1,112,256,valid,38,1,1,1,0,downgrade_attack,1
2025-12-04 07:37:08,CP-021,CAN-BUS,ChaCha20-Poly1305,TLS 1.3,TLS_AES_128_GCM_SHA256,1,256,256,verified,171,1,1,1,1,none,0
2025-12-04 16:34:08,CP-037,ISO 15118,ChaCha20-Poly1305,TLS 1.2,ECDHE-RSA-AES256-GCM-SHA384,0,256,256,valid,209,1,0,1,1,encryption_bypass,1
2025-12-04 07:26:08,CP-031,OCPP 2.0.1,AES-256-GCM,TLS 1.3,TLS_AES_128_GCM_SHA256,1,384,521,valid,201,1,1,1,1,none,0
2025-12-04 09:45:08,CP-011,ISO 15118,AES-256-GCM,TLS 1.3,TLS_AES_256_GCM_SHA384,1,256,256,valid,354,1,1,1,1,none,0
2025-12-04 19:34:08,CP-002,OCPP 2.0,AES-128-GCM,TLS 1.2,TLS_AES_128_GCM_SHA256,1,256,256,not_trusted,286,1,0,1,1,man_in_the_middle,1
2025-12-04 06:51:08,CP-041,OCPP 2.0,AES-256-GCM,TLS 1.3,TLS_CHACHA20_POLY1305_SHA256,1,256,521,verified,263,1,1,1,1,none,0
2025-12-04 08:12:08,CP-002,OCPP 2.0,AES-128-GCM,TLS 1.3,TLS_AES_256_GCM_SHA384,1,384,521,verified,345,1,1,1,1,none,0
2025-12-04 15:18:08,CP-039,OCPP 1.6,ChaCha20-Poly1305,TLS 1.3,TLS_AES_128_GCM_SHA256,1,256,256,self_signed,144,1,0,1,1,man_in_the_middle,1
2025-12-04 05:41:08,CP-035,ISO 15118,AES-256-GCM,TLS 1.3,ECDHE-RSA-AES256-GCM-SHA384,1,384,256,valid,166,1,1,1,1,none,0
2025-12-04 15:23:08,CP-020,OCPP 1.6,NONE,NONE,NONE,0,0,0,valid,306,0,0,1,0,plaintext_communication,1
2025-12-04 18:26:08,CP-023,OCPP 2.0,3DES,SSL 3.0,TLS_RSA_WITH_NULL_SHA,1,128,256,valid,200,1,1,1,0,ssl_tls_vulnerability,1
2025-12-04 18:51:08,CP-008,CAN-BUS,ChaCha20-Poly1305,TLS 1.2,TLS_AES_256_GCM_SHA384,0,256,256,valid,282,1,0,1,1,encryption_bypass,1
2025-12-04 08:24:08,CP-047,OCPP 1.6,AES-256-GCM,TLS 1.2,ECDHE-RSA-AES128-GCM-SHA256,1,256,384,verified,201,1,1,1,1,none,0
2025-12-04 12:31:08,CP-044,OCPP 2.0,AES-256-GCM,TLS 1.3,TLS_CHACHA20_POLY1305_SHA256,1,256,384,verified,301,1,1,1,1,none,0
2025-12-04 12:00:08,CP-010,OCPP 1.6,ChaCha20-Poly1305,TLS 1.3,TLS_CHACHA20_POLY1305_SHA256,1,256,256,valid,312,1,1,1,1,none,0
2025-12-04 07:17:08,CP-023,ISO 15118,ChaCha20-Poly1305,TLS 1.3,TLS_AES_256_GCM_SHA384,1,384,256,valid,121,1,1,1,1,none,0
2025-12-04 09:06:08,CP-004,ISO 15118,AES-128-GCM,TLS 1.3,ECDHE-RSA-AES256-GCM-SHA384,1,384,256,verified,287,1,1,1,1,none,0
2025-12-04 17:38:08,CP-049,ISO 15118,ChaCha20-Poly1305,TLS 1.2,TLS_AES_256_GCM_SHA384,0,256,256,valid,94,0,0,1,1,encryption_bypass,1
2025-12-04 06:40:08,CP-043,OCPP 1.6,ChaCha20-Poly1305,TLS 1.3,TLS_AES_256_GCM_SHA384,1,384,256,valid,141,1,1,1,1,none,0
2025-12-04 16:09:08,CP-010,OCPP 1.6,NONE,NONE,NONE,0,0,0,valid,66,0,0,1,0,plaintext_communication,1
2025-12-04 10:45:08,CP-010,OCPP 2.0.1,AES-256-GCM,TLS 1.2,ECDHE-RSA-AES128-GCM-SHA256,1,256,256,verified,339,1,1,1,1,none,0
2025-12-04 18:56:08,CP-036,OCPP 2.0,SHA1,TLS 1.1,NULL,1,56,64,valid,290,1,1,1,0,weak_cipher,1
2025-12-04 09:52:08,CP-040,ISO 15118,AES-256-GCM,TLS 1.2,TLS_CHACHA20_POLY1305_SHA256,1,256,256,verified,94,1,1,1,1,none,0
2025-12-04 14:29:08,CP-016,ISO 15118,AES-128-GCM,TLS 1.2,ECDHE-RSA-AES128-GCM-SHA256,1,384,521,verified,95,1,1,1,1,none,0
2025-12-04 16:53:08,CP-039,OCPP 2.0.1,AES-128-GCM,TLS 1.3,ECDHE-RSA-AES256-GCM-SHA384,1,256,256,not_trusted,-7,1,1,1,1,certificate_error,1
2025-12-04 17:19:08,CP-006,CAN-BUS,NONE,NONE,NONE,0,0,0,valid,120,0,0,1,0,plaintext_communication,1
2025-12-04 12:25:08,CP-017,OCPP 2.0,ChaCha20-Poly1305,TLS 1.2,ECDHE-RSA-AES256-GCM-SHA384,1,384,384,verified,248,1,1,1,1,none,0
2025-12-04 17:03:08,CP-009,OCPP 2.0.1,AES-128-GCM,TLS 1.2,TLS_AES_128_GCM_SHA256,1,256,256,hostname_mismatch,-15,1,1,1,1,certificate_error,1
2025-12-04 10:22:08,CP-018,OCPP 1.6,ChaCha20-Poly1305,TLS 1.2,TLS_AES_256_GCM_SHA384,1,384,521,verified,173,1,1,1,1,none,0
2025-12-04 18:27:08,CP-004,OCPP 2.0,RC4,SSL 3.0,TLS_RSA_WITH_RC4_128_SHA,1,112,256,valid,250,1,1,1,0,downgrade_attack,1
2025-12-04 09:24:08,CP-001,ISO 15118,ChaCha20-Poly1305,TLS 1.3,ECDHE-RSA-AES128-GCM-SHA256,1,256,521,verified,143,1,1,1,1,none,0
2025-12-04 08:31:08,CP-012,ISO 15118,AES-128-GCM,TLS 1.2,ECDHE-RSA-AES128-GCM-SHA256,1,384,256,verified,176,1,1,1,1,none,0
2025-12-04 10:51:08,CP-005,OCPP 2.0.1,AES-256-GCM,TLS 1.3,TLS_AES_128_GCM_SHA256,1,384,256,verified,231,1,1,1,1,none,0
2025-12-04 08:11:08,CP-001,OCPP 1.6,ChaCha20-Poly1305,TLS 1.2,ECDHE-RSA-AES128-GCM-SHA256,1,384,521,verified,299,1,1,1,1,none,0
2025-12-04 12:36:08,CP-041,OCPP 2.0,AES-256-GCM,TLS 1.2,TLS_AES_256_GCM_SHA384,1,256,384,valid,135,1,1,1,1,none,0
2025-12-04 06:42:08,CP-012,OCPP 1.6,AES-128-GCM,TLS 1.3,ECDHE-RSA-AES256-GCM-SHA384,1,256,521,valid,218,1,1,1,1,none,0
2025-12-04 17:25:08,CP-036,CAN-BUS,ChaCha20-Poly1305,TLS 1.3,TLS_AES_128_GCM_SHA256,1,256,64,valid,165,1,1,0,0,key_management_issue,1
2025-12-04 14:14:08,CP-048,OCPP 1.6,ChaCha20-Poly1305,TLS 1.3,ECDHE-RSA-AES256-GCM-SHA384,1,256,521,valid,322,1,1,1,1,none,0
2025-12-04 04:26:08,CP-049,CAN-BUS,ChaCha20-Poly1305,TLS 1.2,TLS_CHACHA20_POLY1305_SHA256,1,384,384,verified,361,1,1,1,1,none,0
2025-12-04 08:44:08,CP-014,ISO 15118,ChaCha20-Poly1305,TLS 1.3,TLS_AES_128_GCM_SHA256,1,384,256,valid,323,1,1,1,1,none,0
2025-12-04 19:48:08,CP-026,ISO 15118,RC4,TLS 1.0,TLS_RSA_WITH_NULL_SHA,1,64,56,valid,302,1,1,1,0,weak_cipher,1
2025-12-04 10:20:08,CP-007,CAN-BUS,ChaCha20-Poly1305,TLS 1.3,TLS_AES_128_GCM_SHA256,1,384,521,verified,142,1,1,1,1,none,0
2025-12-04 12:39:08,CP-027,CAN-BUS,AES-128-GCM,TLS 1.3,TLS_AES_128_GCM_SHA256,1,384,256,verified,202,1,1,1,1,none,0
2025-12-04 11:24:08,CP-002,OCPP 2.0.1,AES-256-GCM,TLS 1.2,ECDHE-RSA-AES256-GCM-SHA384,1,256,384,verified,275,1,1,1,1,none,0
2025-12-04 18:02:08,CP-025,OCPP 2.0.1,NONE,TLS 1.1,TLS_RSA_WITH_RC4_128_SHA,1,40,64,valid,55,1,1,1,0,weak_cipher,1
2025-12-04 18:22:08,CP-014,CAN-BUS,NONE,NONE,NONE,0,0,0,valid,171,0,0,1,0,plaintext_communication,1
2025-12-04 05:43:08,CP-035,OCPP 2.0.1,AES-256-GCM,TLS 1.3,TLS_AES_128_GCM_SHA256,1,384,521,verified,193,1,1,1,1,none,0
2025-12-04 10:10:08,CP-048,OCPP 2.0.1,AES-128-GCM,TLS 1.3,ECDHE-RSA-AES256-GCM-SHA384,1,384,256,verified,136,1,1,1,1,none,0
2025-12-04 07:49:08,CP-045,OCPP 1.6,ChaCha20-Poly1305,TLS 1.2,ECDHE-RSA-AES256-GCM-SHA384,1,256,521,verified,145,1,1,1,1,none,0
2025-12-04 04:50:08,CP-038,ISO 15118,ChaCha20-Poly1305,TLS 1.3,ECDHE-RSA-AES256-GCM-SHA384,1,384,256,verified,90,1,1,1,1,none,0
2025-12-04 17:15:08,CP-022,OCPP 2.0,3DES,NONE,NONE,1,56,256,valid,134,1,1,1,0,ssl_tls_vulnerability,1
2025-12-04 03:28:08,CP-007,OCPP 1.6,AES-128-GCM,TLS 1.2,ECDHE-RSA-AES256-GCM-SHA384,1,256,256,valid,75,1,1,1,1,none,0
2025-12-04 16:01:08,CP-038,OCPP 2.0,AES-256-GCM,TLS 1.2,TLS_CHACHA20_POLY1305_SHA256,1,256,256,self_signed,-30,1,1,1,1,certificate_error,1
2025-12-04 11:51:08,CP-003,OCPP 1.6,AES-256-GCM,TLS 1.3,TLS_CHACHA20_POLY1305_SHA256,1,384,256,verified,351,1,1,1,1,none,0
2025-12-04 06:45:08,CP-016,OCPP 1.6,ChaCha20-Poly1305,TLS 1.3,TLS_CHACHA20_POLY1305_SHA256,1,384,521,valid,101,1,1,1,1,none,0
2025-12-04 07:29:08,CP-030,ISO 15118,ChaCha20-Poly1305,TLS 1.2,ECDHE-RSA-AES256-GCM-SHA384,1,256,256,valid,104,1,1,1,1,none,0
2025-12-04 18:10:08,CP-007,OCPP 2.0,AES-128-GCM,TLS 1.3,TLS_AES_128_GCM_SHA256,0,256,256,valid,292,0,0,1,1,encryption_bypass,1
2025-12-04 19:04:08,CP-044,OCPP 2.0.1,ChaCha20-Poly1305,TLS 1.3,TLS_CHACHA20_POLY1305_SHA256,1,256,256,not_trusted,166,1,0,1,1,man_in_the_middle,1
2025-12-04 11:37:08,CP-002,OCPP 2.0.1,AES-256-GCM,TLS 1.2,TLS_AES_256_GCM_SHA384,1,384,384,valid,97,1,1,1,1,none,0
2025-12-04 13:04:08,CP-025,CAN-BUS,AES-256-GCM,TLS 1.2,TLS_AES_256_GCM_SHA384,1,384,384,verified,74,1,1,1,1,none,0
2025-12-04 11:18:08,CP-002,CAN-BUS,AES-128-GCM,TLS 1.2,ECDHE-RSA-AES256-GCM-SHA384,1,256,256,verified,320,1,1,1,1,none,0
2025-12-04 13:29:08,CP-046,CAN-BUS,AES-128-GCM,TLS 1.2,TLS_CHACHA20_POLY1305_SHA256,1,256,384,valid,295,1,1,1,1,none,0
2025-12-04 09:58:08,CP-019,OCPP 2.0.1,AES-128-GCM,TLS 1.2,TLS_AES_128_GCM_SHA256,1,256,256,valid,38,1,1,1,1,none,0
2025-12-04 18:34:08,CP-018,ISO 15118,AES-128-GCM,TLS 1.3,ECDHE-RSA-AES128-GCM-SHA256,1,256,256,not_trusted,179,1,0,1,1,man_in_the_middle,1
2025-12-04 15:54:08,CP-023,OCPP 1.6,AES-256-GCM,TLS 1.2,TLS_CHACHA20_POLY1305_SHA256,1,256,256,revoked,-7,1,1,1,1,certificate_error,1
2025-12-04 10:52:08,CP-014,OCPP 2.0.1,ChaCha20-Poly1305,TLS 1.3,TLS_AES_256_GCM_SHA384,1,256,521,valid,313,1,1,1,1,none,0
2025-12-04 12:58:08,CP-044,OCPP 1.6,ChaCha20-Poly1305,TLS 1.3,ECDHE-RSA-AES128-GCM-SHA256,1,384,384,verified,53,1,1,1,1,none,0
2025-12-04 10:55:08,CP-005,CAN-BUS,ChaCha20-Poly1305,TLS 1.3,ECDHE-RSA-AES256-GCM-SHA384,1,256,256,valid,135,1,1,1,1,none,0
2025-12-04 14:36:08,CP-020,ISO 15118,AES-128-GCM,TLS 1.3,TLS_AES_128_GCM_SHA256,1,256,521,verified,319,1,1,1,1,none,0
2025-12-04 09:20:08,CP-010,CAN-BUS,AES-256-GCM,TLS 1.2,ECDHE-RSA-AES128-GCM-SHA256,1,256,256,valid,227,1,1,1,1,none,0
2025-12-04 13:56:08,CP-024,ISO 15118,AES-256-GCM,TLS 1.2,TLS_AES_256_GCM_SHA384,1,256,384,valid,35,1,1,1,1,none,0
2025-12-04 07:19:08,CP-047,OCPP 2.0,AES-128-GCM,TLS 1.3,TLS_AES_128_GCM_SHA256,1,256,256,verified,87,1,1,1,1,none,0
2025-12-04 04:51:08,CP-048,OCPP 2.0,AES-256-GCM,TLS 1.2,TLS_CHACHA20_POLY1305_SHA256,1,256,256,verified,83,1,1,1,1,none,0
2025-12-04 11:57:08,CP-014,ISO 15118,AES-128-GCM,TLS 1.2,ECDHE-RSA-AES256-GCM-SHA384,1,384,521,valid,274,1,1,1,1,none,0
2025-12-04 07:14:08,CP-011,ISO 15118,AES-128-GCM,TLS 1.2,TLS_AES_128_GCM_SHA256,1,384,256,verified,155,1,1,1,1,none,0
2025-12-04 06:12:08,CP-034,OCPP 2.0,AES-128-GCM,TLS 1.3,TLS_AES_256_GCM_SHA384,1,256,384,verified,214,1,1,1,1,none,0
2025-12-04 16:39:08,CP-027,OCPP 2.0.1,ChaCha20-Poly1305,TLS 1.3,ECDHE-RSA-AES256-GCM-SHA384,1,256,256,self_signed,284,1,0,1,1,man_in_the_middle,1
2025-12-04 05:25:08,CP-004,OCPP 1.6,ChaCha20-Poly1305,TLS 1.2,TLS_AES_256_GCM_SHA384,1,384,521,verified,293,1,1,1,1,none,0
2025-12-04 08:50:08,CP-048,OCPP 1.6,ChaCha20-Poly1305,TLS 1.2,TLS_AES_128_GCM_SHA256,1,256,256,valid,146,1,1,1,1,none,0
2025-12-04 19:12:08,CP-045,CAN-BUS,RC4,TLS 1.0,TLS_RSA_EXPORT_WITH_RC4_40_MD5,1,56,256,valid,344,1,1,1,0,downgrade_attack,1
2025-12-04 05:22:08,CP-005,CAN-BUS,AES-128-GCM,TLS 1.3,TLS_CHACHA20_POLY1305_SHA256,1,384,384,valid,246,1,1,1,1,none,0
2025-12-04 06:26:08,CP-047,CAN-BUS,AES-128-GCM,TLS 1.2,TLS_AES_128_GCM_SHA256,1,256,256,valid,179,1,1,1,1,none,0
2025-12-04 11:02:08,CP-004,OCPP 1.6,AES-256-GCM,TLS 1.2,TLS_AES_256_GCM_SHA384,1,384,256,verified,327,1,1,1,1,none,0
2025-12-04 03:56:08,CP-039,CAN-BUS,AES-256-GCM,TLS 1.2,ECDHE-RSA-AES256-GCM-SHA384,1,384,256,valid,34,1,1,1,1,none,0
2025-12-04 16:15:08,CP-032,ISO 15118,3DES,SSL 3.0,NONE,1,56,256,valid,298,1,1,1,0,ssl_tls_vulnerability,1
2025-12-04 13:24:08,CP-010,OCPP 1.6,AES-256-GCM,TLS 1.3,ECDHE-RSA-AES256-GCM-SHA384,1,256,521,valid,172,1,1,1,1,none,0
2025-12-04 06:19:08,CP-050,OCPP 2.0.1,ChaCha20-Poly1305,TLS 1.3,TLS_AES_128_GCM_SHA256,1,256,384,valid,254,1,1,1,1,none,0
2025-12-04 09:16:08,CP-036,ISO 15118,AES-256-GCM,TLS 1.3,TLS_AES_256_GCM_SHA384,1,256,256,valid,316,1,1,1,1,none,0
2025-12-04 15:41:08,CP-032,ISO 15118,ChaCha20-Poly1305,TLS 1.2,TLS_AES_128_GCM_SHA256,1,256,128,valid,304,1,1,0,0,key_management_issue,1
2025-12-04 08:16:08,CP-009,OCPP 2.0,AES-256-GCM,TLS 1.3,ECDHE-RSA-AES256-GCM-SHA384,1,384,256,verified,284,1,1,1,1,none,0
2025-12-04 19:08:08,CP-027,ISO 15118,AES-256-GCM,TLS 1.3,TLS_AES_256_GCM_SHA384,0,256,256,valid,163,1,0,1,1,encryption_bypass,1
2025-12-04 04:27:08,CP-047,OCPP 1.6,AES-128-GCM,TLS 1.3,ECDHE-RSA-AES256-GCM-SHA384,1,384,384,verified,342,1,1,1,1,none,0
2025-12-04 11:31:08,CP-036,CAN-BUS,AES-128-GCM,TLS 1.2,TLS_CHACHA20_POLY1305_SHA256,1,384,384,verified,258,1,1,1,1,none,0
2025-12-04 10:03:08,CP-031,OCPP 2.0,ChaCha20-Poly1305,TLS 1.2,ECDHE-RSA-AES256-GCM-SHA384,1,256,384,verified,225,1,1,1,1,none,0
2025-12-04 14:52:08,CP-027,OCPP 2.0.1,AES-128-GCM,TLS 1.2,TLS_CHACHA20_POLY1305_SHA256,1,384,256,verified,166,1,1,1,1,none,0
2025-12-04 11:27:08,CP-003,OCPP 2.0.1,AES-256-GCM,TLS 1.2,ECDHE-RSA-AES128-GCM-SHA256,1,256,521,verified,203,1,1,1,1,none,0
2025-12-04 08:02:08,CP-024,OCPP 2.0,AES-256-GCM,TLS 1.2,TLS_CHACHA20_POLY1305_SHA256,1,384,521,valid,323,1,1,1,1,none,0
2025-12-04 12:27:08,CP-041,ISO 15118,AES-256-GCM,TLS 1.2,TLS_AES_256_GCM_SHA384,1,256,256,verified,357,1,1,1,1,none,0
2025-12-04 16:14:08,CP-038,OCPP 2.0.1,SHA1,TLS 1.0,NULL,1,112,256,valid,232,1,1,1,0,downgrade_attack,1
2025-12-04 17:09:08,CP-009,OCPP 2.0,NONE,NONE,NONE,0,0,0,valid,307,0,0,1,0,plaintext_communication,1
2025-12-04 05:31:08,CP-026,OCPP 1.6,ChaCha20-Poly1305,TLS 1.2,TLS_AES_256_GCM_SHA384,1,384,256,verified,43,1,1,1,1,none,0
2025-12-04 04:57:08,CP-007,OCPP 2.0.1,ChaCha20-Poly1305,TLS 1.2,TLS_AES_128_GCM_SHA256,1,256,521,valid,233,1,1,1,1,none,0
2025-12-04 18:15:08,CP-027,CAN-BUS,AES-128-GCM,TLS 1.2,ECDHE-RSA-AES128-GCM-SHA256,0,256,256,valid,235,1,0,1,1,encryption_bypass,1
2025-12-04 10:00:08,CP-045,OCPP 1.6,AES-128-GCM,TLS 1.3,TLS_AES_128_GCM_SHA256,1,384,256,verified,79,1,1,1,1,none,0
2025-12-04 09:26:08,CP-034,OCPP 1.6,ChaCha20-Poly1305,TLS 1.3,TLS_AES_128_GCM_SHA256,1,256,256,verified,140,1,1,1,1,none,0
2025-12-04 12:24:08,CP-040,CAN-BUS,AES-128-GCM,TLS 1.2,ECDHE-RSA-AES256-GCM-SHA384,1,384,256,verified,299,1,1,1,1,none,0
2025-12-04 19:30:08,CP-019,OCPP 2.0.1,ChaCha20-Poly1305,TLS 1.2,TLS_CHACHA20_POLY1305_SHA256,1,256,256,not_trusted,303,1,0,1,1,man_in_the_middle,1
2025-12-04 18:11:08,CP-005,OCPP 1.6,3DES,SSL 3.0,TLS_RSA_EXPORT_WITH_RC4_40_MD5,1,56,256,valid,86,1,1,1,0,downgrade_attack,1
2025-12-04 12:05:08,CP-012,OCPP 2.0,AES-256-GCM,TLS 1.3,ECDHE-RSA-AES256-GCM-SHA384,1,384,384,verified,87,1,1,1,1,none,0
2025-12-04 10:42:08,CP-025,OCPP 1.6,ChaCha20-Poly1305,TLS 1.3,TLS_AES_256_GCM_SHA384,1,384,521,verified,73,1,1,1,1,none,0
2025-12-04 06:56:08,CP-025,CAN-BUS,AES-128-GCM,TLS 1.2,TLS_AES_128_GCM_SHA256,1,384,521,verified,103,1,1,1,1,none,0
2025-12-04 11:25:08,CP-013,OCPP 2.0.1,ChaCha20-Poly1305,TLS 1.3,ECDHE-RSA-AES128-GCM-SHA256,1,256,521,verified,288,1,1,1,1,none,0
2025-12-04 08:57:08,CP-041,OCPP 2.0.1,AES-128-GCM,TLS 1.3,TLS_AES_128_GCM_SHA256,1,256,256,verified,196,1,1,1,1,none,0
2025-12-04 07:23:08,CP-027,OCPP 2.0,AES-128-GCM,TLS 1.2,ECDHE-RSA-AES128-GCM-SHA256,1,256,521,valid,290,1,1,1,1,none,0
2025-12-04 19:50:08,CP-038,OCPP 2.0.1,AES-128-GCM,TLS 1.2,TLS_AES_256_GCM_SHA384,1,256,256,hostname_mismatch,-7,1,1,1,1,certificate_error,1
2025-12-04 09:38:08,CP-011,OCPP 1.6,AES-128-GCM,TLS 1.2,TLS_AES_128_GCM_SHA256,1,384,384,valid,73,1,1,1,1,none,0
2025-12-04 18:54:08,CP-003,OCPP 2.0.1,AES-256-GCM,TLS 1.2,TLS_AES_256_GCM_SHA384,0,256,256,valid,309,1,0,1,1,encryption_bypass,1
2025-12-04 03:51:08,CP-043,OCPP 1.6,AES-256-GCM,TLS 1.2,ECDHE-RSA-AES128-GCM-SHA256,1,384,521,verified,228,1,1,1,1,none,0
2025-12-04 13:27:08,CP-041,OCPP 2.0,AES-256-GCM,TLS 1.3,TLS_CHACHA20_POLY1305_SHA256,1,384,256,valid,321,1,1,1,1,none,0
2025-12-04 14:05:08,CP-030,OCPP 2.0,ChaCha20-Poly1305,TLS 1.2,ECDHE-RSA-AES256-GCM-SHA384,1,384,384,valid,195,1,1,1,1,none,0
2025-12-04 11:32:08,CP-001,CAN-BUS,AES-128-GCM,TLS 1.2,ECDHE-RSA-AES128-GCM-SHA256,1,256,521,verified,340,1,1,1,1,none,0
2025-12-04 07:42:08,CP-032,OCPP 2.0,ChaCha20-Poly1305,TLS 1.2,ECDHE-RSA-AES256-GCM-SHA384,1,384,256,verified,329,1,1,1,1,none,0
2025-12-04 16:18:08,CP-023,OCPP 1.6,AES-128-GCM,TLS 1.2,ECDHE-RSA-AES128-GCM-SHA256,1,256,256,invalid_chain,178,1,0,1,1,man_in_the_middle,1
2025-12-04 19:01:08,CP-020,OCPP 2.0,3DES,NONE,NONE,1,112,256,valid,167,1,1,1,0,ssl_tls_vulnerability,1
2025-12-04 11:42:08,CP-029,OCPP 2.0,ChaCha20-Poly1305,TLS 1.3,TLS_AES_256_GCM_SHA384,1,384,256,verified,266,1,1,1,1,none,0
2025-12-04 15:34:08,CP-033,ISO 15118,NONE,NONE,NONE,0,0,0,valid,50,0,0,1,0,plaintext_communication,1
2025-12-04 09:21:08,CP-016,ISO 15118,AES-128-GCM,TLS 1.2,TLS_AES_256_GCM_SHA384,1,256,384,verified,143,1,1,1,1,none,0
2025-12-04 14:07:08,CP-012,OCPP 1.6,ChaCha20-Poly1305,TLS 1.3,TLS_CHACHA20_POLY1305_SHA256,1,256,256,valid,38,1,1,1,1,none,0
2025-12-04 05:03:08,CP-015,OCPP 2.0.1,AES-256-GCM,TLS 1.3,TLS_AES_256_GCM_SHA384,1,256,521,valid,360,1,1,1,1,none,0
2025-12-04 06:41:08,CP-003,ISO 15118,ChaCha20-Poly1305,TLS 1.2,ECDHE-RSA-AES256-GCM-SHA384,1,256,521,valid,220,1,1,1,1,none,0
2025-12-04 11:30:08,CP-010,OCPP 2.0,AES-256-GCM,TLS 1.3,TLS_AES_256_GCM_SHA384,1,384,384,valid,134,1,1,1,1,none,0
2025-12-04 17:56:08,CP-037,OCPP 1.6,SHA1,SSL 3.0,TLS_RSA_WITH_3DES_EDE_CBC_SHA,1,56,256,valid,245,1,1,1,0,downgrade_attack,1
2025-12-04 09:41:08,CP-020,OCPP 2.0.1,AES-128-GCM,TLS 1.2,TLS_AES_128_GCM_SHA256,1,256,256,valid,247,1,1,1,1,none,0
2025-12-04 10:09:08,CP-026,OCPP 2.0.1,AES-256-GCM,TLS 1.2,TLS_CHACHA20_POLY1305_SHA256,1,384,384,valid,155,1,1,1,1,none,0
2025-12-04 14:40:08,CP-019,OCPP 1.6,AES-128-GCM,TLS 1.3,TLS_AES_256_GCM_SHA384,1,384,521,valid,263,1,1,1,1,none,0
2025-12-04 12:35:08,CP-033,CAN-BUS,ChaCha20-Poly1305,TLS 1.3,TLS_AES_256_GCM_SHA384,1,256,521,verified,292,1,1,1,1,none,0
2025-12-04 04:56:08,CP-048,CAN-BUS,ChaCha20-Poly1305,TLS 1.2,TLS_AES_128_GCM_SHA256,1,256,384,valid,246,1,1,1,1,none,0
2025-12-04 19:36:08,CP-023,OCPP 2.0.1,DES,SSL 3.0,TLS_RSA_WITH_NULL_SHA,1,112,256,valid,285,1,1,1,0,ssl_tls_vulnerability,1
2025-12-04 18:14:08,CP-009,OCPP 2.0,ChaCha20-Poly1305,TLS 1.3,TLS_AES_256_GCM_SHA384,1,256,128,valid,62,1,1,0,0,key_management_issue,1
2025-12-04 13:38:08,CP-029,CAN-BUS,AES-256-GCM,TLS 1.3,TLS_CHACHA20_POLY1305_SHA256,1,384,256,valid,237,1,1,1,1,none,0
2025-12-04 15:47:08,CP-028,OCPP 2.0,AES-128-GCM,TLS 1.3,TLS_CHACHA20_POLY1305_SHA256,0,256,256,valid,290,0,0,1,1,encryption_bypass,1
2025-12-04 19:21:08,CP-050,ISO 15118,NONE,NONE,NONE,0,0,0,valid,289,0,0,1,0,plaintext_communication,1
2025-12-04 17:14:08,CP-006,OCPP 1.6,3DES,SSL 3.0,TLS_RSA_WITH_NULL_SHA,1,112,256,valid,354,1,1,1,0,ssl_tls_vulnerability,1
2025-12-04 16:37:08,CP-011,OCPP 2.0.1,AES-128-GCM,TLS 1.2,ECDHE-RSA-AES128-GCM-SHA256,1,256,256,invalid_chain,325,1,0,1,1,man_in_the_middle,1
2025-12-04 13:55:08,CP-003,ISO 15118,AES-128-GCM,TLS 1.3,TLS_AES_256_GCM_SHA384,1,256,256,verified,204,1,1,1,1,none,0
2025-12-04 13:35:08,CP-004,OCPP 1.6,AES-128-GCM,TLS 1.3,TLS_AES_256_GCM_SHA384,1,256,256,valid,304,1,1,1,1,none,0
2025-12-04 09:44:08,CP-035,ISO 15118,AES-128-GCM,TLS 1.3,ECDHE-RSA-AES128-GCM-SHA256,1,256,384,verified,294,1,1,1,1,none,0
2025-12-04 16:06:08,CP-029,OCPP 2.0,NONE,NONE,NONE,0,0,0,valid,207,0,0,1,0,plaintext_communication,1
2025-12-04 19:06:08,CP-045,OCPP 2.0.1,AES-128-GCM,TLS 1.3,TLS_AES_128_GCM_SHA256,1,256,256,not_trusted,181,1,0,1,1,man_in_the_middle,1
2025-12-04 10:01:08,CP-035,ISO 15118,ChaCha20-Poly1305,TLS 1.2,ECDHE-RSA-AES256-GCM-SHA384,1,256,384,verified,100,1,1,1,1,none,0
2025-12-04 14:49:08,CP-018,OCPP 2.0,ChaCha20-Poly1305,TLS 1.3,TLS_AES_256_GCM_SHA384,1,384,384,verified,248,1,1,1,1,none,0
2025-12-04 14:06:08,CP-025,OCPP 1.6,AES-128-GCM,TLS 1.2,TLS_CHACHA20_POLY1305_SHA256,1,384,256,valid,93,1,1,1,1,none,0
2025-12-04 10:40:08,CP-041,OCPP 2.0,AES-128-GCM,TLS 1.3,ECDHE-RSA-AES256-GCM-SHA384,1,256,256,valid,166,1,1,1,1,none,0
2025-12-04 16:43:08,CP-029,OCPP 1.6,NONE,NONE,NONE,0,0,0,valid,179,0,0,1,0,plaintext_communication,1
2025-12-04 05:01:08,CP-010,OCPP 2.0,AES-256-GCM,TLS 1.2,TLS_AES_128_GCM_SHA256,1,256,521,verified,291,1,1,1,1,none,0
2025-12-04 05:15:08,CP-045,OCPP 2.0.1,AES-256-GCM,TLS 1.2,TLS_AES_128_GCM_SHA256,1,256,256,valid,180,1,1,1,1,none,0
2025-12-04 13:16:08,CP-029,CAN-BUS,ChaCha20-Poly1305,TLS 1.3,TLS_AES_256_GCM_SHA384,1,384,384,valid,358,1,1,1,1,none,0
2025-12-04 10:32:08,CP-027,OCPP 2.0.1,AES-128-GCM,TLS 1.2,TLS_AES_128_GCM_SHA256,1,384,521,valid,332,1,1,1,1,none,0
2025-12-04 09:32:08,CP-002,OCPP 1.6,ChaCha20-Poly1305,TLS 1.2,TLS_AES_128_GCM_SHA256,1,384,384,verified,99,1,1,1,1,none,0
2025-12-04 07:06:08,CP-018,OCPP 2.0,AES-128-GCM,TLS 1.3,ECDHE-RSA-AES128-GCM-SHA256,1,256,384,verified,96,1,1,1,1,none,0
2025-12-04 04:32:08,CP-040,OCPP 2.0.1,AES-256-GCM,TLS 1.3,ECDHE-RSA-AES256-GCM-SHA384,1,256,521,verified,75,1,1,1,1,none,0
2025-12-04 11:44:08,CP-022,CAN-BUS,AES-256-GCM,TLS 1.3,ECDHE-RSA-AES128-GCM-SHA256,1,384,521,verified,101,1,1,1,1,none,0
2025-12-04 07:10:08,CP-028,OCPP 2.0,ChaCha20-Poly1305,TLS 1.2,ECDHE-RSA-AES256-GCM-SHA384,1,256,521,valid,122,1,1,1,1,none,0
2025-12-04 13:53:08,CP-045,OCPP 2.0,AES-256-GCM,TLS 1.3,TLS_AES_256_GCM_SHA384,1,384,256,valid,241,1,1,1,1,none,0
2025-12-04 06:32:08,CP-004,CAN-BUS,ChaCha20-Poly1305,TLS 1.3,TLS_AES_256_GCM_SHA384,1,384,521,valid,42,1,1,1,1,none,0
2025-12-04 05:46:08,CP-003,CAN-BUS,ChaCha20-Poly1305,TLS 1.3,TLS_AES_128_GCM_SHA256,1,384,384,verified,166,1,1,1,1,none,0
2025-12-04 11:36:08,CP-030,OCPP 1.6,AES-256-GCM,TLS 1.3,TLS_AES_128_GCM_SHA256,1,256,384,verified,260,1,1,1,1,none,0
2025-12-04 14:20:08,CP-019,CAN-BUS,ChaCha20-Poly1305,TLS 1.2,ECDHE-RSA-AES128-GCM-SHA256,1,384,384,valid,355,1,1,1,1,none,0
2025-12-04 14:56:08,CP-010,OCPP 2.0,ChaCha20-Poly1305,TLS 1.3,ECDHE-RSA-AES256-GCM-SHA384,1,256,521,verified,193,1,1,1,1,none,0
2025-12-04 09:46:08,CP-028,OCPP 2.0,ChaCha20-Poly1305,TLS 1.3,TLS_CHACHA20_POLY1305_SHA256,1,384,384,verified,104,1,1,1,1,none,0
2025-12-04 15:44:08,CP-032,OCPP 1.6,NONE,TLS 1.1,TLS_RSA_EXPORT_WITH_RC4_40_MD5,1,40,112,valid,60,1,1,1,0,weak_cipher,1
2025-12-04 07:51:08,CP-044,OCPP 2.0.1,AES-256-GCM,TLS 1.2,TLS_CHACHA20_POLY1305_SHA256,1,384,521,valid,244,1,1,1,1,none,0
2025-12-04 12:02:08,CP-023,CAN-BUS,AES-128-GCM,TLS 1.3,ECDHE-RSA-AES256-GCM-SHA384,1,384,384,verified,89,1,1,1,1,none,0
2025-12-04 16:33:08,CP-015,OCPP 1.6,NONE,NONE,NONE,0,0,0,valid,226,0,0,1,0,plaintext_communication,1
2025-12-04 06:00:08,CP-029,OCPP 1.6,AES-256-GCM,TLS 1.3,TLS_AES_256_GCM_SHA384,1,256,384,valid,107,1,1,1,1,none,0
2025-12-04 17:54:08,CP-048,ISO 15118,NONE,NONE,NONE,0,0,0,valid,289,0,0,1,0,plaintext_communication,1
2025-12-04 11:54:08,CP-020,CAN-BUS,AES-256-GCM,TLS 1.2,ECDHE-RSA-AES128-GCM-SHA256,1,384,256,verified,153,1,1,1,1,none,0
2025-12-04 04:58:08,CP-023,CAN-BUS,AES-256-GCM,TLS 1.3,ECDHE-RSA-AES256-GCM-SHA384,1,256,521,valid,194,1,1,1,1,none,0
2025-12-04 16:50:08,CP-017,CAN-BUS,AES-128-GCM,TLS 1.2,ECDHE-RSA-AES128-GCM-SHA256,0,256,256,valid,318,0,0,1,1,encryption_bypass,1
2025-12-04 06:14:08,CP-024,ISO 15118,AES-128-GCM,TLS 1.3,ECDHE-RSA-AES256-GCM-SHA384,1,256,256,verified,129,1,1,1,1,none,0
2025-12-04 03:36:08,CP-003,OCPP 1.6,AES-128-GCM,TLS 1.3,TLS_AES_256_GCM_SHA384,1,384,256,verified,170,1,1,1,1,none,0
2025-12-04 14:51:08,CP-011,OCPP 1.6,AES-128-GCM,TLS 1.2,TLS_AES_256_GCM_SHA384,1,256,521,verified,177,1,1,1,1,none,0
2025-12-04 13:33:08,CP-040,CAN-BUS,ChaCha20-Poly1305,TLS 1.2,TLS_CHACHA20_POLY1305_SHA256,1,256,384,verified,155,1,1,1,1,none,0
2025-12-04 14:46:08,CP-009,OCPP 2.0.1,AES-256-GCM,TLS 1.3,ECDHE-RSA-AES128-GCM-SHA256,1,256,256,verified,95,1,1,1,1,none,0
2025-12-04 06:10:08,CP-011,CAN-BUS,AES-256-GCM,TLS 1.2,ECDHE-RSA-AES128-GCM-SHA256,1,384,521,verified,205,1,1,1,1,none,0
2025-12-04 05:12:08,CP-032,CAN-BUS,AES-256-GCM,TLS 1.2,TLS_CHACHA20_POLY1305_SHA256,1,256,256,verified,85,1,1,1,1,none,0
2025-12-04 06:20:08,CP-050,CAN-BUS,ChaCha20-Poly1305,TLS 1.2,TLS_AES_256_GCM_SHA384,1,384,521,valid,326,1,1,1,1,none,0
2025-12-04 11:45:08,CP-015,OCPP 2.0,AES-128-GCM,TLS 1.3,ECDHE-RSA-AES128-GCM-SHA256,1,256,256,valid,111,1,1,1,1,none,0
2025-12-04 14:15:08,CP-019,ISO 15118,AES-128-GCM,TLS 1.3,TLS_AES_128_GCM_SHA256,1,256,256,verified,321,1,1,1,1,none,0
2025-12-04 09:57:08,CP-007,ISO 15118,AES-256-GCM,TLS 1.3,ECDHE-RSA-AES128-GCM-SHA256,1,256,384,valid,232,1,1,1,1,none,0
2025-12-04 05:02:08,CP-016,ISO 15118,AES-128-GCM,TLS 1.3,ECDHE-RSA-AES128-GCM-SHA256,1,384,384,verified,102,1,1,1,1,none,0
2025-12-04 13:25:08,CP-039,OCPP 2.0,AES-128-GCM,TLS 1.3,TLS_AES_256_GCM_SHA384,1,256,384,valid,315,1,1,1,1,none,0
2025-12-04 18:16:08,CP-044,CAN-BUS,NONE,NONE,NONE,0,0,0,valid,64,0,0,1,0,plaintext_communication,1
2025-12-04 12:45:08,CP-030,OCPP 2.0.1,AES-128-GCM,TLS 1.2,TLS_CHACHA20_POLY1305_SHA256,1,384,256,valid,181,1,1,1,1,none,0
2025-12-04 09:11:08,CP-046,CAN-BUS,AES-256-GCM,TLS 1.3,TLS_AES_256_GCM_SHA384,1,384,384,valid,91,1,1,1,1,none,0
2025-12-04 15:42:08,CP-031,OCPP 2.0,3DES,SSL 2.0,NONE,1,112,256,valid,66,1,1,1,0,ssl_tls_vulnerability,1
2025-12-04 09:01:08,CP-023,OCPP 2.0,ChaCha20-Poly1305,TLS 1.3,ECDHE-RSA-AES256-GCM-SHA384,1,256,384,verified,107,1,1,1,1,none,0
2025-12-04 08:22:08,CP-028,OCPP 1.6,ChaCha20-Poly1305,TLS 1.3,TLS_CHACHA20_POLY1305_SHA256,1,256,384,verified,163,1,1,1,1,none,0
2025-12-04 06:31:08,CP-042,CAN-BUS,AES-256-GCM,TLS 1.2,TLS_AES_256_GCM_SHA384,1,384,521,valid,317,1,1,1,1,none,0
2025-12-04 09:31:08,CP-050,OCPP 2.0,AES-128-GCM,TLS 1.2,TLS_AES_256_GCM_SHA384,1,384,384,valid,301,1,1,1,1,none,0
2025-12-04 03:41:08,CP-014,CAN-BUS,AES-128-GCM,TLS 1.2,ECDHE-RSA-AES256-GCM-SHA384,1,384,384,valid,97,1,1,1,1,none,0
2025-12-04 17:36:08,CP-030,OCPP 2.0,3DES,SSL 3.0,NULL,1,128,256,valid,202,1,1,1,0,ssl_tls_vulnerability,1
2025-12-04 17:08:08,CP-004,ISO 15118,AES-256-GCM,TLS 1.3,ECDHE-RSA-AES128-GCM-SHA256,1,256,256,self_signed,-7,1,1,1,1,certificate_error,1
2025-12-04 05:35:08,CP-020,CAN-BUS,ChaCha20-Poly1305,TLS 1.3,TLS_AES_256_GCM_SHA384,1,256,384,valid,192,1,1,1,1,none,0
2025-12-04 17:18:08,CP-005,CAN-BUS,AES-128-GCM,TLS 1.3,ECDHE-RSA-AES256-GCM-SHA384,1,256,256,hostname_mismatch,0,1,1,1,1,certificate_error,1
2025-12-04 03:29:08,CP-037,OCPP 1.6,AES-256-GCM,TLS 1.2,ECDHE-RSA-AES128-GCM-SHA256,1,384,256,verified,206,1,1,1,1,none,0
2025-12-04 15:08:08,CP-030,CAN-BUS,NONE,NONE,NONE,0,0,0,valid,244,0,0,1,0,plaintext_communication,1
2025-12-04 13:15:08,CP-004,OCPP 2.0,ChaCha20-Poly1305,TLS 1.3,ECDHE-RSA-AES256-GCM-SHA384,1,256,384,verified,210,1,1,1,1,none,0
2025-12-04 15:50:08,CP-014,OCPP 2.0,ChaCha20-Poly1305,TLS 1.3,TLS_AES_256_GCM_SHA384,1,256,256,self_signed,305,1,0,1,1,man_in_the_middle,1
2025-12-04 17:06:08,CP-048,CAN-BUS,AES-128-GCM,TLS 1.3,TLS_AES_128_GCM_SHA256,1,256,256,hostname_mismatch,-15,1,1,1,1,certificate_error,1
2025-12-04 13:57:08,CP-005,OCPP 1.6,AES-256-GCM,TLS 1.2,TLS_AES_128_GCM_SHA256,1,256,384,valid,232,1,1,1,1,none,0
2025-12-04 15:26:08,CP-050,OCPP 2.0.1,NULL,TLS 1.1,NULL,1,64,64,valid,284,1,1,1,0,weak_cipher,1
2025-12-04 18:24:08,CP-050,OCPP 2.0,SHA1,TLS 1.1,TLS_RSA_WITH_RC4_128_SHA,1,56,64,valid,256,1,1,1,0,weak_cipher,1
2025-12-04 09:17:08,CP-005,CAN-BUS,AES-128-GCM,TLS 1.3,ECDHE-RSA-AES256-GCM-SHA384,1,384,256,verified,261,1,1,1,1,none,0
2025-12-04 05:51:08,CP-006,CAN-BUS,ChaCha20-Poly1305,TLS 1.2,ECDHE-RSA-AES128-GCM-SHA256,1,256,521,verified,135,1,1,1,1,none,0
2025-12-04 05:26:08,CP-015,CAN-BUS,AES-128-GCM,TLS 1.2,ECDHE-RSA-AES128-GCM-SHA256,1,384,521,valid,148,1,1,1,1,none,0
2025-12-04 12:59:08,CP-006,CAN-BUS,AES-256-GCM,TLS 1.3,TLS_AES_128_GCM_SHA256,1,384,256,valid,184,1,1,1,1,none,0
2025-12-04 11:29:08,CP-007,CAN-BUS,ChaCha20-Poly1305,TLS 1.2,ECDHE-RSA-AES128-GCM-SHA256,1,384,256,valid,319,1,1,1,1,none,0
2025-12-04 04:36:08,CP-050,ISO 15118,AES-256-GCM,TLS 1.2,TLS_CHACHA20_POLY1305_SHA256,1,384,521,verified,186,1,1,1,1,none,0
2025-12-04 05:45:08,CP-041,ISO 15118,ChaCha20-Poly1305,TLS 1.2,TLS_AES_256_GCM_SHA384,1,256,521,valid,317,1,1,1,1,none,0
2025-12-04 19:00:08,CP-039,CAN-BUS,NONE,NONE,NONE,0,0,0,valid,287,0,0,1,0,plaintext_communication,1
2025-12-04 19:47:08,CP-022,OCPP 2.0,AES-128-GCM,TLS 1.3,TLS_CHACHA20_POLY1305_SHA256,1,256,256,self_signed,-1,1,1,1,1,certificate_error,1
