timestamp,charge_point_id,grid_load_kw,max_grid_capacity_kw,load_percentage,simultaneous_charging,voltage_v,frequency_hz,power_factor,demand_response_signal,dr_compliance_rate,ramp_rate_kw_min,reactive_power_kvar,thd_percentage,peak_hour,day_type,attack_type,label
2026-01-01 05:51:00,CP_ANT_0028,573.3,1000,57.33,4,406.04,50.071,0.983,0,0,6.7,19.93,1.57,0,0,normal,0
2026-01-01 13:40:00,CP_ANK_0095,1294.0,1500,86.27,45,376.77,49.679,0.85,1,0.017,110.27,228.39,8.3,1,0,coordinated_attack,1
2026-01-01 15:22:00,CP_ANK_0073,1199.78,1500,79.99,10,387.94,50.099,0.952,1,0.028,34.49,59.01,6.56,0,0,dr_manipulation,1
2026-01-01 06:21:00,CP_BUR_0048,480.76,1000,48.08,4,405.91,49.947,0.958,1,0.883,6.3,28.57,2.74,0,0,normal,0
2026-01-01 11:12:00,CP_BUR_0060,754.65,1500,50.31,4,407.84,49.979,0.951,0,0,10.64,-36.35,3.35,0,0,normal,0
2026-01-01 10:53:00,CP_IZM_0061,938.09,1500,62.54,5,400.61,50.004,0.959,0,0,7.88,-1.67,4.35,0,0,normal,0
2026-01-01 02:37:00,CP_ANK_0064,420.41,750,56.05,1,408.7,49.935,0.994,0,0,14.01,-46.37,3.93,0,0,normal,0
2026-01-01 07:38:00,CP_IZM_0050,319.05,750,42.54,4,407.9,50.079,0.985,1,0.943,6.82,-7.59,3.87,1,0,normal,0
2026-01-01 04:38:00,CP_ANK_0002,360.54,750,48.07,4,402.7,50.073,0.998,0,0,7.11,-36.77,1.61,0,0,normal,0
2026-01-01 08:08:00,CP_ANK_0065,525.64,1000,52.56,5,398.53,49.924,0.977,0,0,9.28,36.27,4.45,1,0,normal,0
2026-01-01 11:47:00,CP_ANT_0049,879.72,750,117.3,23,362.71,49.708,0.905,0,0.193,62.62,243.49,10.42,0,0,grid_overload,1
2026-01-01 03:32:00,CP_IST_0055,285.91,500,57.18,3,406.63,50.065,0.968,0,0,11.4,-5.86,1.76,0,0,normal,0
2026-01-01 05:05:00,CP_BUR_0014,967.7,1500,64.51,1,401.89,50.06,0.972,1,0.917,1.78,-0.26,3.29,0,0,normal,0
2026-01-01 11:10:00,CP_BUR_0064,499.25,750,66.57,2,399.11,50.026,0.965,0,0,10.47,22.24,1.76,0,0,normal,0
2026-01-01 00:54:00,CP_ANT_0076,491.99,1000,49.2,2,396.81,49.939,0.956,0,0,2.87,23.86,1.97,0,0,normal,0
2026-01-01 11:04:00,CP_IST_0026,887.55,1500,59.17,3,396.4,49.921,0.978,0,0,12.4,10.34,1.09,0,0,normal,0
2026-01-01 14:00:00,CP_ANK_0018,1779.38,2000,88.97,21,396.79,49.876,0.88,1,0.035,99.22,228.91,9.02,1,0,coordinated_attack,1
2026-01-01 03:16:00,CP_ANK_0074,367.6,750,49.01,5,409.21,49.94,0.966,1,0.995,4.37,19.5,2.72,0,0,normal,0
2026-01-01 06:43:00,CP_BUR_0065,233.31,500,46.66,3,406.8,49.93,0.967,1,0.936,0.74,-10.08,1.3,0,0,normal,0
2026-01-01 07:46:00,CP_ANK_0007,946.67,1500,63.11,2,404.91,50.045,0.958,0,0,0.81,-23.56,3.87,1,0,normal,0
2026-01-01 12:09:00,CP_ANK_0020,1181.28,1000,118.13,20,365.42,49.742,0.881,1,0.143,47.65,101.9,9.08,0,0,grid_overload,1
2026-01-01 05:04:00,CP_BUR_0071,413.75,750,55.17,4,407.78,50.074,0.954,1,0.898,4.96,-22.18,2.77,0,0,normal,0
2026-01-01 04:02:00,CP_IST_0034,223.31,500,44.66,2,401.74,49.963,0.956,0,0,14.47,-29.24,2.08,0,0,normal,0
2026-01-01 04:07:00,CP_ANT_0079,823.26,1500,54.88,4,405.25,49.935,0.961,0,0,4.12,-5.4,1.52,0,0,normal,0
2026-01-01 10:00:00,CP_ANK_0057,954.25,1500,63.62,2,407.03,49.983,0.97,1,0.993,7.74,18.22,4.3,0,0,normal,0
2026-01-01 15:19:00,CP_ANK_0084,531.85,750,70.91,15,399.97,50.061,0.907,1,-0.374,44.68,73.99,5.0,0,0,dr_manipulation,1
2026-01-01 16:14:00,CP_ANK_0004,671.41,750,89.52,7,391.2,50.312,0.76,1,0.569,190.57,45.23,10.22,0,0,grid_instability,1
2026-01-01 09:57:00,CP_ANT_0057,323.54,500,64.71,1,402.61,49.933,0.956,0,0,13.66,-34.3,2.02,0,0,normal,0
2026-01-01 00:04:00,CP_IST_0088,494.96,750,65.99,4,399.17,50.027,0.968,0,0,5.33,17.02,3.46,0,0,normal,0
2026-01-01 00:56:00,CP_IST_0015,646.16,1500,43.08,1,403.61,49.994,0.972,0,0,14.48,-24.75,4.02,0,0,normal,0
2026-01-01 04:39:00,CP_ANT_0067,582.5,1000,58.25,3,405.69,50.042,0.964,1,0.978,6.88,-28.18,2.06,0,0,normal,0
2026-01-01 00:31:00,CP_ANT_0056,217.3,500,43.46,3,397.68,50.093,0.963,0,0,8.95,-15.43,3.75,0,0,normal,0
2026-01-01 13:27:00,CP_IZM_0071,384.79,500,76.96,3,389.65,49.832,0.746,0,0.28,34.45,388.31,10.44,0,0,power_imbalance,1
2026-01-01 06:00:00,CP_ANK_0096,259.84,500,51.97,3,396.14,50.086,0.974,0,0,3.28,7.37,1.64,0,0,normal,0
2026-01-01 09:41:00,CP_IZM_0055,243.61,500,48.72,4,396.19,50.06,0.965,0,0,10.26,-19.96,1.87,0,0,normal,0
2026-01-01 08:31:00,CP_ANK_0086,300.97,750,40.13,5,409.63,49.966,0.985,1,0.984,14.54,25.42,4.48,1,0,normal,0
2026-01-01 14:10:00,CP_IZM_0006,1603.72,2000,80.19,33,383.71,49.769,0.821,1,0.061,118.06,231.85,8.1,1,0,coordinated_attack,1
2026-01-01 03:14:00,CP_ANT_0064,480.52,1000,48.05,2,395.95,49.987,0.971,1,0.967,5.42,44.42,3.52,0,0,normal,0
2026-01-01 06:36:00,CP_BUR_0048,225.02,500,45.0,2,403.25,50.001,0.983,1,0.99,13.54,5.01,4.49,0,0,normal,0
2026-01-01 09:24:00,CP_BUR_0059,878.1,1500,58.54,5,398.9,49.918,0.968,0,0,0.21,2.58,3.71,0,0,normal,0
2026-01-01 13:03:00,CP_BUR_0017,1042.63,1500,69.51,5,426.39,50.283,0.698,1,0.458,32.03,364.25,14.42,0,0,power_imbalance,1
2026-01-01 15:46:00,CP_IZM_0032,413.92,1000,41.39,19,366.75,49.33,0.902,1,0.397,163.34,228.93,12.21,0,0,grid_instability,1
2026-01-01 01:23:00,CP_IST_0015,445.72,750,59.43,4,408.64,49.96,0.97,0,0,0.68,-46.28,4.49,0,0,normal,0
2026-01-01 16:30:00,CP_ANT_0034,1491.85,1500,99.46,10,417.91,50.142,0.823,0,0.264,137.99,27.69,14.1,0,0,grid_instability,1
2026-01-01 09:29:00,CP_BUR_0068,517.81,750,69.04,5,395.62,49.936,0.958,1,0.99,13.17,-36.81,2.11,0,0,normal,0
2026-01-01 14:50:00,CP_ANK_0004,1055.82,1500,70.39,7,395.47,50.03,0.951,1,-0.218,28.53,108.25,6.34,0,0,dr_manipulation,1
2026-01-01 13:04:00,CP_ANK_0008,653.74,1000,65.37,8,392.42,50.109,0.701,1,0.463,49.74,160.67,14.84,0,0,power_imbalance,1
2026-01-01 06:38:00,CP_IZM_0089,578.73,1000,57.87,5,397.03,50.078,0.95,0,0,3.22,-18.51,3.7,0,0,normal,0
2026-01-01 09:07:00,CP_BUR_0066,694.38,1500,46.29,1,404.77,49.96,0.99,1,0.95,4.7,-8.57,1.88,0,0,normal,0
2026-01-01 12:25:00,CP_IZM_0007,532.88,500,106.58,10,385.93,49.614,0.863,0,0.067,65.56,112.27,8.56,0,0,grid_overload,1
2026-01-01 00:28:00,CP_ANK_0095,494.54,750,65.94,2,408.22,49.905,0.987,0,0,11.74,-8.83,3.34,0,0,normal,0
2026-01-01 04:11:00,CP_ANT_0046,429.53,750,57.27,4,400.32,50.068,0.992,0,0,3.55,-18.2,3.58,0,0,normal,0
2026-01-01 02:51:00,CP_ANK_0070,315.14,750,42.02,5,395.5,50.02,0.985,0,0,3.67,-45.58,2.54,0,0,normal,0
2026-01-01 10:13:00,CP_ANK_0078,282.13,500,56.43,1,408.06,49.984,0.979,1,0.985,11.72,-2.48,3.52,0,0,normal,0
2026-01-01 11:45:00,CP_ANK_0031,447.38,500,89.48,10,369.04,49.702,0.866,1,0.05,66.78,123.14,9.98,0,0,grid_overload,1
2026-01-01 13:15:00,CP_BUR_0079,921.7,1500,61.45,9,408.05,50.121,0.788,0,0.499,44.18,175.95,12.55,0,0,power_imbalance,1
2026-01-01 05:48:00,CP_IST_0001,263.82,500,52.76,3,402.16,49.947,0.993,0,0,8.97,4.37,1.9,0,0,normal,0
2026-01-01 13:14:00,CP_ANK_0077,936.32,1500,62.42,8,391.13,50.025,0.705,1,0.234,25.27,257.1,9.24,0,0,power_imbalance,1
2026-01-01 09:25:00,CP_ANT_0027,233.67,500,46.73,2,397.86,50.072,0.989,0,0,11.2,-11.79,2.51,0,0,normal,0
2026-01-01 01:05:00,CP_ANT_0025,639.63,1500,42.64,3,399.85,50.094,0.97,0,0,9.86,4.26,2.45,0,0,normal,0
2026-01-01 07:35:00,CP_IST_0037,981.44,1500,65.43,3,395.94,50.08,0.998,0,0,10.55,32.08,2.26,1,0,normal,0
2026-01-01 09:02:00,CP_IST_0076,314.78,500,62.96,3,400.71,49.986,1.0,1,0.903,9.92,-25.24,3.27,0,0,normal,0
2026-01-01 14:13:00,CP_IZM_0017,802.99,750,107.07,45,381.3,49.742,0.886,1,0.115,143.47,211.82,7.63,1,0,coordinated_attack,1
2026-01-01 03:49:00,CP_ANK_0027,588.57,1000,58.86,5,406.51,49.985,0.97,0,0,4.16,-19.01,2.79,0,0,normal,0
2026-01-01 12:30:00,CP_BUR_0009,687.82,750,91.71,25,381.35,49.767,0.891,1,0.268,66.91,243.47,11.47,0,0,grid_overload,1
2026-01-01 07:49:00,CP_ANT_0025,500.49,1000,50.05,3,407.03,49.951,0.979,1,0.966,11.24,23.43,3.06,1,0,normal,0
2026-01-01 04:56:00,CP_ANT_0012,454.85,750,60.65,4,399.96,49.901,0.984,0,0,12.53,16.9,1.52,0,0,normal,0
2026-01-01 10:08:00,CP_IST_0058,485.14,750,64.69,3,401.81,49.929,0.971,1,0.862,0.93,38.85,2.67,0,0,normal,0
2026-01-01 09:56:00,CP_ANT_0079,668.9,1000,66.89,5,404.06,49.921,0.953,1,0.97,14.44,25.58,4.41,0,0,normal,0
2026-01-01 10:09:00,CP_BUR_0089,603.05,1000,60.3,4,403.82,50.004,0.97,0,0,8.76,13.65,4.49,0,0,normal,0
2026-01-01 05:16:00,CP_IZM_0090,469.56,750,62.61,1,400.38,49.991,0.981,0,0,11.14,6.13,1.83,0,0,normal,0
2026-01-01 02:13:00,CP_ANK_0090,321.58,500,64.32,3,405.02,50.042,0.977,0,0,13.37,35.14,3.49,0,0,normal,0
2026-01-01 04:12:00,CP_IZM_0070,305.52,500,61.1,3,409.21,50.013,0.978,0,0,12.55,31.04,4.4,0,0,normal,0
2026-01-01 14:20:00,CP_IZM_0038,711.9,750,94.92,23,393.47,49.689,0.832,1,0.046,114.13,136.26,6.12,1,0,coordinated_attack,1
2026-01-01 01:25:00,CP_IZM_0070,1022.57,1500,68.17,3,395.49,49.974,0.972,0,0,12.83,-40.06,3.4,0,0,normal,0
2026-01-01 10:56:00,CP_IST_0046,810.4,1500,54.03,4,400.51,50.0,0.964,0,0,2.69,-26.62,3.26,0,0,normal,0
2026-01-01 13:36:00,CP_IZM_0016,595.16,1000,59.52,8,394.02,50.034,0.663,0,0.318,40.89,263.65,13.94,0,0,power_imbalance,1
2026-01-01 16:36:00,CP_IZM_0049,736.87,750,98.25,10,351.75,50.286,0.752,2,0.228,179.91,-89.34,11.7,0,0,grid_instability,1
2026-01-01 03:57:00,CP_ANT_0026,460.2,1000,46.02,5,406.77,50.048,0.962,0,0,8.88,-0.66,3.7,0,0,normal,0
2026-01-01 05:43:00,CP_IST_0073,330.31,750,44.04,5,395.59,50.014,0.953,0,0,13.84,1.66,2.42,0,0,normal,0
2026-01-01 14:17:00,CP_IST_0086,1975.19,2000,98.76,29,376.04,49.649,0.901,1,0.162,77.31,178.96,8.15,1,0,coordinated_attack,1
2026-01-01 09:14:00,CP_ANK_0014,998.05,1500,66.54,2,404.0,50.055,0.966,1,0.971,11.16,43.55,1.76,0,0,normal,0
2026-01-01 05:46:00,CP_IST_0070,436.24,750,58.17,2,402.14,50.023,0.952,0,0,1.4,15.94,4.16,0,0,normal,0
2026-01-01 00:02:00,CP_IST_0069,515.37,750,68.72,3,396.53,49.976,0.968,0,0,9.06,30.71,3.55,0,0,normal,0
2026-01-01 01:40:00,CP_IST_0008,469.86,750,62.65,1,400.18,49.922,0.984,1,0.929,4.63,-27.95,4.45,0,0,normal,0
2026-01-01 16:37:00,CP_BUR_0006,643.67,750,85.82,18,389.61,49.684,0.719,0,0.263,137.56,224.57,12.17,0,0,grid_instability,1
2026-01-01 10:20:00,CP_ANK_0007,454.44,1000,45.44,1,399.47,49.92,0.957,0,0,3.87,44.16,4.15,0,0,normal,0
2026-01-01 03:07:00,CP_ANT_0027,721.99,1500,48.13,1,405.27,49.956,0.977,0,0,2.69,35.04,1.05,0,0,normal,0
2026-01-01 01:49:00,CP_ANT_0067,321.65,500,64.33,3,409.74,49.917,0.982,0,0,3.72,-6.22,2.54,0,0,normal,0
2026-01-01 00:10:00,CP_ANT_0100,414.23,750,55.23,1,408.06,49.96,0.982,0,0,2.29,26.25,2.89,0,0,normal,0
2026-01-01 03:36:00,CP_IST_0058,457.82,750,61.04,2,398.75,50.042,0.991,1,0.923,8.66,-23.13,2.45,0,0,normal,0
2026-01-01 16:28:00,CP_ANT_0070,937.48,1500,62.5,19,429.35,49.372,0.898,0,0.198,93.97,-62.48,9.17,0,0,grid_instability,1
2026-01-01 00:44:00,CP_IZM_0042,866.35,1500,57.76,1,396.26,49.986,0.993,0,0,0.75,-12.09,1.74,0,0,normal,0
2026-01-01 12:06:00,CP_IST_0069,1047.27,1000,104.73,24,378.15,49.626,0.818,1,0.114,97.84,149.5,7.62,0,0,grid_overload,1
2026-01-01 00:25:00,CP_BUR_0021,713.0,1500,47.53,1,396.38,49.985,0.964,0,0,5.0,-36.92,4.43,0,0,normal,0
2026-01-01 10:02:00,CP_ANT_0036,346.66,500,69.33,5,409.59,49.984,0.994,0,0,10.82,-18.63,2.2,0,0,normal,0
2026-01-01 00:33:00,CP_BUR_0086,599.02,1000,59.9,1,405.8,49.96,0.965,1,0.899,10.46,5.44,1.67,0,0,normal,0
2026-01-01 07:45:00,CP_BUR_0020,766.4,1500,51.09,2,398.92,50.04,0.974,0,0,5.14,-41.56,1.51,1,0,normal,0
2026-01-01 04:10:00,CP_IST_0095,417.58,1000,41.76,4,402.94,50.053,1.0,0,0,1.5,15.69,1.93,0,0,normal,0
2026-01-01 11:08:00,CP_IZM_0090,418.32,750,55.78,5,408.19,49.992,0.979,0,0,4.32,38.1,2.6,0,0,normal,0
2026-01-01 05:58:00,CP_IST_0034,608.26,1000,60.83,4,403.45,50.054,0.988,1,0.952,13.45,36.2,2.69,0,0,normal,0
2026-01-01 10:25:00,CP_ANT_0018,1049.66,1500,69.98,2,403.78,50.002,0.952,0,0,4.51,-10.47,1.43,0,0,normal,0
2026-01-01 07:03:00,CP_ANT_0059,640.7,1500,42.71,5,396.7,50.056,0.997,0,0,5.9,-17.65,1.09,1,0,normal,0
2026-01-01 16:34:00,CP_IZM_0039,395.98,750,52.8,18,438.3,50.215,0.897,2,0.235,191.94,112.39,16.42,0,0,grid_instability,1
2026-01-01 10:22:00,CP_ANT_0039,261.12,500,52.22,2,408.71,49.904,0.978,0,0,3.69,5.47,3.75,0,0,normal,0
2026-01-01 12:14:00,CP_IZM_0010,935.48,1000,93.55,24,380.52,49.513,0.854,0,0.202,92.92,204.7,7.35,0,0,grid_overload,1
2026-01-01 08:04:00,CP_IZM_0016,436.24,1000,43.62,5,403.19,49.964,0.998,0,0,11.46,9.31,2.17,1,0,normal,0
2026-01-01 15:59:00,CP_ANK_0032,425.11,1000,42.51,13,387.54,49.925,0.774,0,0.398,122.87,-83.52,15.13,0,0,grid_instability,1
2026-01-01 02:55:00,CP_ANT_0012,1035.5,1500,69.03,5,402.95,49.978,0.963,0,0,9.7,42.22,3.96,0,0,normal,0
2026-01-01 01:48:00,CP_BUR_0008,808.22,1500,53.88,5,409.31,50.048,0.952,0,0,4.82,-2.44,1.53,0,0,normal,0
2026-01-01 09:20:00,CP_ANK_0083,526.26,1000,52.63,5,406.07,49.991,0.951,0,0,9.62,-31.63,2.55,0,0,normal,0
2026-01-01 03:56:00,CP_IST_0059,480.98,750,64.13,1,409.31,49.914,0.973,0,0,11.6,-18.93,1.3,0,0,normal,0
2026-01-01 07:52:00,CP_BUR_0082,384.59,750,51.28,5,407.05,49.937,0.956,0,0,3.8,-3.3,4.28,1,0,normal,0
2026-01-01 06:17:00,CP_BUR_0063,266.28,500,53.26,3,401.18,49.931,0.951,0,0,5.16,-3.08,1.03,0,0,normal,0
2026-01-01 10:15:00,CP_IZM_0099,752.55,1500,50.17,1,409.37,50.078,0.987,0,0,12.99,20.72,3.0,0,0,normal,0
2026-01-01 12:07:00,CP_IST_0014,1309.63,1500,87.31,10,370.88,49.6,0.833,0,0.082,45.88,295.9,7.33,0,0,grid_overload,1
2026-01-01 07:01:00,CP_BUR_0072,278.1,500,55.62,4,401.85,50.076,0.994,0,0,7.78,-10.44,3.57,1,0,normal,0
2026-01-01 01:27:00,CP_ANK_0100,473.07,1000,47.31,2,406.8,49.941,0.991,0,0,8.8,31.31,1.82,0,0,normal,0
2026-01-01 08:22:00,CP_IZM_0055,297.36,500,59.47,5,408.07,50.041,0.988,0,0,4.81,39.79,2.76,1,0,normal,0
2026-01-01 01:13:00,CP_IST_0013,1029.36,1500,68.62,4,408.09,49.907,0.953,0,0,14.96,24.68,2.52,0,0,normal,0
2026-01-01 12:16:00,CP_BUR_0005,1019.09,1000,101.91,16,366.39,49.721,0.868,0,0.277,95.75,291.83,9.09,0,0,grid_overload,1
2026-01-01 09:36:00,CP_ANK_0073,882.76,1500,58.85,3,403.91,49.901,0.998,1,0.899,10.97,23.43,4.35,0,0,normal,0
2026-01-01 14:12:00,CP_BUR_0039,608.31,750,81.11,24,380.56,49.816,0.854,1,0.143,130.8,127.32,8.81,1,0,coordinated_attack,1
2026-01-01 14:16:00,CP_BUR_0033,2034.35,2000,101.72,16,397.71,49.696,0.89,1,0.076,149.0,177.54,6.0,1,0,coordinated_attack,1
2026-01-01 04:30:00,CP_IST_0013,1012.72,1500,67.51,1,406.8,50.025,0.976,1,0.867,2.24,6.66,3.04,0,0,normal,0
2026-01-01 11:28:00,CP_BUR_0049,675.49,1500,45.03,4,401.34,50.022,0.972,0,0,12.29,29.36,1.07,0,0,normal,0
2026-01-01 15:40:00,CP_ANK_0088,391.69,750,52.23,2,419.01,50.404,0.754,1,0.33,185.26,324.46,10.39,0,0,grid_instability,1
2026-01-01 15:17:00,CP_ANT_0063,1188.68,1500,79.25,15,387.72,49.893,0.894,1,-0.122,27.93,80.48,3.83,0,0,dr_manipulation,1
2026-01-01 16:29:00,CP_ANT_0082,539.1,750,71.88,11,401.24,50.114,0.915,0,0.46,133.12,189.18,13.48,0,0,grid_instability,1
2026-01-01 04:42:00,CP_ANT_0075,897.24,1500,59.82,2,405.82,50.031,1.0,0,0,13.6,-9.54,3.58,0,0,normal,0
2026-01-01 11:27:00,CP_BUR_0047,679.4,1500,45.29,2,399.55,50.015,0.998,0,0,4.08,28.13,1.28,0,0,normal,0
2026-01-01 11:52:00,CP_IST_0021,860.12,750,114.68,15,381.01,49.516,0.904,0,0.257,83.64,159.82,10.89,0,0,grid_overload,1
2026-01-01 03:59:00,CP_BUR_0067,230.78,500,46.16,2,401.3,50.092,0.999,0,0,10.67,-40.7,4.22,0,0,normal,0
2026-01-01 00:41:00,CP_IST_0075,458.94,750,61.19,1,401.22,49.966,0.973,0,0,3.1,-7.99,4.17,0,0,normal,0
2026-01-01 16:18:00,CP_ANK_0044,900.02,1500,60.0,5,359.33,50.486,0.889,2,0.477,93.41,-23.97,11.54,0,0,grid_instability,1
2026-01-01 08:33:00,CP_IST_0087,248.95,500,49.79,5,404.62,50.017,0.961,0,0,2.94,-41.64,3.97,1,0,normal,0
2026-01-01 00:18:00,CP_ANK_0063,385.27,750,51.37,4,398.98,50.057,0.973,1,0.954,10.96,28.34,3.32,0,0,normal,0
2026-01-01 11:54:00,CP_ANK_0027,1113.29,1000,111.33,9,385.49,49.713,0.855,0,0.173,66.51,196.49,11.38,0,0,grid_overload,1
2026-01-01 04:05:00,CP_IST_0003,209.25,500,41.85,2,396.96,50.065,0.969,0,0,8.73,-24.12,3.84,0,0,normal,0
2026-01-01 10:41:00,CP_BUR_0046,324.3,750,43.24,1,403.93,49.914,0.989,0,0,13.57,-37.4,2.78,0,0,normal,0
2026-01-01 00:01:00,CP_ANK_0036,284.19,500,56.84,5,401.29,49.99,0.964,0,0,11.38,-34.03,2.48,0,0,normal,0
2026-01-01 10:35:00,CP_ANK_0032,687.57,1500,45.84,1,408.2,50.062,1.0,0,0,14.67,-7.62,1.26,0,0,normal,0
2026-01-01 12:44:00,CP_ANK_0078,597.92,750,79.72,6,376.1,50.274,0.671,1,0.236,47.7,379.97,14.27,0,0,power_imbalance,1
2026-01-01 07:41:00,CP_ANT_0059,883.8,1500,58.92,1,405.26,50.008,0.979,0,0,13.55,3.5,1.04,1,0,normal,0
2026-01-01 01:44:00,CP_ANT_0010,980.02,1500,65.33,2,401.54,49.98,0.954,0,0,11.19,-27.84,3.73,0,0,normal,0
2026-01-01 07:31:00,CP_BUR_0074,952.94,1500,63.53,4,403.51,49.968,0.985,0,0,9.94,-42.21,4.26,1,0,normal,0
2026-01-01 14:25:00,CP_ANT_0026,977.62,1000,97.76,42,384.33,49.834,0.908,1,0.046,143.81,84.48,8.91,1,0,coordinated_attack,1
2026-01-01 00:59:00,CP_ANK_0005,359.55,750,47.94,1,397.36,49.935,0.954,0,0,6.13,18.94,2.64,0,0,normal,0
2026-01-01 09:28:00,CP_IZM_0051,283.55,500,56.71,1,399.99,49.947,0.995,0,0,0.08,0.45,2.33,0,0,normal,0
2026-01-01 08:11:00,CP_IZM_0015,210.63,500,42.13,2,405.82,50.019,0.966,0,0,11.21,39.84,1.81,1,0,normal,0
2026-01-01 03:18:00,CP_BUR_0055,958.96,1500,63.93,1,407.28,50.059,0.97,1,0.871,4.54,-24.73,1.54,0,0,normal,0
2026-01-01 04:24:00,CP_IZM_0085,689.85,1500,45.99,1,398.1,50.028,0.999,1,0.977,4.63,-10.25,2.71,0,0,normal,0
2026-01-01 15:16:00,CP_ANK_0099,596.7,750,79.56,13,403.19,50.085,0.956,1,-0.071,40.83,82.01,3.1,0,0,dr_manipulation,1
2026-01-01 11:48:00,CP_ANK_0048,1699.43,1500,113.3,15,367.77,49.587,0.813,1,0.222,96.23,248.92,6.7,0,0,grid_overload,1
2026-01-01 04:44:00,CP_IZM_0029,429.28,1000,42.93,2,406.11,50.045,0.978,0,0,14.2,39.96,3.29,0,0,normal,0
2026-01-01 15:15:00,CP_ANT_0069,543.69,750,72.49,15,396.79,49.887,0.889,1,0.08,44.63,73.5,6.63,0,0,dr_manipulation,1
2026-01-01 03:40:00,CP_ANK_0086,524.03,750,69.87,2,408.23,49.96,0.994,0,0,1.4,-13.96,1.29,0,0,normal,0
2026-01-01 04:18:00,CP_IZM_0009,450.37,1000,45.04,1,407.32,50.034,0.986,0,0,6.7,-23.48,1.87,0,0,normal,0
2026-01-01 02:33:00,CP_IST_0037,756.96,1500,50.46,3,399.32,50.015,0.977,1,0.973,14.32,30.46,2.02,0,0,normal,0
2026-01-01 12:50:00,CP_ANK_0090,441.31,750,58.84,5,420.12,50.031,0.786,1,0.273,44.83,163.97,8.96,0,0,power_imbalance,1
2026-01-01 15:12:00,CP_BUR_0049,1346.75,1500,89.78,6,388.92,49.89,0.903,1,-0.037,33.66,54.52,3.49,0,0,dr_manipulation,1
2026-01-01 04:00:00,CP_IZM_0031,537.54,1000,53.75,1,403.71,50.001,0.982,1,0.861,8.52,-6.5,4.37,0,0,normal,0
2026-01-01 13:55:00,CP_ANT_0044,842.86,1000,84.29,37,396.64,49.717,0.862,1,0.199,87.84,86.99,7.6,1,0,coordinated_attack,1
2026-01-01 10:43:00,CP_ANK_0085,575.1,1000,57.51,5,406.63,49.929,0.965,0,0,4.37,47.03,2.81,0,0,normal,0
2026-01-01 01:30:00,CP_BUR_0062,512.72,750,68.36,1,405.91,50.082,0.983,0,0,6.87,46.4,1.21,0,0,normal,0
2026-01-01 06:37:00,CP_IST_0001,971.77,1500,64.78,3,404.13,50.013,0.961,0,0,5.4,-4.76,4.36,0,0,normal,0
2026-01-01 06:59:00,CP_ANT_0057,307.25,750,40.97,1,408.88,50.09,0.961,0,0,11.37,-43.39,4.24,0,0,normal,0
2026-01-01 06:58:00,CP_ANK_0021,423.84,1000,42.38,4,397.01,50.069,0.973,0,0,2.76,-11.25,2.66,0,0,normal,0
2026-01-01 05:23:00,CP_IST_0011,562.07,1000,56.21,3,395.37,50.003,0.989,1,0.923,4.45,15.15,2.12,0,0,normal,0
2026-01-01 06:12:00,CP_ANK_0022,581.62,1000,58.16,4,399.07,49.989,0.993,0,0,11.22,2.09,2.58,0,0,normal,0
2026-01-01 14:23:00,CP_IST_0090,821.48,1000,82.15,36,397.73,49.799,0.908,1,0.047,66.56,241.16,9.52,1,0,coordinated_attack,1
2026-01-01 11:31:00,CP_ANT_0050,1023.13,1500,68.21,3,400.76,49.962,0.999,0,0,6.13,-46.12,4.23,0,0,normal,0
2026-01-01 06:54:00,CP_ANK_0026,395.95,750,52.79,3,408.65,49.966,0.977,0,0,9.79,8.1,3.39,0,0,normal,0
2026-01-01 15:41:00,CP_IZM_0038,388.01,750,51.73,14,413.53,49.549,0.735,1,0.307,180.23,22.76,9.19,0,0,grid_instability,1
2026-01-01 06:33:00,CP_IZM_0054,201.96,500,40.39,2,404.84,50.086,0.992,1,0.97,0.91,5.8,4.28,0,0,normal,0
2026-01-01 00:43:00,CP_IST_0069,530.75,1000,53.08,1,400.83,50.034,0.99,0,0,12.61,41.95,4.43,0,0,normal,0
2026-01-01 12:31:00,CP_BUR_0025,1549.98,1500,103.33,24,383.73,49.55,0.833,0,0.087,97.35,112.16,11.83,0,0,grid_overload,1
2026-01-01 01:51:00,CP_BUR_0085,727.87,1500,48.52,5,408.1,49.967,0.979,0,0,13.75,-18.98,3.3,0,0,normal,0
2026-01-01 16:06:00,CP_BUR_0022,949.38,1500,63.29,19,351.13,49.777,0.787,1,0.176,182.52,124.54,12.85,0,0,grid_instability,1
2026-01-01 16:10:00,CP_IZM_0082,819.63,1500,54.64,8,387.64,50.139,0.78,1,0.415,159.71,209.08,13.96,0,0,grid_instability,1
2026-01-01 04:04:00,CP_IST_0018,301.58,500,60.32,3,407.3,49.935,0.998,1,0.933,8.25,-40.53,1.36,0,0,normal,0
2026-01-01 06:01:00,CP_IST_0100,931.7,1500,62.11,2,406.03,50.075,0.96,0,0,12.52,33.63,2.25,0,0,normal,0
2026-01-01 01:57:00,CP_ANT_0048,826.31,1500,55.09,4,409.49,50.063,0.99,0,0,13.1,-44.78,2.68,0,0,normal,0
2026-01-01 04:22:00,CP_ANT_0093,1024.1,1500,68.27,2,404.11,49.987,0.953,0,0,3.08,-31.0,3.44,0,0,normal,0
2026-01-01 11:18:00,CP_IZM_0085,654.36,1500,43.62,2,396.59,49.965,0.951,0,0,0.18,-28.72,1.77,0,0,normal,0
2026-01-01 04:34:00,CP_BUR_0065,695.13,1500,46.34,4,406.11,50.052,0.993,0,0,7.73,-34.1,2.09,0,0,normal,0
2026-01-01 01:59:00,CP_IZM_0092,998.08,1500,66.54,1,401.22,49.979,0.969,1,0.999,5.62,-47.18,4.26,0,0,normal,0
2026-01-01 04:55:00,CP_BUR_0071,242.41,500,48.48,1,402.47,50.022,0.989,0,0,5.37,-9.02,1.56,0,0,normal,0
2026-01-01 14:46:00,CP_IZM_0074,1252.11,1500,83.47,7,406.19,49.958,0.885,1,-0.217,43.36,69.69,4.08,0,0,dr_manipulation,1
2026-01-01 14:15:00,CP_IST_0096,786.9,1000,78.69,26,391.84,49.715,0.917,1,0.184,65.57,122.58,5.19,1,0,coordinated_attack,1
2026-01-01 03:29:00,CP_ANT_0058,409.5,750,54.6,5,405.4,50.029,1.0,0,0,7.34,-35.97,2.1,0,0,normal,0
2026-01-01 07:39:00,CP_ANT_0005,341.8,750,45.57,5,395.11,50.0,0.987,0,0,6.16,4.62,2.28,1,0,normal,0
2026-01-01 15:13:00,CP_ANT_0070,678.43,750,90.46,10,406.55,49.823,0.93,1,-0.078,50.64,31.81,5.97,0,0,dr_manipulation,1
2026-01-01 15:47:00,CP_IZM_0100,720.66,1000,72.07,17,411.07,49.72,0.943,0,0.482,188.1,128.13,11.63,0,0,grid_instability,1
2026-01-01 00:58:00,CP_ANK_0098,474.53,750,63.27,4,401.76,49.989,0.993,1,0.896,9.32,10.96,3.59,0,0,normal,0
2026-01-01 14:29:00,CP_ANK_0046,1193.1,1500,79.54,40,384.36,49.637,0.828,1,0.05,108.93,164.14,8.68,1,0,coordinated_attack,1
2026-01-01 11:00:00,CP_BUR_0025,702.41,1500,46.83,2,402.12,50.003,0.989,1,0.958,6.92,29.19,2.1,0,0,normal,0
2026-01-01 01:20:00,CP_IZM_0038,476.97,750,63.6,3,402.96,50.083,0.992,0,0,13.71,44.42,4.39,0,0,normal,0
2026-01-01 13:49:00,CP_IST_0034,809.58,1000,80.96,19,375.0,49.7,0.866,1,0.192,119.94,152.75,5.1,1,0,coordinated_attack,1
2026-01-01 02:01:00,CP_ANT_0081,650.03,1500,43.34,3,398.56,49.924,0.962,1,0.859,12.55,-0.02,2.88,0,0,normal,0
2026-01-01 04:36:00,CP_ANT_0061,510.51,1000,51.05,4,402.58,50.027,0.956,0,0,3.63,-1.12,2.56,0,0,normal,0
2026-01-01 09:33:00,CP_ANT_0096,805.99,1500,53.73,1,407.69,50.073,0.956,0,0,3.06,-21.59,3.92,0,0,normal,0
2026-01-01 12:34:00,CP_ANT_0027,518.37,500,103.67,17,361.17,49.544,0.906,0,0.081,87.44,228.48,7.49,0,0,grid_overload,1
2026-01-01 10:33:00,CP_IZM_0053,604.2,1000,60.42,4,395.03,49.985,0.984,0,0,12.81,-17.7,3.96,0,0,normal,0
2026-01-01 15:39:00,CP_IST_0024,768.44,1000,76.84,11,387.94,49.94,0.964,1,-0.448,57.56,37.93,6.67,0,0,dr_manipulation,1
2026-01-01 05:33:00,CP_BUR_0060,246.98,500,49.4,2,405.68,50.028,0.964,0,0,2.01,23.3,4.07,0,0,normal,0
2026-01-01 12:10:00,CP_BUR_0046,736.94,750,98.26,16,361.59,49.718,0.917,0,0.203,65.09,191.56,8.63,0,0,grid_overload,1
2026-01-01 10:44:00,CP_BUR_0025,235.61,500,47.12,5,407.88,49.984,0.96,0,0,9.61,-29.87,1.24,0,0,normal,0
2026-01-01 13:16:00,CP_ANK_0015,324.46,500,64.89,4,408.01,50.002,0.761,1,0.456,26.36,344.22,11.86,0,0,power_imbalance,1
2026-01-01 08:56:00,CP_ANK_0064,542.75,1000,54.27,5,409.25,50.098,0.976,0,0,11.52,-39.2,1.88,1,0,normal,0
2026-01-01 11:15:00,CP_IST_0001,399.46,750,53.26,1,407.55,50.062,0.982,0,0,5.86,-19.17,1.18,0,0,normal,0
2026-01-01 10:21:00,CP_BUR_0009,469.23,750,62.56,5,398.55,50.002,0.975,0,0,4.04,-18.17,2.94,0,0,normal,0
2026-01-01 15:53:00,CP_BUR_0024,363.7,500,72.74,14,432.31,50.204,0.735,0,0.122,116.23,-58.22,11.22,0,0,grid_instability,1
2026-01-01 08:27:00,CP_ANK_0007,806.1,1500,53.74,5,396.98,50.058,0.959,0,0,3.4,-12.81,2.01,1,0,normal,0
2026-01-01 06:32:00,CP_ANK_0047,230.31,500,46.06,4,397.87,49.906,0.982,1,0.949,7.89,20.13,1.9,0,0,normal,0
2026-01-01 02:18:00,CP_IST_0004,275.39,500,55.08,2,403.88,50.016,0.959,0,0,12.64,6.36,3.89,0,0,normal,0
2026-01-01 06:42:00,CP_ANT_0058,624.36,1500,41.62,5,395.62,50.008,0.957,0,0,2.3,17.36,4.49,0,0,normal,0
2026-01-01 06:16:00,CP_ANK_0070,660.8,1500,44.05,5,397.66,50.02,0.982,1,0.929,9.59,-19.03,2.22,0,0,normal,0
2026-01-01 05:01:00,CP_IST_0057,437.55,750,58.34,3,404.17,50.073,0.994,0,0,7.25,-1.19,4.11,0,0,normal,0
2026-01-01 11:25:00,CP_ANK_0027,834.66,1500,55.64,2,401.64,49.901,0.993,0,0,14.3,-44.79,4.47,0,0,normal,0
2026-01-01 09:55:00,CP_ANT_0099,250.66,500,50.13,1,404.26,49.924,0.961,0,0,14.9,28.49,3.69,0,0,normal,0
2026-01-01 11:23:00,CP_BUR_0067,507.77,750,67.7,5,409.83,49.989,0.994,0,0,4.17,14.36,3.66,0,0,normal,0
2026-01-01 03:43:00,CP_IST_0073,510.27,1000,51.03,3,397.06,50.055,0.988,0,0,9.62,17.71,1.24,0,0,normal,0
2026-01-01 05:32:00,CP_ANK_0055,335.02,500,67.0,3,402.29,49.966,0.983,0,0,8.48,-13.55,2.11,0,0,normal,0
2026-01-01 01:33:00,CP_BUR_0020,396.77,750,52.9,2,401.21,50.065,0.97,0,0,4.69,-18.75,1.89,0,0,normal,0
2026-01-01 04:48:00,CP_BUR_0055,267.81,500,53.56,2,406.42,49.934,0.988,1,0.968,11.7,-37.06,2.52,0,0,normal,0
2026-01-01 15:44:00,CP_IZM_0042,329.65,500,65.93,8,373.24,49.955,0.708,0,0.359,155.73,113.84,12.14,0,0,grid_instability,1
2026-01-01 12:42:00,CP_ANK_0054,643.67,1000,64.37,6,373.35,50.115,0.725,0,0.206,21.34,286.16,8.72,0,0,power_imbalance,1
2026-01-01 03:11:00,CP_ANK_0014,446.27,1000,44.63,2,406.09,49.963,0.955,0,0,14.14,-5.53,3.66,0,0,normal,0
2026-01-01 11:53:00,CP_ANK_0013,1452.14,1500,96.81,23,389.71,49.727,0.847,1,0.085,95.38,240.22,9.29,0,0,grid_overload,1
2026-01-01 12:28:00,CP_ANT_0017,1109.45,1000,110.95,19,382.29,49.677,0.873,0,0.195,52.6,176.81,11.32,0,0,grid_overload,1
2026-01-01 13:17:00,CP_IZM_0085,1177.75,1500,78.52,8,428.06,50.248,0.683,1,0.202,31.24,205.98,9.99,0,0,power_imbalance,1
2026-01-01 07:20:00,CP_IZM_0068,505.5,750,67.4,4,402.59,50.06,0.995,0,0,2.85,42.36,3.56,1,0,normal,0
2026-01-01 12:35:00,CP_IST_0008,425.24,500,85.05,19,378.98,49.792,0.839,1,0.217,64.5,222.3,7.95,0,0,grid_overload,1
2026-01-01 10:30:00,CP_BUR_0036,313.76,500,62.75,3,397.87,50.063,0.981,0,0,3.51,-0.62,2.27,0,0,normal,0
2026-01-01 10:55:00,CP_BUR_0044,476.36,1000,47.64,1,397.01,49.917,0.972,0,0,3.45,-45.89,2.79,0,0,normal,0
2026-01-01 03:37:00,CP_BUR_0094,260.43,500,52.09,3,405.42,50.075,0.973,1,0.899,0.04,27.41,3.56,0,0,normal,0
2026-01-01 15:01:00,CP_ANK_0029,747.6,1000,74.76,14,401.53,50.063,0.884,1,-0.119,25.28,42.32,4.5,0,0,dr_manipulation,1
2026-01-01 08:10:00,CP_BUR_0004,397.8,750,53.04,3,404.25,50.078,0.973,0,0,11.11,42.49,1.62,1,0,normal,0
2026-01-01 10:26:00,CP_ANK_0035,663.48,1000,66.35,2,404.16,50.091,0.966,0,0,9.53,47.96,3.48,0,0,normal,0
2026-01-01 10:48:00,CP_ANK_0003,346.3,500,69.26,2,397.97,49.935,0.994,0,0,5.1,5.45,1.62,0,0,normal,0
2026-01-01 05:37:00,CP_BUR_0019,490.8,750,65.44,5,405.26,50.051,0.957,0,0,2.69,44.87,3.31,0,0,normal,0
2026-01-01 02:22:00,CP_BUR_0021,683.62,1000,68.36,5,401.27,50.093,0.995,0,0,14.01,22.11,1.66,0,0,normal,0
2026-01-01 01:46:00,CP_BUR_0009,226.57,500,45.31,4,401.96,50.013,0.979,0,0,12.96,12.72,1.53,0,0,normal,0
2026-01-01 04:52:00,CP_IZM_0082,463.61,750,61.82,2,398.17,49.904,0.975,0,0,5.5,15.05,1.13,0,0,normal,0
2026-01-01 06:52:00,CP_ANT_0004,252.02,500,50.4,3,400.33,49.96,1.0,0,0,12.18,12.58,4.08,0,0,normal,0
2026-01-01 12:48:00,CP_ANT_0054,555.48,750,74.06,6,392.99,50.03,0.708,1,0.36,44.64,246.16,12.07,0,0,power_imbalance,1
2026-01-01 09:32:00,CP_ANT_0046,333.44,750,44.46,2,397.75,49.994,0.958,1,0.915,14.93,42.72,1.14,0,0,normal,0
2026-01-01 10:07:00,CP_ANT_0042,378.83,750,50.51,3,405.0,50.063,0.979,0,0,10.72,1.97,1.87,0,0,normal,0
2026-01-01 15:32:00,CP_IST_0096,1339.03,1500,89.27,11,403.21,49.864,0.936,1,0.099,57.88,64.42,3.72,0,0,dr_manipulation,1
2026-01-01 04:06:00,CP_BUR_0074,503.06,750,67.07,4,407.14,49.918,0.992,0,0,1.84,44.23,1.18,0,0,normal,0
2026-01-01 12:13:00,CP_BUR_0092,763.41,750,101.79,24,380.55,49.703,0.864,0,0.122,76.98,282.18,10.48,0,0,grid_overload,1
2026-01-01 01:15:00,CP_IST_0033,338.25,750,45.1,1,404.14,49.977,0.984,1,0.987,2.15,-3.89,1.89,0,0,normal,0
2026-01-01 00:03:00,CP_IST_0038,635.46,1500,42.36,3,407.44,50.024,0.993,0,0,10.57,-45.42,1.8,0,0,normal,0
2026-01-01 00:37:00,CP_IST_0099,786.5,1500,52.43,5,397.92,50.039,0.975,0,0,2.21,18.76,4.12,0,0,normal,0
2026-01-01 05:53:00,CP_ANK_0100,209.61,500,41.92,2,400.56,50.022,0.986,1,0.942,7.82,21.16,3.09,0,0,normal,0
2026-01-01 08:16:00,CP_BUR_0005,500.66,750,66.75,5,409.19,50.083,0.995,1,0.997,0.6,-2.93,3.69,1,0,normal,0
2026-01-01 07:58:00,CP_IZM_0025,560.39,1000,56.04,3,396.21,49.992,0.988,0,0,2.65,-46.07,2.34,1,0,normal,0
2026-01-01 06:27:00,CP_BUR_0089,457.8,750,61.04,1,396.89,49.947,0.999,0,0,12.08,-6.13,1.68,0,0,normal,0
2026-01-01 16:27:00,CP_ANT_0032,246.12,750,32.82,10,399.68,49.428,0.748,0,0.553,95.91,36.24,9.29,0,0,grid_instability,1
2026-01-01 12:53:00,CP_ANT_0034,273.38,500,54.68,3,406.25,49.804,0.632,1,0.45,40.4,368.99,11.88,0,0,power_imbalance,1
2026-01-01 06:41:00,CP_IST_0078,317.02,500,63.4,3,400.22,50.063,0.971,0,0,13.05,-27.33,3.28,0,0,normal,0
2026-01-01 07:23:00,CP_IZM_0021,591.66,1000,59.17,2,399.81,49.939,0.964,0,0,11.59,17.11,1.95,1,0,normal,0
2026-01-01 13:39:00,CP_BUR_0062,803.96,1500,53.6,8,421.71,50.152,0.778,1,0.391,40.05,280.44,9.68,0,0,power_imbalance,1
2026-01-01 01:19:00,CP_ANK_0023,441.36,750,58.85,1,399.63,49.988,0.979,0,0,1.35,-20.49,3.62,0,0,normal,0
2026-01-01 02:05:00,CP_IST_0033,244.02,500,48.8,1,406.87,50.077,0.966,0,0,7.73,48.91,2.9,0,0,normal,0
2026-01-01 16:16:00,CP_ANT_0034,1208.15,1500,80.54,4,350.62,49.345,0.869,2,0.598,183.46,-68.34,11.59,0,0,grid_instability,1
2026-01-01 03:46:00,CP_IST_0050,461.63,1000,46.16,5,402.64,50.05,0.965,0,0,11.76,29.38,1.84,0,0,normal,0
2026-01-01 07:18:00,CP_IZM_0097,345.44,500,69.09,3,407.61,49.968,0.969,0,0,8.56,-11.04,3.08,1,0,normal,0
2026-01-01 11:57:00,CP_BUR_0060,741.62,750,98.88,17,380.64,49.786,0.878,1,0.233,99.47,234.15,6.54,0,0,grid_overload,1
2026-01-01 13:26:00,CP_IZM_0028,1197.71,1500,79.85,3,379.5,50.145,0.785,0,0.382,36.08,279.5,13.33,0,0,power_imbalance,1
2026-01-01 02:30:00,CP_IST_0095,307.1,750,40.95,1,397.86,49.988,0.971,1,0.954,6.16,27.5,4.22,0,0,normal,0
2026-01-01 15:00:00,CP_IST_0056,739.18,1000,73.92,11,391.9,49.989,0.931,1,-0.034,49.74,58.33,6.7,0,0,dr_manipulation,1
2026-01-01 03:17:00,CP_ANK_0060,512.82,1000,51.28,4,400.48,50.086,0.96,0,0,10.23,5.01,4.34,0,0,normal,0
2026-01-01 08:42:00,CP_ANT_0013,508.35,1000,50.83,3,395.73,49.958,0.982,0,0,7.71,26.64,1.64,1,0,normal,0
2026-01-01 06:30:00,CP_ANT_0085,536.22,1000,53.62,5,400.69,49.937,0.951,0,0,11.64,-26.12,3.52,0,0,normal,0
2026-01-01 12:23:00,CP_ANK_0055,558.16,500,111.63,15,378.53,49.719,0.822,1,0.23,91.85,298.85,7.48,0,0,grid_overload,1
2026-01-01 04:32:00,CP_IZM_0039,617.45,1500,41.16,3,405.36,49.91,0.974,0,0,13.46,-47.98,3.86,0,0,normal,0
2026-01-01 09:54:00,CP_IST_0065,470.42,1000,47.04,5,395.71,49.904,0.994,0,0,10.15,-32.53,4.01,0,0,normal,0
2026-01-01 15:37:00,CP_IST_0054,909.32,1000,90.93,11,407.44,49.851,0.979,1,-0.067,37.82,31.28,5.66,0,0,dr_manipulation,1
2026-01-01 06:04:00,CP_IST_0075,518.12,1000,51.81,2,401.86,49.924,0.976,0,0,10.34,-48.82,1.74,0,0,normal,0
2026-01-01 05:11:00,CP_ANK_0089,455.66,750,60.75,2,405.96,49.926,0.969,0,0,7.56,-11.53,4.43,0,0,normal,0
2026-01-01 10:06:00,CP_ANT_0073,437.14,1000,43.71,1,401.73,50.014,0.95,0,0,14.74,30.54,4.46,0,0,normal,0
2026-01-01 11:36:00,CP_IST_0013,644.27,1000,64.43,3,406.23,50.086,0.97,0,0,0.1,-33.16,2.72,0,0,normal,0
2026-01-01 01:41:00,CP_ANT_0049,367.82,750,49.04,2,406.51,50.053,0.964,0,0,0.12,24.7,1.61,0,0,normal,0
2026-01-01 00:38:00,CP_ANT_0072,698.48,1500,46.57,5,401.97,50.011,0.996,0,0,6.85,30.14,3.34,0,0,normal,0
2026-01-01 09:19:00,CP_IST_0065,323.48,500,64.7,4,402.07,49.983,0.992,1,0.982,12.3,32.44,3.44,0,0,normal,0
2026-01-01 01:31:00,CP_ANT_0082,908.74,1500,60.58,4,405.69,49.989,0.995,0,0,9.12,-43.43,1.96,0,0,normal,0
2026-01-01 12:43:00,CP_BUR_0015,386.83,500,77.37,3,383.6,49.931,0.671,1,0.268,46.37,246.19,14.19,0,0,power_imbalance,1
2026-01-01 04:51:00,CP_ANK_0003,530.1,1000,53.01,2,400.14,50.08,0.968,0,0,2.47,40.69,3.84,0,0,normal,0
2026-01-01 14:36:00,CP_IZM_0088,1796.68,2000,89.83,48,377.8,49.888,0.867,1,0.199,81.44,234.31,6.4,1,0,coordinated_attack,1
2026-01-01 10:01:00,CP_ANK_0083,307.64,500,61.53,5,409.15,49.917,0.966,0,0,6.51,-10.67,1.13,0,0,normal,0
2026-01-01 04:19:00,CP_BUR_0070,636.11,1000,63.61,1,395.72,49.988,0.971,0,0,13.27,-0.69,2.33,0,0,normal,0
2026-01-01 02:38:00,CP_ANK_0064,663.02,1000,66.3,1,399.48,50.021,0.996,0,0,4.27,48.91,2.9,0,0,normal,0
2026-01-01 10:51:00,CP_IST_0032,495.39,1000,49.54,4,409.65,49.949,0.952,0,0,12.82,-20.58,1.52,0,0,normal,0
2026-01-01 07:40:00,CP_ANK_0012,917.2,1500,61.15,1,403.7,50.092,0.954,0,0,6.97,-42.18,4.11,1,0,normal,0
2026-01-01 16:22:00,CP_BUR_0052,745.73,1000,74.57,2,426.58,50.117,0.737,0,0.23,166.54,235.46,17.96,0,0,grid_instability,1
2026-01-01 14:24:00,CP_BUR_0005,1640.05,1500,109.34,41,387.94,49.784,0.828,1,0.11,145.19,125.99,5.21,1,0,coordinated_attack,1
2026-01-01 07:25:00,CP_IST_0007,316.03,750,42.14,5,408.38,50.008,0.953,0,0,7.06,17.55,1.37,1,0,normal,0
2026-01-01 01:21:00,CP_IZM_0002,270.25,500,54.05,1,397.11,50.093,0.993,1,0.995,12.07,-13.42,3.77,0,0,normal,0
2026-01-01 08:53:00,CP_BUR_0014,684.95,1500,45.66,1,408.42,50.06,0.997,0,0,2.69,49.87,2.72,1,0,normal,0
2026-01-01 07:50:00,CP_IZM_0058,603.32,1000,60.33,2,399.7,49.902,0.95,0,0,0.18,-40.23,1.36,1,0,normal,0
2026-01-01 02:52:00,CP_ANK_0067,221.02,500,44.2,3,398.51,50.083,0.979,0,0,3.55,37.63,4.45,0,0,normal,0
2026-01-01 08:26:00,CP_ANT_0086,314.16,750,41.89,2,407.52,50.004,0.967,0,0,9.84,28.68,2.7,1,0,normal,0
2026-01-01 06:44:00,CP_IST_0032,471.46,750,62.86,4,403.39,49.998,0.983,0,0,8.42,49.71,2.83,0,0,normal,0
2026-01-01 02:15:00,CP_BUR_0058,209.86,500,41.97,4,409.99,50.044,0.976,1,0.974,1.11,47.24,3.25,0,0,normal,0
2026-01-01 14:04:00,CP_IZM_0014,1588.16,2000,79.41,15,383.88,49.829,0.872,1,0.168,67.62,125.93,9.93,1,0,coordinated_attack,1
2026-01-01 06:25:00,CP_ANT_0061,442.4,750,58.99,3,395.23,50.059,0.979,1,0.968,0.13,-45.8,3.74,0,0,normal,0
2026-01-01 14:47:00,CP_IZM_0011,586.63,750,78.22,11,390.77,49.894,0.977,1,-0.084,40.58,116.18,4.64,0,0,dr_manipulation,1
2026-01-01 12:24:00,CP_BUR_0019,1645.89,1500,109.73,11,381.03,49.651,0.822,0,0.069,47.94,107.67,11.94,0,0,grid_overload,1
2026-01-01 02:40:00,CP_IST_0032,437.46,750,58.33,4,407.4,50.003,0.954,0,0,2.77,-35.94,2.13,0,0,normal,0
2026-01-01 14:48:00,CP_BUR_0100,464.33,500,92.87,13,400.13,49.935,0.922,1,-0.158,53.94,41.28,5.15,0,0,dr_manipulation,1
2026-01-01 12:26:00,CP_BUR_0037,472.12,500,94.42,16,388.29,49.713,0.83,0,0.055,40.03,232.09,7.93,0,0,grid_overload,1
2026-01-01 14:43:00,CP_IZM_0006,851.74,1000,85.17,11,393.37,49.922,0.945,1,-0.218,59.07,85.97,3.64,0,0,dr_manipulation,1
2026-01-01 15:48:00,CP_IZM_0017,1072.73,1500,71.52,7,396.1,50.591,0.922,2,0.571,103.82,337.59,15.27,0,0,grid_instability,1
2026-01-01 14:02:00,CP_IST_0072,934.3,1000,93.43,35,385.11,49.806,0.856,1,0.071,101.99,243.45,7.31,1,0,coordinated_attack,1
2026-01-01 01:56:00,CP_IZM_0060,420.15,750,56.02,3,409.48,50.057,0.995,0,0,5.52,44.71,4.45,0,0,normal,0
2026-01-01 04:35:00,CP_ANK_0047,475.62,750,63.42,5,408.19,49.906,0.96,0,0,12.55,-25.05,2.6,0,0,normal,0
2026-01-01 14:06:00,CP_ANK_0001,1595.48,2000,79.77,24,379.03,49.693,0.919,1,0.001,103.65,196.92,5.57,1,0,coordinated_attack,1
2026-01-01 11:42:00,CP_ANK_0085,530.33,500,106.07,24,368.38,49.71,0.898,1,0.136,81.17,273.97,9.09,0,0,grid_overload,1
2026-01-01 09:08:00,CP_ANT_0056,498.2,750,66.43,5,407.94,50.015,0.961,1,0.89,9.57,30.89,3.98,0,0,normal,0
2026-01-01 07:15:00,CP_ANT_0073,476.33,1000,47.63,1,399.62,50.001,0.966,0,0,1.71,-16.67,2.39,1,0,normal,0
2026-01-01 10:46:00,CP_BUR_0027,506.99,750,67.6,2,405.4,49.993,0.961,1,0.96,14.29,-16.85,3.59,0,0,normal,0
2026-01-01 01:28:00,CP_ANT_0031,241.59,500,48.32,2,409.81,50.008,0.99,0,0,9.92,-47.42,1.05,0,0,normal,0
2026-01-01 12:02:00,CP_IZM_0067,1148.01,1000,114.8,9,362.54,49.537,0.836,0,0.127,96.71,100.02,7.8,0,0,grid_overload,1
2026-01-01 15:51:00,CP_IZM_0042,1183.72,1500,78.91,17,410.16,50.464,0.877,0,0.294,118.2,320.87,11.4,0,0,grid_instability,1
2026-01-01 09:27:00,CP_IST_0033,574.87,1000,57.49,4,396.29,49.994,0.994,1,0.953,10.7,20.85,3.58,0,0,normal,0
2026-01-01 04:40:00,CP_IST_0088,863.02,1500,57.53,1,402.67,50.032,0.992,0,0,8.42,9.38,1.99,0,0,normal,0
2026-01-01 08:59:00,CP_ANK_0091,348.61,500,69.72,1,400.75,49.963,0.969,1,0.855,2.65,15.94,3.73,1,0,normal,0
2026-01-01 10:47:00,CP_IZM_0098,485.87,750,64.78,1,400.44,49.915,0.952,0,0,2.14,-5.96,3.21,0,0,normal,0
2026-01-01 01:22:00,CP_IZM_0072,268.22,500,53.64,3,403.77,50.064,0.997,0,0,10.12,-2.85,3.17,0,0,normal,0
2026-01-01 10:34:00,CP_IST_0041,302.03,500,60.41,4,402.43,50.003,0.952,0,0,0.7,41.84,2.86,0,0,normal,0
2026-01-01 05:25:00,CP_ANK_0074,312.03,500,62.41,2,395.36,50.043,0.952,0,0,0.81,29.42,2.95,0,0,normal,0
2026-01-01 13:07:00,CP_BUR_0047,801.45,1500,53.43,10,372.3,49.793,0.694,0,0.296,20.94,300.27,10.66,0,0,power_imbalance,1
2026-01-01 11:55:00,CP_IST_0008,830.52,750,110.74,8,370.87,49.757,0.812,0,0.113,98.96,235.89,7.01,0,0,grid_overload,1
2026-01-01 00:24:00,CP_ANT_0034,434.63,1000,43.46,1,406.14,49.931,0.964,0,0,10.76,-29.64,3.22,0,0,normal,0
2026-01-01 11:26:00,CP_ANK_0026,226.05,500,45.21,5,407.47,50.086,0.962,0,0,6.39,-3.29,1.57,0,0,normal,0
2026-01-01 11:37:00,CP_ANT_0058,836.23,1500,55.75,3,406.0,49.934,0.969,0,0,2.97,-31.8,4.32,0,0,normal,0
2026-01-01 08:28:00,CP_ANK_0086,485.31,1000,48.53,2,404.28,49.932,0.977,0,0,14.6,33.93,3.43,1,0,normal,0
2026-01-01 03:00:00,CP_BUR_0063,732.84,1500,48.86,2,399.95,49.976,0.992,1,0.933,14.15,-16.24,3.67,0,0,normal,0
2026-01-01 12:03:00,CP_ANK_0006,1348.42,1500,89.89,23,380.85,49.657,0.918,1,0.182,70.64,237.59,9.98,0,0,grid_overload,1
2026-01-01 03:03:00,CP_IST_0023,200.99,500,40.2,5,401.17,49.903,0.986,0,0,0.26,31.32,3.36,0,0,normal,0
2026-01-01 09:34:00,CP_IST_0087,568.97,1000,56.9,5,398.19,50.1,0.95,0,0,6.25,-42.32,3.69,0,0,normal,0
2026-01-01 16:11:00,CP_BUR_0043,686.35,1500,45.76,14,394.53,49.949,0.907,1,0.178,184.8,80.02,7.04,0,0,grid_instability,1
2026-01-01 10:23:00,CP_BUR_0072,800.69,1500,53.38,5,398.05,50.094,0.969,0,0,11.73,3.75,2.48,0,0,normal,0
2026-01-01 14:07:00,CP_ANK_0024,698.95,750,93.19,30,376.13,49.742,0.903,1,0.089,65.01,100.71,7.02,1,0,coordinated_attack,1
2026-01-01 07:19:00,CP_IST_0048,612.95,1000,61.3,3,401.21,49.999,0.962,1,0.974,4.54,2.51,1.61,1,0,normal,0
2026-01-01 06:19:00,CP_ANK_0053,972.79,1500,64.85,2,398.94,49.984,0.962,0,0,4.27,24.29,3.83,0,0,normal,0
2026-01-01 10:50:00,CP_BUR_0069,511.76,750,68.23,5,408.22,50.076,0.953,0,0,13.24,-36.92,1.66,0,0,normal,0
2026-01-01 13:53:00,CP_ANT_0032,633.36,750,84.45,48,391.85,49.606,0.918,1,0.171,119.34,104.08,7.49,1,0,coordinated_attack,1
2026-01-01 00:12:00,CP_ANT_0028,967.21,1500,64.48,5,406.49,49.926,0.974,0,0,3.98,37.24,2.48,0,0,normal,0
2026-01-01 12:59:00,CP_ANK_0012,325.33,500,65.07,5,371.42,50.178,0.695,0,0.287,24.55,265.78,14.2,0,0,power_imbalance,1
2026-01-01 04:50:00,CP_BUR_0038,350.91,750,46.79,3,399.68,49.921,0.975,0,0,2.51,32.38,2.04,0,0,normal,0
2026-01-01 01:50:00,CP_ANT_0013,381.88,750,50.92,3,400.81,50.055,0.984,0,0,11.84,14.73,1.23,0,0,normal,0
2026-01-01 00:13:00,CP_ANT_0030,460.41,750,61.39,4,409.93,50.03,0.972,1,0.868,3.37,-16.19,3.06,0,0,normal,0
2026-01-01 05:42:00,CP_ANT_0017,965.03,1500,64.34,1,402.22,49.996,0.961,0,0,9.71,-8.91,1.85,0,0,normal,0
2026-01-01 07:06:00,CP_IST_0024,336.48,750,44.86,2,397.68,50.042,0.971,0,0,10.95,46.1,2.01,1,0,normal,0
2026-01-01 11:20:00,CP_BUR_0041,687.71,1000,68.77,5,399.87,50.026,0.969,0,0,4.98,13.54,4.09,0,0,normal,0
2026-01-01 03:24:00,CP_BUR_0082,509.23,750,67.9,2,402.74,50.01,0.967,1,0.994,3.48,-9.5,1.65,0,0,normal,0
2026-01-01 14:34:00,CP_IST_0028,704.66,750,93.95,37,398.12,49.873,0.895,1,0.067,134.53,124.63,8.77,1,0,coordinated_attack,1
2026-01-01 14:30:00,CP_IZM_0007,1999.19,2000,99.96,38,393.41,49.688,0.885,1,0.105,84.08,198.62,7.52,1,0,coordinated_attack,1
2026-01-01 04:53:00,CP_ANK_0061,289.09,500,57.82,1,404.93,50.031,0.951,0,0,6.25,-11.97,2.92,0,0,normal,0
2026-01-01 09:10:00,CP_BUR_0040,720.12,1500,48.01,3,404.69,49.951,0.98,1,0.886,2.25,-47.23,3.79,0,0,normal,0
2026-01-01 03:45:00,CP_IST_0100,688.97,1000,68.9,3,406.87,49.95,0.982,0,0,8.3,10.0,3.13,0,0,normal,0
2026-01-01 12:29:00,CP_IST_0020,432.18,500,86.44,14,365.79,49.634,0.812,1,0.09,68.45,252.2,9.2,0,0,grid_overload,1
2026-01-01 02:57:00,CP_ANK_0062,495.63,750,66.08,3,399.55,50.082,0.961,0,0,14.43,-38.27,4.5,0,0,normal,0
2026-01-01 13:34:00,CP_BUR_0001,626.37,1000,62.64,4,397.17,50.061,0.718,0,0.373,28.55,310.92,13.99,0,0,power_imbalance,1
2026-01-01 06:07:00,CP_IZM_0093,688.23,1500,45.88,2,402.09,49.902,0.971,0,0,14.93,34.94,2.81,0,0,normal,0
2026-01-01 03:21:00,CP_ANT_0076,647.68,1500,43.18,1,398.88,50.002,0.976,0,0,6.69,-10.89,3.7,0,0,normal,0
2026-01-01 11:19:00,CP_ANK_0073,413.18,1000,41.32,2,401.17,50.054,0.975,0,0,10.69,29.13,4.23,0,0,normal,0
2026-01-01 05:09:00,CP_ANT_0082,583.26,1000,58.33,2,396.81,50.07,0.961,0,0,10.75,-39.22,2.45,0,0,normal,0
2026-01-01 13:33:00,CP_IST_0064,334.14,500,66.83,4,404.44,50.088,0.736,1,0.295,29.6,199.28,13.62,0,0,power_imbalance,1
2026-01-01 14:37:00,CP_ANT_0099,824.69,750,109.96,49,378.87,49.771,0.824,1,0.055,84.19,122.59,8.27,1,0,coordinated_attack,1
2026-01-01 04:57:00,CP_IZM_0006,308.53,500,61.71,1,408.57,50.029,0.973,0,0,3.96,-44.99,3.85,0,0,normal,0
2026-01-01 03:04:00,CP_ANT_0059,278.66,500,55.73,2,397.88,50.005,0.991,0,0,11.92,-42.1,4.36,0,0,normal,0
2026-01-01 15:57:00,CP_BUR_0079,739.89,750,98.65,19,418.36,50.518,0.72,0,0.269,192.1,165.57,9.17,0,0,grid_instability,1
2026-01-01 15:04:00,CP_BUR_0070,1248.92,1500,83.26,8,406.95,50.052,0.968,1,-0.099,42.16,86.7,5.39,0,0,dr_manipulation,1
2026-01-01 15:02:00,CP_ANK_0096,817.53,1000,81.75,13,405.35,50.02,0.908,1,-0.381,55.66,115.57,6.43,0,0,dr_manipulation,1
2026-01-01 04:54:00,CP_ANT_0014,456.42,750,60.86,1,399.52,50.032,0.983,0,0,9.34,20.07,2.47,0,0,normal,0
2026-01-01 09:17:00,CP_BUR_0002,356.92,750,47.59,4,399.64,50.092,0.968,0,0,8.02,-26.36,2.55,0,0,normal,0
2026-01-01 08:50:00,CP_IZM_0024,451.53,1000,45.15,5,395.06,50.045,0.996,1,0.905,8.84,-6.03,4.35,1,0,normal,0
2026-01-01 08:55:00,CP_BUR_0097,460.08,1000,46.01,4,396.84,50.068,0.986,0,0,11.47,26.6,3.08,1,0,normal,0
2026-01-01 00:55:00,CP_ANK_0090,694.15,1000,69.42,2,399.44,49.972,0.965,0,0,4.11,47.43,2.94,0,0,normal,0
2026-01-01 07:13:00,CP_IST_0025,678.13,1000,67.81,5,403.44,50.004,0.982,1,0.971,13.25,-26.73,2.02,1,0,normal,0
2026-01-01 14:42:00,CP_IST_0019,1092.44,1500,72.83,7,390.92,49.898,0.917,1,-0.006,39.56,87.77,6.5,0,0,dr_manipulation,1
2026-01-01 07:33:00,CP_BUR_0038,548.29,1000,54.83,1,396.36,50.063,0.994,0,0,11.36,16.09,2.59,1,0,normal,0
2026-01-01 14:41:00,CP_IST_0014,536.4,750,71.52,10,409.38,49.805,0.964,1,0.01,43.92,34.03,3.94,0,0,dr_manipulation,1
2026-01-01 14:28:00,CP_ANK_0078,822.62,750,109.68,15,396.2,49.675,0.826,1,0.011,99.47,128.04,6.57,1,0,coordinated_attack,1
2026-01-01 06:31:00,CP_ANK_0017,685.44,1500,45.7,4,406.49,49.931,0.964,1,0.946,1.66,2.32,1.23,0,0,normal,0
2026-01-01 10:11:00,CP_IZM_0048,676.51,1000,67.65,1,404.02,49.982,0.956,0,0,0.6,-34.67,2.3,0,0,normal,0
2026-01-01 15:28:00,CP_ANK_0019,941.66,1000,94.17,15,401.71,49.942,0.897,1,-0.03,59.62,38.22,6.21,0,0,dr_manipulation,1
2026-01-01 13:48:00,CP_IZM_0062,1643.99,2000,82.2,28,380.43,49.686,0.88,1,0.147,68.48,165.55,8.5,1,0,coordinated_attack,1
2026-01-01 04:47:00,CP_IST_0082,1044.24,1500,69.62,4,397.15,50.072,0.959,0,0,7.31,13.1,1.62,0,0,normal,0
2026-01-01 15:03:00,CP_IZM_0082,404.29,500,80.86,13,398.94,49.863,0.898,1,-0.249,34.21,64.23,5.34,0,0,dr_manipulation,1
2026-01-01 10:39:00,CP_ANT_0085,629.61,1500,41.97,1,403.39,49.959,0.969,0,0,9.26,-8.89,4.03,0,0,normal,0
2026-01-01 07:02:00,CP_BUR_0019,228.48,500,45.7,4,400.97,49.961,0.991,1,0.875,4.42,41.9,3.41,1,0,normal,0
2026-01-01 02:16:00,CP_ANK_0039,438.5,1000,43.85,5,404.6,49.936,0.998,1,0.925,13.02,33.14,2.81,0,0,normal,0
2026-01-01 07:32:00,CP_BUR_0077,288.82,500,57.76,4,399.88,49.92,0.972,0,0,14.34,-43.04,1.38,1,0,normal,0
2026-01-01 13:43:00,CP_IST_0014,1023.01,1000,102.3,27,372.06,49.727,0.889,1,0.19,111.95,97.35,7.3,1,0,coordinated_attack,1
2026-01-01 08:30:00,CP_IZM_0059,383.91,750,51.19,5,409.63,50.007,0.956,0,0,6.07,-0.06,1.51,1,0,normal,0
2026-01-01 12:22:00,CP_BUR_0037,447.07,500,89.41,19,375.0,49.73,0.828,1,0.129,75.83,101.61,8.88,0,0,grid_overload,1
2026-01-01 07:08:00,CP_ANK_0007,784.57,1500,52.3,1,404.02,49.901,0.994,0,0,9.3,5.75,3.89,1,0,normal,0
2026-01-01 16:39:00,CP_IZM_0098,984.03,1000,98.4,15,424.19,50.524,0.847,2,0.2,90.56,10.35,13.3,0,0,grid_instability,1
2026-01-01 13:13:00,CP_BUR_0016,847.26,1500,56.48,6,427.14,50.283,0.715,0,0.311,30.91,225.49,10.15,0,0,power_imbalance,1
2026-01-01 08:35:00,CP_IZM_0057,242.7,500,48.54,3,399.62,49.989,0.978,0,0,10.92,-5.58,4.47,1,0,normal,0
2026-01-01 06:05:00,CP_IZM_0090,508.48,1000,50.85,3,397.81,49.953,0.963,0,0,5.49,-0.12,1.74,0,0,normal,0
2026-01-01 00:51:00,CP_IZM_0044,468.86,750,62.51,5,404.15,49.976,0.951,0,0,2.73,-28.79,3.79,0,0,normal,0
2026-01-01 14:38:00,CP_ANT_0082,595.13,750,79.35,35,395.08,49.854,0.864,1,0.003,60.8,86.29,6.79,1,0,coordinated_attack,1
2026-01-01 00:42:00,CP_ANK_0063,814.64,1500,54.31,3,399.48,49.978,0.995,1,0.931,11.02,29.99,4.14,0,0,normal,0
2026-01-01 03:02:00,CP_BUR_0062,261.86,500,52.37,2,396.02,49.93,0.961,1,0.906,9.27,16.68,3.16,0,0,normal,0
2026-01-01 06:56:00,CP_IZM_0082,227.62,500,45.52,2,405.91,50.053,0.994,1,0.994,4.55,24.56,3.88,0,0,normal,0
2026-01-01 15:29:00,CP_IST_0065,614.15,750,81.89,6,393.08,50.069,0.885,1,-0.193,40.39,89.84,4.31,0,0,dr_manipulation,1
2026-01-01 12:11:00,CP_IST_0041,946.54,1000,94.65,21,375.62,49.716,0.911,0,0.092,91.48,289.49,8.44,0,0,grid_overload,1
2026-01-01 02:48:00,CP_IZM_0084,768.51,1500,51.23,4,401.73,50.083,0.969,0,0,10.24,16.18,2.89,0,0,normal,0
2026-01-01 04:20:00,CP_IST_0034,324.32,500,64.86,5,404.76,50.037,0.958,0,0,11.99,-46.66,1.07,0,0,normal,0
2026-01-01 05:27:00,CP_BUR_0049,305.13,500,61.03,1,400.37,50.001,0.964,0,0,9.1,-21.85,4.24,0,0,normal,0
2026-01-01 10:58:00,CP_ANT_0097,451.9,750,60.25,3,399.54,50.063,0.984,0,0,2.86,10.4,1.48,0,0,normal,0
2026-01-01 08:06:00,CP_ANK_0089,331.94,500,66.39,1,395.1,49.936,0.954,0,0,6.24,30.74,3.7,1,0,normal,0
2026-01-01 06:15:00,CP_IZM_0070,532.95,1000,53.29,2,396.97,50.068,0.951,0,0,12.91,-17.48,2.67,0,0,normal,0
2026-01-01 16:09:00,CP_BUR_0021,422.02,750,56.27,19,361.85,50.15,0.912,0,0.298,105.36,-50.22,10.18,0,0,grid_instability,1
2026-01-01 12:58:00,CP_ANT_0095,725.5,1000,72.55,9,400.01,49.889,0.678,1,0.492,41.08,174.34,10.85,0,0,power_imbalance,1
2026-01-01 10:27:00,CP_ANK_0002,502.49,1000,50.25,4,409.38,49.966,0.996,0,0,9.7,-49.8,2.67,0,0,normal,0
2026-01-01 00:53:00,CP_BUR_0046,244.14,500,48.83,4,405.38,49.961,0.979,1,0.933,5.16,49.66,2.93,0,0,normal,0
2026-01-01 16:23:00,CP_BUR_0023,735.51,750,98.07,6,402.84,50.002,0.831,1,0.533,138.23,-23.9,12.78,0,0,grid_instability,1
2026-01-01 11:41:00,CP_ANK_0052,1135.9,1000,113.59,19,379.95,49.614,0.807,1,0.262,88.38,100.62,11.22,0,0,grid_overload,1
2026-01-01 13:00:00,CP_IST_0056,556.68,750,74.22,5,416.13,49.797,0.793,1,0.334,23.94,222.71,12.36,0,0,power_imbalance,1
2026-01-01 03:41:00,CP_ANT_0017,259.45,500,51.89,3,405.89,50.051,0.971,0,0,10.56,-49.89,2.67,0,0,normal,0
2026-01-01 05:59:00,CP_IZM_0032,885.15,1500,59.01,2,405.15,49.946,0.966,0,0,7.75,-49.03,3.91,0,0,normal,0
2026-01-01 04:13:00,CP_ANK_0092,410.35,750,54.71,1,395.84,50.02,0.951,1,0.85,13.77,-29.85,1.46,0,0,normal,0
2026-01-01 05:40:00,CP_IST_0078,764.38,1500,50.96,1,402.75,49.975,0.995,1,0.903,13.02,-1.31,2.69,0,0,normal,0
2026-01-01 09:37:00,CP_IST_0052,494.24,750,65.9,3,399.85,49.911,0.954,1,0.864,3.83,-25.99,3.7,0,0,normal,0
2026-01-01 13:32:00,CP_ANK_0068,297.79,500,59.56,3,413.01,49.828,0.713,1,0.47,36.85,246.4,12.21,0,0,power_imbalance,1
2026-01-01 07:54:00,CP_BUR_0014,631.23,1500,42.08,2,404.15,49.936,0.975,0,0,8.11,-6.87,3.15,1,0,normal,0
2026-01-01 10:42:00,CP_IZM_0097,926.08,1500,61.74,4,397.79,49.928,0.952,0,0,4.68,-6.42,4.36,0,0,normal,0
2026-01-01 09:46:00,CP_ANK_0004,607.2,1000,60.72,4,407.07,49.918,0.957,0,0,1.68,-48.41,4.4,0,0,normal,0
2026-01-01 00:45:00,CP_IST_0100,725.22,1500,48.35,4,398.78,49.916,0.951,0,0,15.0,-15.0,3.28,0,0,normal,0
2026-01-01 07:57:00,CP_IST_0083,300.74,750,40.1,4,396.82,50.007,1.0,0,0,10.23,-9.94,3.21,1,0,normal,0
2026-01-01 04:27:00,CP_ANT_0087,857.72,1500,57.18,2,402.14,49.916,0.995,0,0,7.53,40.05,3.8,0,0,normal,0
2026-01-01 11:01:00,CP_IZM_0085,694.31,1500,46.29,4,407.79,49.906,0.957,0,0,4.58,23.78,2.75,0,0,normal,0
2026-01-01 02:29:00,CP_ANK_0049,719.49,1500,47.97,5,403.66,50.044,0.979,0,0,7.86,22.12,3.71,0,0,normal,0
2026-01-01 06:28:00,CP_IZM_0070,617.32,1000,61.73,3,408.48,49.997,0.972,0,0,8.14,-0.99,2.98,0,0,normal,0
2026-01-01 04:09:00,CP_IST_0029,348.41,500,69.68,3,402.2,50.056,0.967,0,0,5.83,-32.02,2.12,0,0,normal,0
2026-01-01 16:02:00,CP_IZM_0034,870.78,1500,58.05,7,435.53,49.66,0.863,0,0.518,132.01,-47.61,9.11,0,0,grid_instability,1
2026-01-01 05:54:00,CP_ANT_0030,797.54,1500,53.17,2,407.76,50.086,0.976,0,0,0.5,9.95,2.81,0,0,normal,0
2026-01-01 16:01:00,CP_IZM_0044,492.67,1500,32.84,12,383.55,49.505,0.944,2,0.506,92.13,130.68,14.98,0,0,grid_instability,1
2026-01-01 14:58:00,CP_IST_0015,411.05,500,82.21,6,394.24,49.885,0.975,1,-0.244,40.57,41.36,4.82,0,0,dr_manipulation,1
2026-01-01 08:14:00,CP_ANK_0079,325.0,750,43.33,4,401.88,49.934,0.967,0,0,9.05,28.95,3.23,1,0,normal,0
2026-01-01 03:38:00,CP_BUR_0073,655.03,1000,65.5,5,400.97,50.094,0.991,1,0.89,12.43,-16.22,3.02,0,0,normal,0
2026-01-01 13:44:00,CP_ANK_0056,755.81,1000,75.58,44,375.61,49.609,0.886,1,0.091,83.9,237.58,5.42,1,0,coordinated_attack,1
2026-01-01 05:20:00,CP_ANT_0024,579.06,1000,57.91,5,407.65,49.96,0.989,0,0,1.09,20.77,2.84,0,0,normal,0
2026-01-01 00:57:00,CP_ANT_0054,821.29,1500,54.75,5,404.44,49.911,0.957,0,0,1.28,-25.18,2.95,0,0,normal,0
2026-01-01 13:58:00,CP_ANT_0099,1127.67,1500,75.18,37,389.81,49.6,0.845,1,0.07,85.49,226.03,8.33,1,0,coordinated_attack,1
2026-01-01 08:32:00,CP_IZM_0058,752.41,1500,50.16,1,405.97,50.08,0.957,0,0,4.62,-9.84,3.94,1,0,normal,0
2026-01-01 13:01:00,CP_BUR_0012,857.6,1500,57.17,4,427.48,50.04,0.799,0,0.441,24.28,367.61,11.83,0,0,power_imbalance,1
2026-01-01 00:20:00,CP_ANT_0075,344.12,500,68.82,1,407.77,49.914,0.953,0,0,6.06,44.16,2.99,0,0,normal,0
2026-01-01 10:37:00,CP_IST_0098,271.04,500,54.21,3,407.49,50.064,0.976,0,0,14.15,27.57,3.17,0,0,normal,0
2026-01-01 07:28:00,CP_IST_0004,332.34,750,44.31,5,398.87,49.973,0.959,0,0,11.83,38.24,2.59,1,0,normal,0
2026-01-01 02:54:00,CP_IST_0060,608.89,1000,60.89,4,397.24,49.975,0.988,1,0.886,3.38,35.75,1.51,0,0,normal,0
2026-01-01 12:57:00,CP_IST_0040,518.64,750,69.15,3,384.42,49.751,0.714,0,0.369,43.71,161.42,10.2,0,0,power_imbalance,1
2026-01-01 11:34:00,CP_IST_0076,474.22,1000,47.42,5,409.28,50.068,0.951,0,0,9.67,41.69,2.39,0,0,normal,0
2026-01-01 10:03:00,CP_IZM_0026,457.57,750,61.01,4,404.66,50.078,0.981,1,0.955,13.32,28.16,2.42,0,0,normal,0
2026-01-01 08:25:00,CP_IZM_0003,417.15,750,55.62,1,399.4,50.094,0.977,0,0,7.11,-7.99,3.58,1,0,normal,0
2026-01-01 01:18:00,CP_IZM_0080,336.59,500,67.32,4,407.49,50.081,0.989,0,0,9.11,-14.77,3.23,0,0,normal,0
2026-01-01 09:40:00,CP_ANT_0068,397.67,750,53.02,4,396.39,50.003,0.999,0,0,9.71,21.36,4.26,0,0,normal,0
2026-01-01 05:12:00,CP_IZM_0071,519.36,1000,51.94,3,409.56,49.991,0.957,1,0.94,13.3,1.23,3.95,0,0,normal,0
2026-01-01 16:26:00,CP_BUR_0092,489.65,500,97.93,3,390.2,50.032,0.761,2,0.191,192.36,285.89,9.51,0,0,grid_instability,1
2026-01-01 15:52:00,CP_IZM_0047,1076.79,1500,71.79,19,356.45,49.984,0.885,2,0.113,186.27,-19.83,9.59,0,0,grid_instability,1
2026-01-01 08:17:00,CP_IZM_0046,815.67,1500,54.38,1,401.79,49.948,0.978,0,0,10.4,-9.34,1.76,1,0,normal,0
2026-01-01 14:09:00,CP_BUR_0060,916.66,1000,91.67,33,378.68,49.63,0.879,1,0.073,84.77,145.59,9.0,1,0,coordinated_attack,1
2026-01-01 02:32:00,CP_IZM_0063,583.02,1000,58.3,2,409.36,49.956,0.965,0,0,11.57,20.49,3.42,0,0,normal,0
2026-01-01 15:56:00,CP_IST_0047,1259.93,1500,84.0,11,388.25,50.339,0.729,1,0.351,173.72,220.41,16.29,0,0,grid_instability,1
2026-01-01 14:55:00,CP_ANT_0036,780.7,1000,78.07,11,403.93,50.086,0.884,1,0.067,55.88,95.79,4.72,0,0,dr_manipulation,1
2026-01-01 01:58:00,CP_ANK_0012,306.71,500,61.34,5,407.77,49.957,0.988,0,0,6.74,1.34,3.91,0,0,normal,0
2026-01-01 04:01:00,CP_ANT_0099,655.27,1000,65.53,4,405.51,50.047,0.966,0,0,3.5,44.36,1.48,0,0,normal,0
2026-01-01 05:06:00,CP_IZM_0059,616.12,1500,41.07,5,395.0,49.918,0.98,0,0,13.35,6.23,3.29,0,0,normal,0
2026-01-01 16:24:00,CP_BUR_0064,464.94,1500,31.0,4,380.81,49.733,0.756,1,0.404,167.45,-46.18,9.17,0,0,grid_instability,1
2026-01-01 06:35:00,CP_BUR_0090,685.26,1500,45.68,5,404.85,50.014,0.997,1,0.962,11.49,7.66,3.36,0,0,normal,0
2026-01-01 00:52:00,CP_IST_0058,566.74,1000,56.67,5,409.22,49.917,0.986,1,0.933,3.6,-2.39,3.49,0,0,normal,0
2026-01-01 04:28:00,CP_ANK_0056,327.06,750,43.61,4,397.59,50.097,0.999,0,0,1.89,-7.66,4.46,0,0,normal,0
2026-01-01 12:18:00,CP_IZM_0039,659.75,750,87.97,24,386.96,49.623,0.91,0,0.047,79.4,145.22,8.37,0,0,grid_overload,1
2026-01-01 04:26:00,CP_ANT_0054,469.25,750,62.57,1,396.29,49.969,0.977,0,0,8.3,34.08,3.86,0,0,normal,0
2026-01-01 08:41:00,CP_IST_0021,255.98,500,51.2,5,395.26,49.952,0.979,0,0,4.8,37.83,1.47,1,0,normal,0
2026-01-01 05:26:00,CP_ANT_0097,522.29,1000,52.23,4,404.45,49.987,0.951,0,0,8.02,14.14,3.16,0,0,normal,0
2026-01-01 00:05:00,CP_IST_0030,420.18,750,56.02,2,397.45,49.976,0.999,0,0,10.27,34.29,3.72,0,0,normal,0
2026-01-01 13:47:00,CP_IZM_0089,1250.35,1500,83.36,49,373.03,49.668,0.882,1,0.143,95.27,97.22,8.67,1,0,coordinated_attack,1
2026-01-01 15:07:00,CP_BUR_0057,766.98,1000,76.7,9,407.25,50.035,0.886,1,-0.037,34.16,58.59,4.57,0,0,dr_manipulation,1
2026-01-01 08:21:00,CP_ANK_0043,216.64,500,43.33,3,401.98,49.908,0.968,0,0,8.41,27.36,1.48,1,0,normal,0
2026-01-01 08:37:00,CP_ANK_0097,339.97,500,67.99,5,406.34,49.918,0.97,0,0,6.22,5.58,3.49,1,0,normal,0
2026-01-01 01:12:00,CP_ANT_0043,308.37,500,61.67,4,408.06,50.094,0.954,0,0,5.08,19.27,3.27,0,0,normal,0
2026-01-01 09:21:00,CP_BUR_0041,260.1,500,52.02,3,399.71,49.916,0.958,0,0,12.7,18.58,3.77,0,0,normal,0
2026-01-01 01:45:00,CP_ANK_0078,279.59,500,55.92,2,408.59,49.97,0.986,0,0,3.54,-35.36,1.69,0,0,normal,0
2026-01-01 15:25:00,CP_IZM_0025,1174.14,1500,78.28,6,400.62,49.978,0.887,1,-0.118,55.92,61.05,3.06,0,0,dr_manipulation,1
2026-01-01 05:44:00,CP_ANK_0075,684.18,1000,68.42,2,401.74,50.099,0.993,0,0,3.29,-8.92,1.5,0,0,normal,0
2026-01-01 08:03:00,CP_BUR_0095,487.95,750,65.06,1,407.27,49.921,0.975,0,0,0.95,-29.74,2.18,1,0,normal,0
2026-01-01 04:59:00,CP_BUR_0050,1029.79,1500,68.65,3,408.18,49.919,0.991,0,0,1.71,-9.97,2.6,0,0,normal,0
2026-01-01 06:18:00,CP_ANK_0032,402.74,1000,40.27,4,406.97,50.019,0.99,0,0,2.83,38.22,2.53,0,0,normal,0
2026-01-01 15:33:00,CP_IST_0035,607.89,750,81.05,14,389.87,49.976,0.913,1,0.047,57.05,75.25,3.05,0,0,dr_manipulation,1
2026-01-01 01:03:00,CP_IST_0063,349.94,500,69.99,3,403.64,50.053,0.959,1,0.987,2.72,8.53,3.22,0,0,normal,0
2026-01-01 14:18:00,CP_ANT_0094,761.63,1000,76.16,23,396.8,49.708,0.861,1,0.109,66.48,111.5,8.65,1,0,coordinated_attack,1
2026-01-01 13:28:00,CP_IST_0051,1085.34,1500,72.36,10,396.16,50.268,0.784,1,0.252,40.61,371.83,9.97,0,0,power_imbalance,1
2026-01-01 01:11:00,CP_BUR_0068,1044.79,1500,69.65,2,402.43,49.907,0.975,0,0,13.05,37.42,2.54,0,0,normal,0
2026-01-01 02:21:00,CP_IST_0013,692.61,1000,69.26,2,406.41,50.003,0.955,0,0,7.0,-23.25,1.87,0,0,normal,0
2026-01-01 08:05:00,CP_ANK_0049,470.45,750,62.73,2,405.44,50.011,0.972,0,0,2.0,29.11,3.21,1,0,normal,0
2026-01-01 08:13:00,CP_IZM_0008,387.15,750,51.62,2,401.87,49.939,0.968,0,0,3.03,-37.28,3.42,1,0,normal,0
2026-01-01 11:22:00,CP_IST_0083,246.33,500,49.27,4,406.36,50.024,0.953,0,0,7.48,-29.8,2.32,0,0,normal,0
2026-01-01 00:36:00,CP_IST_0099,322.76,500,64.55,2,405.09,49.945,0.96,0,0,0.69,48.39,3.14,0,0,normal,0
2026-01-01 14:44:00,CP_BUR_0028,695.98,750,92.8,6,387.66,49.863,0.911,1,-0.071,50.97,100.51,5.85,0,0,dr_manipulation,1
2026-01-01 07:07:00,CP_BUR_0076,516.1,750,68.81,1,404.34,49.951,0.973,1,0.932,0.09,38.27,1.83,1,0,normal,0
2026-01-01 13:20:00,CP_IZM_0081,465.7,750,62.09,8,401.04,49.962,0.62,0,0.351,38.94,346.07,13.9,0,0,power_imbalance,1
2026-01-01 01:39:00,CP_IZM_0054,332.5,500,66.5,2,397.36,50.024,0.984,0,0,6.65,-7.6,3.12,0,0,normal,0
2026-01-01 09:35:00,CP_BUR_0085,407.79,1000,40.78,1,400.91,50.018,0.998,0,0,2.31,-41.89,3.91,0,0,normal,0
2026-01-01 08:34:00,CP_IZM_0050,687.5,1500,45.83,3,404.05,50.002,0.953,0,0,5.96,21.6,2.5,1,0,normal,0
2026-01-01 11:59:00,CP_ANK_0069,1092.8,1000,109.28,11,383.83,49.554,0.858,1,0.09,47.51,165.05,10.28,0,0,grid_overload,1
2026-01-01 02:43:00,CP_ANK_0069,349.3,750,46.57,2,402.17,49.991,0.999,0,0,6.24,4.92,2.65,0,0,normal,0
2026-01-01 06:40:00,CP_BUR_0074,465.21,750,62.03,3,406.89,49.935,0.991,0,0,8.93,-19.96,3.56,0,0,normal,0
2026-01-01 04:08:00,CP_ANK_0068,445.64,750,59.42,4,401.18,50.01,0.953,0,0,5.75,-8.08,3.25,0,0,normal,0
2026-01-01 02:44:00,CP_ANT_0071,453.08,750,60.41,5,408.1,49.916,0.972,0,0,1.17,6.42,1.22,0,0,normal,0
2026-01-01 10:14:00,CP_ANK_0050,413.57,750,55.14,4,406.43,50.033,0.957,0,0,1.34,12.48,3.18,0,0,normal,0
2026-01-01 11:38:00,CP_IZM_0011,341.77,750,45.57,1,406.25,50.062,0.96,1,0.916,13.69,-39.08,3.23,0,0,normal,0
2026-01-01 12:17:00,CP_BUR_0056,1305.19,1500,87.01,8,378.47,49.599,0.842,0,0.105,83.35,180.41,6.05,0,0,grid_overload,1
2026-01-01 16:00:00,CP_ANT_0094,337.24,500,67.45,6,415.41,50.186,0.808,1,0.273,134.96,177.76,17.11,0,0,grid_instability,1
2026-01-01 01:00:00,CP_ANK_0035,612.09,1000,61.21,4,396.07,49.947,0.963,0,0,6.38,4.46,3.27,0,0,normal,0
2026-01-01 15:27:00,CP_ANT_0099,544.31,750,72.57,9,392.0,49.879,0.89,1,-0.022,45.56,98.94,4.32,0,0,dr_manipulation,1
2026-01-01 13:31:00,CP_IST_0041,619.49,1000,61.95,4,380.79,49.894,0.758,1,0.274,26.46,242.92,9.02,0,0,power_imbalance,1
2026-01-01 05:19:00,CP_ANK_0006,256.58,500,51.32,4,399.19,49.953,0.958,0,0,0.08,-3.37,4.28,0,0,normal,0
2026-01-01 04:17:00,CP_IZM_0031,227.31,500,45.46,3,408.82,50.094,0.961,0,0,14.05,-35.94,3.61,0,0,normal,0
2026-01-01 01:16:00,CP_ANK_0039,1005.54,1500,67.04,5,397.37,49.988,0.967,0,0,9.58,-7.57,1.88,0,0,normal,0
2026-01-01 13:51:00,CP_IZM_0070,933.84,1000,93.38,25,392.65,49.833,0.83,1,0.161,90.21,163.41,6.75,1,0,coordinated_attack,1
2026-01-01 12:39:00,CP_IST_0078,655.73,750,87.43,10,372.79,49.637,0.877,1,0.03,71.61,245.35,10.85,0,0,grid_overload,1
2026-01-01 02:19:00,CP_BUR_0039,342.28,500,68.46,5,398.97,49.942,0.979,0,0,7.47,12.72,2.01,0,0,normal,0
2026-01-01 05:29:00,CP_IZM_0093,283.03,500,56.61,5,397.12,49.908,0.979,1,0.931,14.2,-19.53,3.62,0,0,normal,0
2026-01-01 15:11:00,CP_ANT_0014,900.32,1000,90.03,11,393.29,49.865,0.953,1,0.064,26.26,31.8,6.76,0,0,dr_manipulation,1
2026-01-01 11:11:00,CP_BUR_0010,349.3,500,69.86,1,406.33,50.001,0.989,1,0.918,3.79,0.61,2.62,0,0,normal,0
2026-01-01 07:11:00,CP_ANT_0027,313.77,500,62.75,5,395.97,49.994,0.956,0,0,4.94,-8.62,1.73,1,0,normal,0
2026-01-01 08:54:00,CP_ANK_0047,835.2,1500,55.68,1,396.79,49.979,0.985,0,0,11.12,39.24,1.59,1,0,normal,0
2026-01-01 12:33:00,CP_ANK_0022,792.93,750,105.72,8,386.37,49.737,0.855,1,0.091,53.22,241.65,9.31,0,0,grid_overload,1
2026-01-01 05:03:00,CP_IST_0007,264.93,500,52.99,2,402.23,50.033,0.982,0,0,12.59,5.83,4.46,0,0,normal,0
2026-01-01 06:50:00,CP_ANT_0077,659.28,1000,65.93,1,399.39,50.077,0.969,1,0.926,10.65,40.39,2.7,0,0,normal,0
2026-01-01 15:45:00,CP_IZM_0024,1141.22,1500,76.08,3,379.01,49.446,0.79,0,0.179,137.06,51.5,16.93,0,0,grid_instability,1
2026-01-01 04:45:00,CP_ANT_0082,467.45,750,62.33,3,401.31,50.077,0.969,0,0,6.96,-38.22,1.19,0,0,normal,0
2026-01-01 03:27:00,CP_ANT_0079,875.09,1500,58.34,5,396.71,49.97,0.973,0,0,12.21,20.6,2.04,0,0,normal,0
2026-01-01 13:46:00,CP_IST_0007,1623.65,2000,81.18,32,385.89,49.748,0.863,1,0.136,118.17,243.03,6.1,1,0,coordinated_attack,1
2026-01-01 09:43:00,CP_BUR_0093,217.09,500,43.42,4,397.69,49.936,0.97,0,0,6.24,20.44,2.1,0,0,normal,0
2026-01-01 10:45:00,CP_BUR_0006,869.89,1500,57.99,3,407.78,50.013,0.967,0,0,6.28,-33.77,2.59,0,0,normal,0
2026-01-01 02:49:00,CP_ANT_0093,226.77,500,45.35,5,400.9,49.925,0.999,0,0,11.34,47.85,2.62,0,0,normal,0
2026-01-01 11:29:00,CP_ANT_0072,313.83,500,62.77,3,403.93,49.931,0.986,0,0,5.71,-19.42,1.99,0,0,normal,0
2026-01-01 15:18:00,CP_IZM_0040,540.73,750,72.1,12,400.41,49.942,0.952,1,-0.16,33.14,99.07,4.01,0,0,dr_manipulation,1
2026-01-01 10:31:00,CP_ANT_0088,301.61,750,40.21,4,396.66,49.955,0.975,0,0,8.28,15.98,2.98,0,0,normal,0
2026-01-01 02:50:00,CP_ANK_0003,839.37,1500,55.96,2,398.71,49.969,0.964,0,0,0.48,16.02,3.15,0,0,normal,0
2026-01-01 09:15:00,CP_ANK_0061,518.23,750,69.1,4,401.13,50.073,0.953,0,0,10.49,-38.7,2.91,0,0,normal,0
2026-01-01 13:52:00,CP_BUR_0077,1677.48,2000,83.87,44,370.41,49.706,0.891,1,0.178,129.71,225.68,9.51,1,0,coordinated_attack,1
2026-01-01 06:11:00,CP_IZM_0084,444.13,750,59.22,3,401.33,50.022,0.97,0,0,1.19,-15.64,2.1,0,0,normal,0
2026-01-01 14:22:00,CP_IST_0098,705.81,750,94.11,22,387.48,49.881,0.918,1,0.131,62.9,151.64,6.0,1,0,coordinated_attack,1
2026-01-01 00:48:00,CP_BUR_0069,317.1,750,42.28,2,396.53,50.054,0.993,0,0,11.94,6.59,1.14,0,0,normal,0
2026-01-01 11:32:00,CP_IST_0090,343.7,750,45.83,4,409.36,50.054,0.988,0,0,7.64,-1.14,3.41,0,0,normal,0
2026-01-01 16:38:00,CP_IST_0096,712.34,1500,47.49,20,383.75,49.442,0.86,1,0.369,132.57,27.91,12.19,0,0,grid_instability,1
2026-01-01 16:05:00,CP_ANT_0043,227.46,500,45.49,2,413.81,49.609,0.853,2,0.456,179.24,164.56,13.98,0,0,grid_instability,1
2026-01-01 08:58:00,CP_IST_0070,314.03,500,62.81,5,406.51,50.059,0.96,1,0.924,3.92,-15.64,4.01,1,0,normal,0
2026-01-01 06:02:00,CP_IZM_0074,338.03,500,67.61,4,404.21,50.053,0.977,0,0,12.72,-12.88,2.1,0,0,normal,0
2026-01-01 13:25:00,CP_IZM_0044,690.07,1000,69.01,10,418.51,49.808,0.602,0,0.398,38.94,363.7,8.82,0,0,power_imbalance,1
2026-01-01 00:17:00,CP_IST_0052,207.59,500,41.52,5,407.54,50.094,0.996,0,0,2.49,-1.44,1.75,0,0,normal,0
2026-01-01 03:47:00,CP_BUR_0073,412.41,750,54.99,5,396.07,50.078,0.951,0,0,14.01,-36.8,4.01,0,0,normal,0
2026-01-01 02:25:00,CP_IST_0017,381.57,750,50.88,3,396.1,50.001,0.988,0,0,12.38,12.32,3.14,0,0,normal,0
2026-01-01 03:19:00,CP_ANT_0069,267.36,500,53.47,5,402.19,49.98,0.975,1,0.932,11.86,-14.05,4.13,0,0,normal,0
2026-01-01 08:43:00,CP_ANK_0002,422.34,750,56.31,3,407.4,50.037,0.965,0,0,1.44,8.0,3.88,1,0,normal,0
2026-01-01 06:47:00,CP_BUR_0058,310.94,500,62.19,2,409.23,50.085,0.993,0,0,0.21,19.38,1.39,0,0,normal,0
2026-01-01 15:10:00,CP_ANK_0092,891.71,1000,89.17,14,386.59,49.815,0.901,1,-0.179,59.48,105.43,4.58,0,0,dr_manipulation,1
2026-01-01 15:38:00,CP_IST_0082,374.12,500,74.82,14,388.69,49.88,0.897,1,-0.473,46.3,91.98,4.64,0,0,dr_manipulation,1
2026-01-01 11:14:00,CP_ANT_0005,437.25,1000,43.72,4,397.53,50.034,0.951,0,0,2.3,-14.19,1.76,0,0,normal,0
2026-01-01 09:26:00,CP_ANK_0058,523.92,750,69.86,3,405.9,49.938,0.959,0,0,0.43,47.61,1.82,0,0,normal,0
2026-01-01 07:26:00,CP_ANT_0086,776.36,1500,51.76,5,408.37,50.026,0.985,1,0.942,4.69,31.74,3.5,1,0,normal,0
2026-01-01 07:43:00,CP_ANK_0011,418.43,1000,41.84,4,403.67,50.015,0.983,0,0,12.13,12.43,2.0,1,0,normal,0
2026-01-01 05:14:00,CP_IST_0055,613.11,1000,61.31,3,403.43,50.017,0.997,1,0.951,13.41,3.39,4.07,0,0,normal,0
2026-01-01 05:55:00,CP_ANK_0076,451.66,750,60.22,3,398.59,49.9,0.958,0,0,11.7,-14.69,2.38,0,0,normal,0
2026-01-01 09:42:00,CP_ANT_0011,282.65,500,56.53,1,402.7,50.002,0.971,1,0.949,8.53,-24.66,1.89,0,0,normal,0
2026-01-01 05:02:00,CP_ANT_0067,239.24,500,47.85,3,395.19,50.074,0.976,0,0,14.67,16.98,2.18,0,0,normal,0
2026-01-01 09:23:00,CP_IST_0022,304.67,750,40.62,1,408.85,50.029,0.981,0,0,14.61,-30.17,3.45,0,0,normal,0
2026-01-01 13:23:00,CP_ANK_0034,291.24,500,58.25,5,407.65,50.083,0.716,0,0.233,47.82,180.67,8.99,0,0,power_imbalance,1
2026-01-01 01:53:00,CP_ANK_0018,296.9,500,59.38,4,402.63,49.904,0.965,0,0,5.13,26.62,1.67,0,0,normal,0
2026-01-01 14:21:00,CP_BUR_0040,1992.29,2000,99.61,19,396.17,49.647,0.849,1,0.107,81.73,168.02,8.06,1,0,coordinated_attack,1
2026-01-01 03:52:00,CP_ANT_0092,383.67,750,51.16,3,405.99,49.924,0.995,0,0,12.11,-22.8,1.22,0,0,normal,0
2026-01-01 01:36:00,CP_ANT_0080,490.64,750,65.42,3,407.68,49.974,0.988,0,0,12.11,34.52,4.41,0,0,normal,0
2026-01-01 02:09:00,CP_IST_0057,723.55,1500,48.24,1,396.13,50.028,0.968,0,0,14.29,-35.72,3.13,0,0,normal,0
2026-01-01 09:16:00,CP_IST_0095,663.83,1000,66.38,2,400.44,50.043,0.991,0,0,9.68,40.52,1.12,0,0,normal,0
2026-01-01 11:43:00,CP_IZM_0011,597.58,500,119.52,18,360.5,49.608,0.805,1,0.203,54.01,196.91,10.44,0,0,grid_overload,1
2026-01-01 07:16:00,CP_IZM_0069,324.81,500,64.96,2,399.96,49.968,0.984,1,0.97,9.68,-1.85,3.2,1,0,normal,0
2026-01-01 15:09:00,CP_IZM_0012,671.17,750,89.49,7,408.7,49.984,0.913,1,-0.137,25.7,95.0,6.21,0,0,dr_manipulation,1
2026-01-01 01:04:00,CP_IST_0071,756.58,1500,50.44,3,399.82,49.921,0.958,1,0.954,4.32,44.52,3.85,0,0,normal,0
2026-01-01 10:05:00,CP_ANT_0081,204.18,500,40.84,5,403.89,49.948,0.989,1,0.998,1.66,-44.01,2.31,0,0,normal,0
2026-01-01 12:01:00,CP_IST_0021,890.99,750,118.8,11,365.42,49.68,0.822,1,0.24,47.38,125.76,7.24,0,0,grid_overload,1
2026-01-01 05:50:00,CP_IZM_0062,854.1,1500,56.94,5,399.13,50.036,0.988,1,0.933,8.36,-32.13,2.96,0,0,normal,0
2026-01-01 14:52:00,CP_BUR_0097,474.27,500,94.85,6,386.84,50.076,0.975,1,0.046,47.08,96.66,4.74,0,0,dr_manipulation,1
2026-01-01 12:52:00,CP_IZM_0002,392.34,750,52.31,9,378.98,49.809,0.749,1,0.341,41.68,260.99,12.51,0,0,power_imbalance,1
2026-01-01 09:22:00,CP_ANT_0049,993.08,1500,66.21,2,398.91,50.037,0.991,0,0,2.98,-8.55,1.64,0,0,normal,0
2026-01-01 08:19:00,CP_BUR_0038,683.23,1500,45.55,3,404.4,50.041,0.95,0,0,5.77,19.08,2.86,1,0,normal,0
2026-01-01 05:49:00,CP_ANT_0034,277.96,500,55.59,4,404.82,50.038,0.966,0,0,1.6,-7.39,3.05,0,0,normal,0
2026-01-01 12:55:00,CP_IZM_0025,560.06,750,74.68,4,418.99,49.981,0.663,1,0.448,24.94,350.83,12.53,0,0,power_imbalance,1
2026-01-01 03:10:00,CP_IST_0010,380.06,750,50.67,4,401.48,50.036,0.983,0,0,11.58,-20.46,1.86,0,0,normal,0
2026-01-01 09:59:00,CP_ANK_0032,487.83,750,65.04,4,400.12,50.001,0.954,0,0,10.73,-8.5,3.2,0,0,normal,0
2026-01-01 05:45:00,CP_BUR_0065,450.32,1000,45.03,3,408.84,50.019,0.953,1,0.908,1.63,-29.77,4.01,0,0,normal,0
2026-01-01 08:46:00,CP_BUR_0011,451.66,1000,45.17,3,395.43,50.063,0.961,0,0,10.32,-19.26,1.73,1,0,normal,0
2026-01-01 04:46:00,CP_IZM_0026,270.83,500,54.17,2,402.51,50.073,0.969,0,0,6.2,37.08,1.53,0,0,normal,0
2026-01-01 02:00:00,CP_ANT_0020,330.96,750,44.13,3,408.76,49.994,0.992,1,0.917,0.08,-42.08,1.9,0,0,normal,0
2026-01-01 11:17:00,CP_BUR_0070,319.54,500,63.91,2,405.86,49.909,0.976,0,0,4.84,12.68,3.19,0,0,normal,0
2026-01-01 09:18:00,CP_IZM_0005,490.27,1000,49.03,2,399.46,50.072,0.958,1,0.945,13.19,26.67,2.42,0,0,normal,0
2026-01-01 04:29:00,CP_ANT_0036,487.67,750,65.02,3,399.8,50.045,0.99,0,0,5.82,-10.26,2.14,0,0,normal,0
2026-01-01 14:49:00,CP_ANK_0026,638.54,750,85.14,10,393.54,49.835,0.921,1,-0.197,30.19,74.48,6.53,0,0,dr_manipulation,1
2026-01-01 16:15:00,CP_ANK_0021,932.15,1500,62.14,16,439.07,50.415,0.943,2,0.421,176.44,277.04,16.59,0,0,grid_instability,1
2026-01-01 14:59:00,CP_IST_0029,1383.33,1500,92.22,13,391.58,50.059,0.979,1,-0.061,29.08,61.83,3.32,0,0,dr_manipulation,1
2026-01-01 06:55:00,CP_ANT_0009,606.56,1000,60.66,5,408.64,49.986,0.995,0,0,9.84,6.48,1.55,0,0,normal,0
2026-01-01 16:35:00,CP_IZM_0053,385.77,750,51.44,13,424.63,49.741,0.777,2,0.297,130.05,243.0,11.44,0,0,grid_instability,1
2026-01-01 03:12:00,CP_BUR_0042,228.11,500,45.62,4,403.35,50.002,0.955,0,0,5.31,-40.69,3.09,0,0,normal,0
2026-01-01 05:52:00,CP_BUR_0077,953.74,1500,63.58,5,404.21,50.037,0.953,1,0.995,0.08,-40.89,1.51,0,0,normal,0
2026-01-01 08:15:00,CP_BUR_0042,319.46,750,42.59,5,402.34,50.099,0.98,1,0.892,10.95,23.62,1.86,1,0,normal,0
2026-01-01 08:12:00,CP_BUR_0079,322.06,750,42.94,4,408.05,49.975,0.961,1,0.938,0.82,-6.41,1.76,1,0,normal,0
2026-01-01 09:45:00,CP_IZM_0063,840.47,1500,56.03,1,400.92,49.903,0.983,1,0.954,13.03,46.58,3.11,0,0,normal,0
2026-01-01 00:11:00,CP_IST_0011,289.84,500,57.97,4,395.29,50.086,0.994,0,0,3.59,-25.91,2.99,0,0,normal,0
2026-01-01 12:40:00,CP_IST_0077,922.8,1500,61.52,4,419.59,50.158,0.729,0,0.24,43.1,216.91,14.57,0,0,power_imbalance,1
2026-01-01 06:46:00,CP_IST_0097,522.22,750,69.63,5,407.32,50.061,0.981,1,0.857,12.27,-30.03,2.31,0,0,normal,0
2026-01-01 02:45:00,CP_IST_0058,428.86,750,57.18,2,397.47,50.071,0.972,0,0,10.75,-1.12,4.15,0,0,normal,0
2026-01-01 04:03:00,CP_ANT_0051,223.64,500,44.73,3,407.4,50.039,0.952,0,0,2.22,21.12,4.39,0,0,normal,0
2026-01-01 00:34:00,CP_BUR_0060,438.49,750,58.47,3,401.09,50.067,0.965,0,0,6.45,8.0,3.29,0,0,normal,0
2026-01-01 10:54:00,CP_ANK_0074,887.15,1500,59.14,5,404.75,49.941,0.995,1,0.979,5.94,-19.4,4.11,0,0,normal,0
2026-01-01 00:14:00,CP_ANK_0070,301.62,750,40.22,1,398.43,50.081,0.993,0,0,7.71,-22.15,2.7,0,0,normal,0
2026-01-01 14:53:00,CP_IZM_0049,662.52,750,88.34,15,407.91,50.081,0.888,1,0.037,45.77,63.29,5.6,0,0,dr_manipulation,1
2026-01-01 03:22:00,CP_IZM_0040,377.62,750,50.35,1,402.24,49.959,0.996,0,0,1.74,44.07,1.5,0,0,normal,0
2026-01-01 15:49:00,CP_IZM_0039,489.61,500,97.92,11,421.36,49.498,0.787,1,0.183,80.1,-33.63,16.71,0,0,grid_instability,1
2026-01-01 06:34:00,CP_ANK_0093,323.55,500,64.71,3,402.94,50.047,0.992,0,0,14.17,46.06,1.34,0,0,normal,0
2026-01-01 11:39:00,CP_ANT_0001,256.66,500,51.33,3,395.96,49.906,0.962,1,0.951,1.51,-43.89,3.63,0,0,normal,0
2026-01-01 09:53:00,CP_BUR_0054,959.89,1500,63.99,2,404.33,49.956,0.987,1,0.869,2.99,10.57,1.35,0,0,normal,0
2026-01-01 02:28:00,CP_IST_0093,918.93,1500,61.26,3,402.12,49.903,0.967,0,0,14.7,8.37,3.79,0,0,normal,0
2026-01-01 06:23:00,CP_IZM_0088,386.58,750,51.54,4,398.71,50.099,0.96,0,0,7.82,48.21,2.65,0,0,normal,0
2026-01-01 07:12:00,CP_ANT_0074,216.4,500,43.28,5,409.81,49.997,0.984,0,0,6.41,34.78,1.91,1,0,normal,0
2026-01-01 13:54:00,CP_ANT_0058,1751.59,2000,87.58,20,375.82,49.886,0.884,1,0.193,138.94,195.4,9.5,1,0,coordinated_attack,1
2026-01-01 02:14:00,CP_ANK_0071,552.63,1000,55.26,1,409.78,50.058,0.962,1,0.854,8.31,-13.11,3.81,0,0,normal,0
2026-01-01 04:33:00,CP_ANK_0012,652.85,1000,65.29,1,409.59,49.946,0.965,1,0.966,4.81,22.88,3.12,0,0,normal,0
2026-01-01 09:51:00,CP_ANK_0093,240.18,500,48.04,4,408.34,49.923,0.981,0,0,6.72,-6.38,1.56,0,0,normal,0
2026-01-01 08:49:00,CP_ANK_0028,505.66,1000,50.57,5,406.71,50.023,0.975,0,0,1.49,7.81,1.05,1,0,normal,0
2026-01-01 08:52:00,CP_IZM_0053,212.34,500,42.47,4,396.74,49.957,0.98,0,0,10.31,34.11,1.79,1,0,normal,0
2026-01-01 13:21:00,CP_IST_0049,588.46,750,78.46,6,375.6,49.715,0.602,0,0.208,41.23,380.15,8.55,0,0,power_imbalance,1
2026-01-01 07:53:00,CP_ANK_0034,630.81,1000,63.08,3,398.86,50.056,0.964,0,0,5.74,-16.73,1.21,1,0,normal,0
2026-01-01 05:36:00,CP_IST_0065,382.31,750,50.97,2,408.37,50.018,0.993,0,0,6.97,1.04,2.39,0,0,normal,0
2026-01-01 05:08:00,CP_IST_0053,251.2,500,50.24,3,403.22,49.975,0.955,0,0,7.39,32.18,3.6,0,0,normal,0
2026-01-01 03:09:00,CP_BUR_0058,416.11,1000,41.61,4,398.48,49.915,0.98,1,0.995,4.9,13.41,3.74,0,0,normal,0
2026-01-01 04:16:00,CP_ANT_0051,449.74,750,59.97,2,400.68,50.047,0.965,0,0,10.93,44.88,4.32,0,0,normal,0
2026-01-01 03:51:00,CP_IZM_0093,246.39,500,49.28,2,396.79,50.042,0.985,0,0,7.45,-15.33,2.81,0,0,normal,0
2026-01-01 04:15:00,CP_IZM_0079,250.48,500,50.1,3,397.05,49.932,0.997,1,0.947,2.61,46.87,3.43,0,0,normal,0
2026-01-01 01:47:00,CP_ANT_0012,884.12,1500,58.94,3,403.87,49.97,0.954,1,0.918,0.85,33.17,1.27,0,0,normal,0
2026-01-01 10:29:00,CP_ANK_0002,691.61,1000,69.16,4,407.41,49.972,0.959,0,0,1.87,-12.95,1.68,0,0,normal,0
2026-01-01 15:31:00,CP_IZM_0004,877.84,1000,87.78,12,399.01,49.947,0.959,1,-0.089,44.53,69.19,4.39,0,0,dr_manipulation,1
2026-01-01 11:50:00,CP_IST_0019,665.48,750,88.73,8,376.15,49.638,0.817,1,0.251,69.99,191.16,9.61,0,0,grid_overload,1
2026-01-01 01:37:00,CP_BUR_0085,291.35,500,58.27,3,395.43,49.955,0.988,0,0,5.27,-31.86,1.5,0,0,normal,0
2026-01-01 01:24:00,CP_ANT_0063,499.63,750,66.62,2,400.83,49.974,0.997,1,0.938,10.9,38.54,3.29,0,0,normal,0
2026-01-01 14:32:00,CP_IST_0011,819.2,750,109.23,43,389.5,49.736,0.831,1,0.1,63.04,127.25,6.92,1,0,coordinated_attack,1
2026-01-01 02:26:00,CP_ANT_0061,767.94,1500,51.2,3,403.37,49.973,0.957,1,0.925,0.68,-36.3,2.17,0,0,normal,0
2026-01-01 02:12:00,CP_BUR_0092,632.49,1000,63.25,4,398.22,50.022,0.985,1,0.88,2.04,-42.59,1.6,0,0,normal,0
2026-01-01 08:47:00,CP_IST_0039,211.66,500,42.33,4,406.36,49.909,0.955,0,0,7.04,40.85,1.15,1,0,normal,0
2026-01-01 03:44:00,CP_BUR_0076,399.02,750,53.2,2,404.42,49.93,0.971,1,0.979,1.3,-39.95,3.63,0,0,normal,0
2026-01-01 02:08:00,CP_ANT_0046,496.36,1000,49.64,1,399.92,49.959,0.972,1,0.875,6.66,-5.29,3.54,0,0,normal,0
2026-01-01 03:20:00,CP_IZM_0097,216.41,500,43.28,2,404.86,49.971,0.982,0,0,8.45,14.5,3.26,0,0,normal,0
2026-01-01 09:44:00,CP_IST_0087,880.71,1500,58.71,3,400.12,50.084,0.991,0,0,2.78,24.7,3.11,0,0,normal,0
2026-01-01 08:24:00,CP_ANK_0064,228.25,500,45.65,4,396.31,49.978,0.959,0,0,1.64,-22.41,3.44,1,0,normal,0
2026-01-01 12:56:00,CP_ANK_0040,265.66,500,53.13,8,406.19,50.208,0.606,1,0.249,23.19,202.98,8.08,0,0,power_imbalance,1
2026-01-01 01:38:00,CP_ANT_0073,221.28,500,44.26,1,396.38,50.006,0.969,1,0.901,5.55,22.16,3.72,0,0,normal,0
2026-01-01 10:28:00,CP_IST_0057,850.11,1500,56.67,4,406.44,50.008,0.989,0,0,8.08,39.26,3.86,0,0,normal,0
2026-01-01 06:14:00,CP_ANK_0030,203.95,500,40.79,4,402.86,50.099,0.955,0,0,1.26,43.16,2.36,0,0,normal,0
2026-01-01 11:35:00,CP_IST_0012,497.1,750,66.28,2,407.45,49.951,0.965,1,0.938,11.01,25.25,4.24,0,0,normal,0
2026-01-01 15:14:00,CP_BUR_0036,542.92,750,72.39,15,404.82,49.858,0.941,1,-0.313,36.33,76.11,3.09,0,0,dr_manipulation,1
2026-01-01 12:20:00,CP_IST_0035,458.17,500,91.63,9,364.01,49.626,0.84,0,0.048,51.94,195.86,9.99,0,0,grid_overload,1
2026-01-01 04:23:00,CP_ANT_0085,598.18,1000,59.82,3,398.56,49.91,0.979,1,0.873,5.41,-7.24,2.03,0,0,normal,0
2026-01-01 08:00:00,CP_IST_0093,774.95,1500,51.66,5,404.65,50.0,0.998,1,0.995,0.25,-16.07,2.18,1,0,normal,0
2026-01-01 14:19:00,CP_BUR_0055,1633.1,2000,81.65,28,387.11,49.742,0.855,1,0.124,110.28,103.44,5.34,1,0,coordinated_attack,1
2026-01-01 05:18:00,CP_ANK_0024,505.08,750,67.34,3,406.33,50.009,0.98,0,0,4.41,-32.26,3.39,0,0,normal,0
2026-01-01 00:00:00,CP_ANT_0030,203.75,500,40.75,3,398.67,49.928,0.955,0,0,8.86,-46.82,1.33,0,0,normal,0
2026-01-01 10:52:00,CP_ANT_0022,661.86,1000,66.19,5,409.53,50.077,0.96,0,0,11.77,29.1,3.15,0,0,normal,0
2026-01-01 10:17:00,CP_ANT_0011,298.74,500,59.75,5,397.7,49.904,0.989,0,0,12.45,33.89,3.03,0,0,normal,0
2026-01-01 02:17:00,CP_IZM_0017,372.6,750,49.68,2,400.19,50.088,0.995,0,0,3.76,13.51,2.93,0,0,normal,0
2026-01-01 13:38:00,CP_ANT_0018,288.95,500,57.79,3,376.65,50.268,0.615,1,0.406,43.75,244.89,12.89,0,0,power_imbalance,1
2026-01-01 09:09:00,CP_ANK_0009,278.34,500,55.67,3,401.94,49.948,0.987,0,0,12.66,-8.97,4.01,0,0,normal,0
2026-01-01 13:02:00,CP_IZM_0061,318.22,500,63.64,5,426.04,49.797,0.656,1,0.306,22.13,327.66,11.23,0,0,power_imbalance,1
2026-01-01 07:55:00,CP_BUR_0005,430.99,1000,43.1,1,396.06,50.046,0.989,0,0,13.45,-35.11,3.24,1,0,normal,0
2026-01-01 08:07:00,CP_IZM_0012,332.19,750,44.29,3,402.85,49.982,0.997,0,0,8.94,21.72,3.14,1,0,normal,0
2026-01-01 15:20:00,CP_IST_0097,815.34,1000,81.53,13,397.86,50.058,0.979,1,-0.451,28.68,92.93,4.5,0,0,dr_manipulation,1
2026-01-01 01:07:00,CP_IZM_0064,459.7,750,61.29,3,403.26,50.01,0.955,0,0,6.92,-38.25,3.91,0,0,normal,0
2026-01-01 12:04:00,CP_IZM_0071,457.91,500,91.58,17,385.68,49.565,0.816,0,0.178,56.64,245.82,8.53,0,0,grid_overload,1
2026-01-01 15:23:00,CP_ANK_0096,579.41,750,77.25,9,405.07,50.086,0.917,1,-0.137,41.52,48.96,4.32,0,0,dr_manipulation,1
2026-01-01 14:27:00,CP_ANT_0069,1309.69,1500,87.31,36,383.1,49.617,0.843,1,0.118,80.44,207.07,9.44,1,0,coordinated_attack,1
2026-01-01 05:57:00,CP_ANT_0033,858.71,1500,57.25,3,397.63,50.001,0.978,0,0,5.1,-38.3,2.8,0,0,normal,0
2026-01-01 00:15:00,CP_IST_0084,709.35,1500,47.29,4,407.11,49.938,0.955,1,0.903,6.17,36.38,1.19,0,0,normal,0
2026-01-01 12:46:00,CP_IST_0062,743.22,1000,74.32,4,417.33,50.217,0.796,0,0.296,31.72,330.34,13.5,0,0,power_imbalance,1
2026-01-01 12:05:00,CP_ANK_0035,983.62,1000,98.36,13,372.0,49.525,0.831,1,0.282,48.59,140.75,9.78,0,0,grid_overload,1
2026-01-01 02:53:00,CP_BUR_0045,735.23,1500,49.02,1,403.35,50.018,0.987,0,0,9.39,-7.28,2.73,0,0,normal,0
2026-01-01 08:57:00,CP_ANT_0080,306.69,750,40.89,1,407.45,50.0,0.951,0,0,5.74,17.92,1.53,1,0,normal,0
2026-01-01 10:12:00,CP_IST_0063,545.78,1000,54.58,2,397.13,50.018,0.952,0,0,13.34,-28.44,3.87,0,0,normal,0
2026-01-01 06:26:00,CP_IZM_0008,383.56,750,51.14,1,398.73,50.0,0.984,0,0,13.96,49.7,3.19,0,0,normal,0
2026-01-01 09:12:00,CP_IZM_0053,444.97,750,59.33,1,409.46,49.997,0.951,0,0,4.71,-20.2,1.22,0,0,normal,0
2026-01-01 00:47:00,CP_BUR_0049,436.33,750,58.18,1,406.67,49.933,0.966,0,0,13.93,7.58,4.18,0,0,normal,0
2026-01-01 06:57:00,CP_IST_0030,475.3,750,63.37,1,396.97,49.905,0.999,0,0,9.08,11.24,3.09,0,0,normal,0
2026-01-01 02:27:00,CP_ANT_0066,667.02,1500,44.47,5,397.1,50.086,0.966,1,0.999,11.09,-20.08,2.18,0,0,normal,0
2026-01-01 00:35:00,CP_IZM_0080,904.03,1500,60.27,5,402.1,50.08,0.99,0,0,9.88,-21.62,3.32,0,0,normal,0
2026-01-01 12:15:00,CP_IZM_0016,772.34,750,102.98,9,372.68,49.614,0.845,0,0.101,80.74,266.35,11.1,0,0,grid_overload,1
2026-01-01 11:44:00,CP_ANT_0074,1768.02,1500,117.87,23,389.61,49.757,0.909,1,0.088,51.7,128.63,9.12,0,0,grid_overload,1
2026-01-01 05:39:00,CP_BUR_0023,347.09,500,69.42,3,396.55,50.094,0.982,0,0,12.52,-23.67,2.91,0,0,normal,0
2026-01-01 13:35:00,CP_IZM_0093,539.32,1000,53.93,9,372.22,50.02,0.706,1,0.393,22.08,173.78,13.62,0,0,power_imbalance,1
2026-01-01 00:29:00,CP_ANK_0030,447.76,1000,44.78,1,400.74,49.908,0.974,0,0,12.25,-3.97,2.07,0,0,normal,0
2026-01-01 16:13:00,CP_BUR_0084,1442.76,1500,96.18,12,404.88,49.533,0.856,2,0.145,124.44,234.33,16.72,0,0,grid_instability,1
2026-01-01 10:36:00,CP_ANK_0033,374.08,750,49.88,1,404.39,49.919,0.974,0,0,8.89,12.63,2.17,0,0,normal,0
2026-01-01 04:31:00,CP_ANT_0080,317.86,500,63.57,5,408.2,50.076,0.963,1,0.936,7.1,-32.78,2.41,0,0,normal,0
2026-01-01 15:43:00,CP_IZM_0096,507.42,750,67.66,8,439.44,49.907,0.862,2,0.498,104.89,214.84,12.54,0,0,grid_instability,1
2026-01-01 10:40:00,CP_IZM_0067,268.01,500,53.6,4,406.93,50.076,0.981,0,0,9.76,17.58,1.09,0,0,normal,0
2026-01-01 06:53:00,CP_ANK_0054,467.67,1000,46.77,3,408.46,50.031,0.954,1,0.928,10.17,37.27,3.4,0,0,normal,0
2026-01-01 05:13:00,CP_ANT_0065,345.2,750,46.03,5,405.72,50.037,0.996,0,0,14.72,15.01,4.35,0,0,normal,0
2026-01-01 03:28:00,CP_BUR_0050,300.82,500,60.16,3,396.77,49.961,0.959,0,0,7.66,-8.18,1.48,0,0,normal,0
2026-01-01 08:29:00,CP_IZM_0041,353.53,750,47.14,1,409.91,50.015,0.972,0,0,2.77,6.25,1.12,1,0,normal,0
2026-01-01 00:30:00,CP_IZM_0069,299.0,500,59.8,4,399.92,50.073,0.998,0,0,5.27,0.94,3.38,0,0,normal,0
2026-01-01 13:12:00,CP_ANT_0022,1174.5,1500,78.3,5,408.06,50.083,0.716,0,0.266,49.37,255.04,11.82,0,0,power_imbalance,1
2026-01-01 01:52:00,CP_ANT_0088,433.88,750,57.85,1,399.64,49.975,0.99,0,0,10.05,32.9,3.59,0,0,normal,0
2026-01-01 06:13:00,CP_ANT_0061,218.76,500,43.75,2,404.93,50.088,0.985,0,0,3.16,-10.3,1.33,0,0,normal,0
2026-01-01 14:05:00,CP_ANK_0067,778.26,750,103.77,45,390.72,49.859,0.832,1,0.117,105.97,201.88,8.51,1,0,coordinated_attack,1
2026-01-01 11:24:00,CP_ANK_0088,625.17,1000,62.52,2,407.7,49.966,0.962,0,0,13.6,16.5,1.87,0,0,normal,0
2026-01-01 14:57:00,CP_ANK_0069,649.96,750,86.66,8,387.4,49.966,0.931,1,-0.399,45.94,33.58,6.56,0,0,dr_manipulation,1
2026-01-01 12:19:00,CP_ANK_0091,1743.4,1500,116.23,25,384.35,49.533,0.853,1,0.049,61.22,186.79,8.16,0,0,grid_overload,1
2026-01-01 02:58:00,CP_IST_0060,389.24,750,51.9,2,403.28,50.055,0.969,0,0,4.63,-14.04,4.09,0,0,normal,0
2026-01-01 02:56:00,CP_BUR_0028,311.6,750,41.55,4,405.11,50.021,0.994,0,0,12.07,8.76,3.35,0,0,normal,0
2026-01-01 07:09:00,CP_ANK_0023,312.39,750,41.65,3,395.55,50.071,0.983,0,0,4.97,-41.23,1.38,1,0,normal,0
2026-01-01 02:41:00,CP_IST_0086,515.07,1000,51.51,4,406.31,50.091,0.965,0,0,3.92,-14.04,1.83,0,0,normal,0
2026-01-01 07:04:00,CP_IZM_0058,498.57,750,66.48,1,398.75,50.038,0.995,0,0,10.78,-37.65,1.4,1,0,normal,0
2026-01-01 10:32:00,CP_IST_0087,314.71,750,41.96,2,406.19,49.925,0.997,0,0,13.22,22.89,1.96,0,0,normal,0
2026-01-01 06:20:00,CP_IST_0024,227.36,500,45.47,3,396.66,49.991,0.973,1,0.878,0.29,-45.04,2.87,0,0,normal,0
2026-01-01 14:39:00,CP_ANK_0064,893.01,1000,89.3,20,378.29,49.783,0.851,1,0.013,76.18,210.22,6.38,1,0,coordinated_attack,1
2026-01-01 11:16:00,CP_ANK_0009,945.2,1500,63.01,2,400.62,49.948,0.955,1,0.854,0.22,32.05,3.38,0,0,normal,0
2026-01-01 13:42:00,CP_ANT_0058,1524.26,1500,101.62,34,391.26,49.797,0.905,1,0.021,71.71,235.84,6.93,1,0,coordinated_attack,1
2026-01-01 10:10:00,CP_ANT_0021,970.72,1500,64.71,2,402.59,49.997,0.973,0,0,10.42,-4.46,1.11,0,0,normal,0
2026-01-01 01:02:00,CP_ANT_0074,796.99,1500,53.13,5,395.6,49.986,0.966,0,0,0.39,-27.11,3.36,0,0,normal,0
2026-01-01 00:39:00,CP_IZM_0032,685.01,1000,68.5,4,404.19,50.044,0.975,1,0.985,11.15,-2.53,1.91,0,0,normal,0
2026-01-01 08:01:00,CP_ANK_0095,653.18,1500,43.55,5,401.88,50.036,0.994,0,0,11.12,-26.7,1.25,1,0,normal,0
2026-01-01 11:51:00,CP_ANK_0043,958.11,1000,95.81,11,368.2,49.754,0.869,0,0.149,82.25,175.34,11.89,0,0,grid_overload,1
2026-01-01 15:58:00,CP_IST_0038,500.97,1500,33.4,11,353.59,50.515,0.815,0,0.545,162.37,13.55,10.71,0,0,grid_instability,1
2026-01-01 02:39:00,CP_ANK_0087,722.78,1500,48.19,1,399.96,50.046,0.982,0,0,0.21,-16.29,2.03,0,0,normal,0
2026-01-01 08:51:00,CP_IZM_0047,790.84,1500,52.72,5,398.41,49.923,0.999,0,0,6.99,1.97,2.74,1,0,normal,0
2026-01-01 02:11:00,CP_IST_0072,419.13,750,55.88,4,399.72,49.956,0.998,0,0,11.04,-0.1,2.35,0,0,normal,0
2026-01-01 00:09:00,CP_IZM_0093,302.04,500,60.41,1,405.23,50.007,0.963,0,0,1.67,-6.52,2.59,0,0,normal,0
2026-01-01 15:24:00,CP_IST_0089,623.32,750,83.11,13,385.25,49.925,0.895,1,-0.46,59.19,58.07,3.75,0,0,dr_manipulation,1
2026-01-01 03:01:00,CP_IST_0086,675.71,1500,45.05,3,397.54,50.044,0.974,0,0,7.86,33.91,1.26,0,0,normal,0
2026-01-01 04:14:00,CP_ANT_0051,417.87,1000,41.79,2,403.8,50.083,0.989,0,0,14.41,-12.64,4.3,0,0,normal,0
2026-01-01 02:24:00,CP_ANT_0073,728.59,1500,48.57,1,407.71,49.986,0.994,0,0,11.46,-13.41,2.4,0,0,normal,0
2026-01-01 00:46:00,CP_IZM_0099,342.44,500,68.49,2,407.59,50.024,0.962,1,0.95,8.46,-28.2,3.45,0,0,normal,0
2026-01-01 05:31:00,CP_ANT_0037,890.1,1500,59.34,1,399.36,49.913,0.955,1,0.993,5.36,17.13,1.82,0,0,normal,0
2026-01-01 11:02:00,CP_ANK_0018,467.65,1000,46.76,4,405.29,49.981,0.989,0,0,4.89,-47.68,3.75,0,0,normal,0
2026-01-01 12:27:00,CP_IZM_0017,1167.97,1000,116.8,11,372.93,49.576,0.859,1,0.091,45.81,102.73,9.31,0,0,grid_overload,1
2026-01-01 04:41:00,CP_ANT_0008,628.73,1500,41.92,3,404.61,50.072,0.963,0,0,2.83,1.73,1.84,0,0,normal,0
2026-01-01 12:51:00,CP_IST_0019,1079.89,1500,71.99,9,392.3,50.121,0.733,0,0.343,37.82,189.54,9.03,0,0,power_imbalance,1
2026-01-01 08:02:00,CP_BUR_0013,894.22,1500,59.61,4,408.61,50.024,0.962,0,0,0.22,13.27,4.17,1,0,normal,0
2026-01-01 14:35:00,CP_IZM_0087,1506.04,1500,100.4,42,395.97,49.835,0.913,1,0.15,132.67,174.06,9.76,1,0,coordinated_attack,1
2026-01-01 10:59:00,CP_ANK_0098,402.56,1000,40.26,3,399.23,49.969,1.0,1,0.973,11.37,-48.81,3.29,0,0,normal,0
2026-01-01 14:56:00,CP_IST_0078,724.87,1000,72.49,10,389.14,49.886,0.929,1,-0.366,30.93,114.53,4.04,0,0,dr_manipulation,1
2026-01-01 01:26:00,CP_IST_0003,259.72,500,51.94,2,409.52,50.09,0.991,0,0,9.94,14.17,3.09,0,0,normal,0
2026-01-01 11:58:00,CP_BUR_0074,1071.32,1000,107.13,22,371.02,49.536,0.81,1,0.192,94.51,144.99,9.52,0,0,grid_overload,1
2026-01-01 03:54:00,CP_ANT_0005,466.68,750,62.22,1,395.66,50.073,0.962,1,0.905,13.8,-32.1,4.36,0,0,normal,0
2026-01-01 05:07:00,CP_ANK_0085,647.59,1000,64.76,2,407.66,49.966,0.988,1,0.957,5.45,-4.75,1.34,0,0,normal,0
2026-01-01 11:07:00,CP_ANT_0052,435.83,750,58.11,3,403.81,50.0,0.984,0,0,3.03,49.11,2.56,0,0,normal,0
2026-01-01 07:24:00,CP_ANK_0074,202.29,500,40.46,5,403.39,49.92,0.977,0,0,4.07,44.33,3.81,1,0,normal,0
2026-01-01 01:06:00,CP_IST_0016,586.79,1000,58.68,4,404.38,50.052,0.96,0,0,13.92,-6.19,3.44,0,0,normal,0
2026-01-01 05:17:00,CP_BUR_0100,338.97,500,67.79,4,401.25,50.058,0.984,0,0,0.19,-24.87,3.17,0,0,normal,0
2026-01-01 16:21:00,CP_BUR_0038,961.35,1000,96.14,7,401.09,49.727,0.878,2,0.247,169.25,212.79,8.61,0,0,grid_instability,1
2026-01-01 13:41:00,CP_ANT_0076,582.23,750,77.63,46,371.81,49.604,0.842,1,0.164,76.91,97.77,6.04,1,0,coordinated_attack,1
2026-01-01 01:42:00,CP_ANT_0055,412.56,750,55.01,3,396.08,50.072,0.952,0,0,6.9,-42.21,2.1,0,0,normal,0
2026-01-01 06:49:00,CP_IZM_0085,238.32,500,47.66,1,399.26,50.058,0.981,0,0,6.97,44.52,1.23,0,0,normal,0
2026-01-01 07:10:00,CP_BUR_0048,583.33,1000,58.33,5,403.58,50.012,0.998,0,0,13.97,-40.69,2.05,1,0,normal,0
2026-01-01 13:22:00,CP_IZM_0099,596.27,750,79.5,8,381.19,50.092,0.644,0,0.361,27.36,345.01,13.5,0,0,power_imbalance,1
2026-01-01 00:07:00,CP_BUR_0066,359.6,750,47.95,2,406.17,50.008,0.987,1,0.985,5.99,-28.07,4.49,0,0,normal,0
2026-01-01 15:42:00,CP_BUR_0075,727.77,1500,48.52,17,381.96,49.809,0.893,2,0.325,155.72,274.28,7.4,0,0,grid_instability,1
2026-01-01 07:47:00,CP_ANT_0019,779.44,1500,51.96,3,402.14,50.09,0.996,0,0,5.7,20.56,2.66,1,0,normal,0
2026-01-01 01:54:00,CP_BUR_0077,244.37,500,48.87,1,402.62,50.008,0.987,0,0,9.93,37.64,3.16,0,0,normal,0
2026-01-01 08:40:00,CP_BUR_0081,217.9,500,43.58,3,402.4,50.094,0.98,0,0,8.72,6.56,4.04,1,0,normal,0
2026-01-01 16:03:00,CP_ANT_0006,589.48,750,78.6,3,383.68,49.962,0.89,1,0.237,162.66,-16.43,12.52,0,0,grid_instability,1
2026-01-01 08:09:00,CP_IZM_0047,946.65,1500,63.11,2,399.15,49.939,0.99,1,0.925,2.4,42.27,1.19,1,0,normal,0
2026-01-01 06:08:00,CP_IST_0081,735.02,1500,49.0,5,407.88,49.91,0.955,0,0,0.9,31.38,2.67,0,0,normal,0
2026-01-01 08:39:00,CP_ANK_0089,318.68,500,63.74,2,398.94,50.091,0.992,1,0.869,9.99,-21.23,1.63,1,0,normal,0
2026-01-01 01:32:00,CP_ANT_0099,514.27,1000,51.43,5,402.96,49.991,0.98,0,0,11.9,-38.56,3.29,0,0,normal,0
2026-01-01 03:35:00,CP_IZM_0008,372.82,750,49.71,3,399.34,49.953,0.993,0,0,2.03,25.01,2.44,0,0,normal,0
2026-01-01 15:08:00,CP_ANT_0022,1147.76,1500,76.52,6,391.71,50.018,0.914,1,-0.009,35.8,66.88,5.29,0,0,dr_manipulation,1
2026-01-01 07:05:00,CP_ANT_0043,278.57,500,55.71,4,405.9,50.095,0.981,0,0,5.68,-11.94,3.69,1,0,normal,0
2026-01-01 05:24:00,CP_BUR_0069,518.62,750,69.15,5,403.0,50.025,0.961,0,0,12.97,-7.58,1.36,0,0,normal,0
2026-01-01 12:47:00,CP_IZM_0078,336.68,500,67.34,7,378.68,49.894,0.626,1,0.306,34.83,270.32,14.81,0,0,power_imbalance,1
2026-01-01 06:06:00,CP_BUR_0072,656.3,1000,65.63,3,401.76,50.014,0.999,0,0,12.21,22.08,3.81,0,0,normal,0
2026-01-01 10:19:00,CP_ANT_0008,346.97,500,69.39,5,397.52,49.929,0.963,0,0,2.31,45.22,3.38,0,0,normal,0
2026-01-01 12:38:00,CP_ANT_0051,1370.29,1500,91.35,13,384.47,49.553,0.868,0,0.194,41.26,132.58,7.07,0,0,grid_overload,1
2026-01-01 08:20:00,CP_IZM_0066,609.42,1000,60.94,5,403.14,50.059,0.989,0,0,9.31,-16.43,4.26,1,0,normal,0
2026-01-01 02:03:00,CP_IST_0085,258.57,500,51.71,4,395.65,49.977,0.969,0,0,5.36,-43.24,1.84,0,0,normal,0
2026-01-01 03:34:00,CP_IZM_0069,658.31,1000,65.83,5,404.49,49.933,0.957,0,0,12.2,30.54,3.0,0,0,normal,0
2026-01-01 12:54:00,CP_BUR_0029,712.81,1000,71.28,9,425.89,49.863,0.618,1,0.493,23.75,202.97,12.33,0,0,power_imbalance,1
2026-01-01 02:46:00,CP_ANK_0096,659.37,1500,43.96,4,401.85,49.912,0.973,0,0,10.85,-10.41,3.86,0,0,normal,0
2026-01-01 02:04:00,CP_BUR_0092,440.02,1000,44.0,3,403.19,50.063,0.959,1,0.997,7.18,-31.77,1.47,0,0,normal,0
2026-01-01 08:48:00,CP_ANT_0036,317.36,500,63.47,5,398.08,50.08,0.959,0,0,0.44,-35.44,3.61,1,0,normal,0
2026-01-01 12:21:00,CP_IST_0015,1531.76,1500,102.12,23,383.99,49.714,0.839,1,0.151,95.41,268.61,8.33,0,0,grid_overload,1
2026-01-01 09:52:00,CP_IZM_0087,754.73,1500,50.32,2,402.61,50.018,0.984,1,0.87,4.4,21.14,4.36,0,0,normal,0
2026-01-01 08:38:00,CP_ANK_0060,341.85,750,45.58,4,399.34,49.998,0.991,0,0,12.52,-19.61,2.96,1,0,normal,0
2026-01-01 02:59:00,CP_ANT_0075,942.73,1500,62.85,3,408.71,49.974,0.971,0,0,11.12,-48.38,2.94,0,0,normal,0
2026-01-01 01:35:00,CP_BUR_0085,759.12,1500,50.61,4,408.02,50.044,0.998,0,0,5.27,7.79,1.74,0,0,normal,0
2026-01-01 02:07:00,CP_ANT_0024,411.65,750,54.89,4,400.51,50.059,0.963,0,0,10.91,-42.11,3.11,0,0,normal,0
2026-01-01 10:04:00,CP_ANK_0044,205.55,500,41.11,3,400.85,50.044,0.994,0,0,3.21,1.17,2.09,0,0,normal,0
2026-01-01 13:30:00,CP_ANT_0083,502.61,750,67.01,8,423.87,50.192,0.69,0,0.487,27.59,252.45,12.23,0,0,power_imbalance,1
2026-01-01 13:09:00,CP_IZM_0026,1142.08,1500,76.14,6,410.18,49.856,0.766,0,0.468,32.86,390.84,10.08,0,0,power_imbalance,1
2026-01-01 03:30:00,CP_IST_0022,329.83,500,65.97,1,402.27,49.939,0.969,1,0.911,7.38,21.01,2.55,0,0,normal,0
2026-01-01 16:07:00,CP_IZM_0097,582.06,1000,58.21,20,437.1,50.184,0.84,1,0.142,169.76,138.32,10.34,0,0,grid_instability,1
2026-01-01 06:48:00,CP_ANT_0049,249.78,500,49.96,5,398.18,50.009,0.988,1,0.943,14.88,19.51,3.34,0,0,normal,0
2026-01-01 07:29:00,CP_IZM_0014,650.8,1500,43.39,4,401.92,49.934,0.988,0,0,7.62,-9.43,3.5,1,0,normal,0
2026-01-01 07:37:00,CP_BUR_0063,651.99,1000,65.2,2,399.33,50.075,0.956,0,0,1.08,-48.43,3.52,1,0,normal,0
2026-01-01 00:50:00,CP_BUR_0036,584.77,1000,58.48,5,406.62,49.993,0.991,0,0,4.83,-25.45,4.27,0,0,normal,0
2026-01-01 06:29:00,CP_ANT_0034,619.72,1000,61.97,3,408.01,50.02,0.993,0,0,1.03,-34.5,2.03,0,0,normal,0
2026-01-01 13:50:00,CP_IZM_0073,987.72,1000,98.77,15,387.82,49.891,0.878,1,0.098,82.28,98.6,9.09,1,0,coordinated_attack,1
2026-01-01 14:45:00,CP_ANT_0074,432.13,500,86.43,8,394.53,50.099,0.888,1,-0.454,57.74,50.21,5.01,0,0,dr_manipulation,1
2026-01-01 12:41:00,CP_IZM_0021,393.64,500,78.73,4,402.54,50.191,0.771,0,0.261,34.41,290.71,11.11,0,0,power_imbalance,1
2026-01-01 07:34:00,CP_ANT_0079,688.05,1500,45.87,3,399.5,50.059,0.984,1,0.958,13.73,49.03,3.04,1,0,normal,0
2026-01-01 14:03:00,CP_IST_0038,1561.9,2000,78.1,23,388.46,49.691,0.844,1,0.102,71.45,172.36,7.83,1,0,coordinated_attack,1
2026-01-01 06:24:00,CP_IST_0028,447.58,1000,44.76,1,406.17,50.01,0.956,1,0.946,2.98,38.75,4.02,0,0,normal,0
2026-01-01 02:06:00,CP_IZM_0050,364.37,750,48.58,1,407.99,49.966,0.956,0,0,6.55,-10.0,2.54,0,0,normal,0
2026-01-01 07:30:00,CP_ANK_0044,318.86,500,63.77,5,401.91,50.018,0.962,0,0,8.22,47.39,2.34,1,0,normal,0
2026-01-01 02:20:00,CP_IZM_0092,481.05,750,64.14,4,399.46,49.915,0.953,1,0.912,6.97,-15.98,1.5,0,0,normal,0
2026-01-01 00:27:00,CP_ANK_0080,509.4,1000,50.94,1,408.48,49.942,0.962,0,0,5.31,5.99,4.06,0,0,normal,0
2026-01-01 14:14:00,CP_ANK_0042,1431.86,1500,95.46,40,372.03,49.609,0.893,1,0.046,119.87,164.9,8.4,1,0,coordinated_attack,1
2026-01-01 16:32:00,CP_IZM_0028,416.15,500,83.23,11,358.51,50.507,0.786,2,0.369,101.92,250.46,15.39,0,0,grid_instability,1
2026-01-01 03:42:00,CP_IST_0014,416.87,750,55.58,4,395.14,50.039,0.991,1,0.954,7.17,-27.11,1.31,0,0,normal,0
2026-01-01 03:58:00,CP_IZM_0095,333.88,750,44.52,4,395.36,50.008,0.982,0,0,14.26,-49.85,3.3,0,0,normal,0
2026-01-01 04:37:00,CP_ANK_0029,503.27,1000,50.33,3,406.23,50.038,0.964,1,0.857,12.81,27.98,1.75,0,0,normal,0
2026-01-01 07:14:00,CP_ANK_0002,203.6,500,40.72,1,406.06,49.941,0.981,1,0.912,5.01,6.04,3.23,1,0,normal,0
2026-01-01 02:47:00,CP_ANK_0024,206.79,500,41.36,3,405.51,50.008,0.953,0,0,14.79,-2.79,2.0,0,0,normal,0
2026-01-01 05:10:00,CP_BUR_0075,315.82,500,63.16,4,401.86,50.018,0.975,1,0.851,11.04,5.32,2.51,0,0,normal,0
2026-01-01 03:26:00,CP_ANT_0041,319.93,500,63.99,5,397.8,49.965,0.973,0,0,10.06,-1.05,4.38,0,0,normal,0
2026-01-01 03:33:00,CP_ANT_0095,366.98,750,48.93,1,401.75,49.97,0.991,1,0.98,1.76,31.19,1.73,0,0,normal,0
2026-01-01 11:13:00,CP_ANK_0013,630.71,1500,42.05,5,404.86,50.043,0.972,1,0.973,12.62,-32.94,1.06,0,0,normal,0
2026-01-01 03:55:00,CP_ANK_0007,701.03,1500,46.74,2,401.24,50.044,0.964,0,0,8.57,-38.06,3.36,0,0,normal,0
2026-01-01 05:22:00,CP_BUR_0015,1048.48,1500,69.9,1,396.72,49.969,0.962,0,0,14.38,18.26,2.12,0,0,normal,0
2026-01-01 05:35:00,CP_BUR_0070,333.82,500,66.76,5,404.47,50.063,0.979,0,0,13.59,5.16,2.9,0,0,normal,0
2026-01-01 01:10:00,CP_BUR_0091,804.91,1500,53.66,3,408.04,50.096,0.962,1,0.885,11.63,-45.64,3.61,0,0,normal,0
2026-01-01 05:56:00,CP_BUR_0025,310.54,500,62.11,1,408.79,50.01,0.986,0,0,5.21,31.55,1.79,0,0,normal,0
2026-01-01 09:13:00,CP_IZM_0068,259.53,500,51.91,2,398.54,50.014,0.975,0,0,7.83,32.9,4.32,0,0,normal,0
2026-01-01 02:10:00,CP_IST_0098,315.13,750,42.02,3,400.43,50.09,0.952,0,0,10.19,44.88,2.3,0,0,normal,0
2026-01-01 13:18:00,CP_ANT_0095,751.55,1000,75.15,9,410.4,49.702,0.782,0,0.205,24.6,243.6,13.72,0,0,power_imbalance,1
2026-01-01 00:40:00,CP_BUR_0030,882.04,1500,58.8,3,401.6,50.043,0.962,0,0,4.8,4.02,1.48,0,0,normal,0
2026-01-01 10:16:00,CP_IST_0065,296.59,500,59.32,1,397.89,50.024,0.979,0,0,14.36,2.18,3.63,0,0,normal,0
2026-01-01 09:06:00,CP_BUR_0068,962.07,1500,64.14,5,406.14,49.918,0.992,0,0,8.88,-22.66,2.98,0,0,normal,0
2026-01-01 00:26:00,CP_IST_0017,852.41,1500,56.83,1,396.13,50.077,0.995,0,0,12.52,8.25,1.52,0,0,normal,0
2026-01-01 01:43:00,CP_IST_0047,919.27,1500,61.28,4,399.34,49.981,0.998,0,0,12.02,11.81,3.91,0,0,normal,0
2026-01-01 03:05:00,CP_IST_0008,522.8,750,69.71,2,399.5,50.066,0.954,0,0,1.4,-12.07,2.93,0,0,normal,0
2026-01-01 05:15:00,CP_IZM_0008,203.79,500,40.76,2,395.8,49.911,0.963,0,0,14.75,18.34,1.51,0,0,normal,0
2026-01-01 03:31:00,CP_ANT_0064,319.38,500,63.88,2,399.38,49.955,0.977,0,0,11.71,6.57,3.7,0,0,normal,0
2026-01-01 02:31:00,CP_IZM_0070,416.7,750,55.56,5,399.88,50.032,0.976,0,0,14.35,-4.03,2.87,0,0,normal,0
2026-01-01 16:19:00,CP_BUR_0038,642.67,750,85.69,8,373.81,49.762,0.873,1,0.55,138.99,10.13,9.86,0,0,grid_instability,1
2026-01-01 03:13:00,CP_IZM_0018,243.78,500,48.76,4,406.69,50.045,0.978,0,0,8.58,-33.04,2.33,0,0,normal,0
2026-01-01 02:36:00,CP_ANT_0084,391.55,750,52.21,4,402.16,49.94,0.998,0,0,4.28,-44.08,3.69,0,0,normal,0
2026-01-01 09:50:00,CP_ANT_0041,831.01,1500,55.4,5,409.03,50.081,0.993,0,0,10.71,2.83,2.48,0,0,normal,0
2026-01-01 12:12:00,CP_ANT_0055,438.42,500,87.68,15,388.35,49.55,0.807,1,0.166,69.57,274.87,11.77,0,0,grid_overload,1
2026-01-01 06:03:00,CP_ANT_0005,682.29,1500,45.49,5,399.2,49.944,0.979,0,0,7.89,-7.68,4.29,0,0,normal,0
2026-01-01 14:40:00,CP_IST_0041,643.19,750,85.76,8,406.78,49.997,0.903,1,-0.107,31.45,75.6,4.76,0,0,dr_manipulation,1
2026-01-01 14:01:00,CP_IST_0056,1196.24,1500,79.75,50,375.99,49.691,0.85,1,0.185,101.5,111.17,8.91,1,0,coordinated_attack,1
2026-01-01 16:31:00,CP_ANK_0021,404.1,750,53.88,19,395.28,50.176,0.728,0,0.344,118.3,338.46,12.18,0,0,grid_instability,1
2026-01-01 03:25:00,CP_ANT_0009,613.14,1500,40.88,5,408.25,49.99,0.971,0,0,10.57,-29.42,3.63,0,0,normal,0
2026-01-01 11:21:00,CP_ANT_0003,250.27,500,50.05,5,408.68,49.99,0.976,0,0,7.55,20.46,1.05,0,0,normal,0
2026-01-01 11:09:00,CP_IST_0051,875.86,1500,58.39,2,401.23,49.936,0.981,1,0.919,13.66,-31.66,2.99,0,0,normal,0
2026-01-01 07:48:00,CP_ANT_0056,605.34,1500,40.36,4,400.73,49.963,0.977,0,0,1.46,3.13,2.24,1,0,normal,0
2026-01-01 09:05:00,CP_IZM_0007,438.34,750,58.44,3,409.54,49.94,0.982,0,0,12.61,3.58,2.01,0,0,normal,0
2026-01-01 15:35:00,CP_ANK_0091,1233.86,1500,82.26,13,403.75,49.994,0.935,1,-0.438,37.93,85.16,5.85,0,0,dr_manipulation,1
2026-01-01 13:06:00,CP_ANK_0063,799.1,1500,53.27,5,413.91,50.25,0.784,1,0.26,29.86,229.32,14.98,0,0,power_imbalance,1
2026-01-01 11:30:00,CP_BUR_0063,632.37,1500,42.16,2,405.72,49.939,0.996,0,0,0.19,0.07,3.54,0,0,normal,0
2026-01-01 09:58:00,CP_IST_0099,929.65,1500,61.98,1,397.31,49.973,0.991,0,0,12.73,-6.09,2.46,0,0,normal,0
2026-01-01 03:48:00,CP_BUR_0008,563.91,1000,56.39,2,406.44,50.091,0.989,0,0,8.81,-48.62,1.76,0,0,normal,0
2026-01-01 16:04:00,CP_IZM_0082,1405.23,1500,93.68,11,374.54,49.87,0.705,1,0.429,112.97,108.1,15.69,0,0,grid_instability,1
2026-01-01 02:34:00,CP_ANT_0079,677.2,1000,67.72,3,406.21,49.943,0.991,0,0,14.0,19.62,1.48,0,0,normal,0
2026-01-01 15:54:00,CP_IZM_0011,374.61,750,49.95,14,410.77,49.973,0.765,1,0.19,127.79,132.81,8.17,0,0,grid_instability,1
2026-01-01 05:30:00,CP_ANT_0007,392.85,750,52.38,5,397.14,49.937,0.981,0,0,2.91,-31.86,3.8,0,0,normal,0
2026-01-01 03:50:00,CP_ANT_0059,517.22,1000,51.72,1,399.65,49.987,0.998,0,0,0.87,-41.38,2.52,0,0,normal,0
2026-01-01 00:08:00,CP_ANT_0033,313.37,500,62.67,1,397.29,49.932,0.984,0,0,5.77,9.59,2.64,0,0,normal,0
2026-01-01 00:19:00,CP_ANK_0068,366.76,750,48.9,1,403.69,50.008,0.987,0,0,0.75,-2.32,4.22,0,0,normal,0
2026-01-01 06:39:00,CP_ANT_0052,321.21,750,42.83,4,400.33,49.928,0.968,0,0,3.49,31.11,1.32,0,0,normal,0
2026-01-01 14:08:00,CP_ANT_0022,1556.39,1500,103.76,43,395.78,49.785,0.863,1,0.127,76.63,219.15,8.29,1,0,coordinated_attack,1
2026-01-01 10:38:00,CP_IZM_0008,860.52,1500,57.37,1,409.62,50.083,0.969,0,0,11.74,-43.8,3.81,0,0,normal,0
2026-01-01 00:06:00,CP_BUR_0083,520.35,1000,52.03,1,398.16,50.089,0.994,0,0,3.19,-0.08,4.1,0,0,normal,0
2026-01-01 05:00:00,CP_BUR_0073,891.98,1500,59.47,2,396.7,50.039,0.953,0,0,1.56,41.12,2.69,0,0,normal,0
2026-01-01 15:30:00,CP_ANK_0028,630.03,750,84.0,12,404.35,50.012,0.915,1,0.003,36.09,37.04,5.42,0,0,dr_manipulation,1
2026-01-01 06:51:00,CP_ANK_0051,227.96,500,45.59,5,409.5,50.012,0.986,0,0,3.71,2.94,2.17,0,0,normal,0
2026-01-01 00:21:00,CP_ANK_0051,292.91,500,58.58,4,404.86,50.013,0.966,0,0,3.06,21.62,1.84,0,0,normal,0
2026-01-01 07:22:00,CP_ANT_0003,246.65,500,49.33,1,405.31,50.019,0.954,1,0.983,1.55,26.62,3.61,1,0,normal,0
2026-01-01 13:59:00,CP_BUR_0032,1083.79,1000,108.38,32,374.28,49.82,0.863,1,0.184,86.17,85.46,9.66,1,0,coordinated_attack,1
2026-01-01 12:37:00,CP_IST_0062,851.92,750,113.59,15,369.73,49.561,0.876,1,0.047,53.9,245.26,8.21,0,0,grid_overload,1
2026-01-01 11:49:00,CP_ANT_0017,1183.92,1000,118.39,8,369.32,49.677,0.823,1,0.294,59.18,173.0,10.08,0,0,grid_overload,1
2026-01-01 15:21:00,CP_ANK_0063,622.49,750,83.0,7,389.15,49.931,0.977,1,-0.477,39.85,45.36,6.21,0,0,dr_manipulation,1
2026-01-01 09:00:00,CP_ANT_0021,793.81,1500,52.92,3,405.74,49.997,0.955,1,0.949,10.28,7.22,2.67,0,0,normal,0
2026-01-01 07:44:00,CP_ANK_0076,327.72,500,65.54,3,398.78,50.023,0.964,0,0,0.21,-38.85,1.61,1,0,normal,0
2026-01-01 05:47:00,CP_ANT_0098,834.92,1500,55.66,3,408.12,50.04,0.971,1,0.968,5.72,8.9,3.59,0,0,normal,0
2026-01-01 09:49:00,CP_BUR_0063,250.08,500,50.02,1,404.46,50.043,0.999,1,0.961,8.94,5.43,2.02,0,0,normal,0
2026-01-01 11:03:00,CP_IZM_0014,570.46,1000,57.05,5,408.71,50.015,0.97,1,0.881,5.86,3.45,1.66,0,0,normal,0
2026-01-01 03:06:00,CP_ANT_0089,318.6,750,42.48,4,404.67,49.966,0.999,0,0,13.42,41.92,1.8,0,0,normal,0
2026-01-01 15:06:00,CP_IST_0031,865.15,1000,86.52,11,402.42,50.011,0.957,1,-0.21,53.17,74.03,4.65,0,0,dr_manipulation,1
2026-01-01 05:38:00,CP_IST_0059,412.13,1000,41.21,4,398.48,49.953,0.962,0,0,7.77,29.15,2.36,0,0,normal,0
2026-01-01 11:06:00,CP_BUR_0091,522.66,750,69.69,2,403.05,49.996,0.953,0,0,1.95,-29.43,2.51,0,0,normal,0
2026-01-01 02:35:00,CP_ANT_0001,354.55,750,47.27,5,398.39,49.947,0.955,0,0,10.76,-39.95,3.7,0,0,normal,0
2026-01-01 16:25:00,CP_ANT_0071,443.99,500,88.8,18,430.83,50.338,0.791,0,0.299,91.86,48.28,7.74,0,0,grid_instability,1
2026-01-01 07:42:00,CP_ANT_0039,858.28,1500,57.22,3,401.32,50.092,0.99,0,0,2.51,19.51,3.09,1,0,normal,0
2026-01-01 07:56:00,CP_ANT_0009,445.48,1000,44.55,3,408.57,50.015,0.976,1,0.922,6.06,22.78,3.84,1,0,normal,0
2026-01-01 04:43:00,CP_ANK_0072,377.21,750,50.3,2,405.29,50.028,0.974,0,0,7.61,34.54,3.94,0,0,normal,0
2026-01-01 13:57:00,CP_BUR_0007,1452.49,1500,96.83,25,379.11,49.686,0.9,1,0.003,63.69,128.11,7.97,1,0,coordinated_attack,1
2026-01-01 07:21:00,CP_IST_0067,442.99,1000,44.3,1,407.33,50.088,0.984,0,0,3.08,-46.34,2.36,1,0,normal,0
2026-01-01 11:40:00,CP_IZM_0048,441.95,500,88.39,24,383.75,49.613,0.862,1,0.28,68.39,167.41,8.58,0,0,grid_overload,1
2026-01-01 13:05:00,CP_ANT_0060,273.18,500,54.64,4,387.44,49.795,0.68,0,0.267,46.22,317.29,10.44,0,0,power_imbalance,1
2026-01-01 01:14:00,CP_ANT_0053,674.86,1500,44.99,3,408.55,49.909,0.99,0,0,5.38,-6.93,1.85,0,0,normal,0
2026-01-01 12:49:00,CP_IZM_0045,533.2,750,71.09,6,391.7,49.822,0.77,1,0.368,48.73,380.23,8.42,0,0,power_imbalance,1
2026-01-01 03:15:00,CP_ANT_0084,403.02,750,53.74,2,399.57,50.09,0.967,1,0.971,4.94,-16.53,3.85,0,0,normal,0
2026-01-01 11:05:00,CP_BUR_0053,727.72,1500,48.51,2,399.37,50.005,0.973,0,0,7.78,-32.82,4.01,0,0,normal,0
2026-01-01 10:24:00,CP_IZM_0077,200.15,500,40.03,4,409.42,50.024,0.983,0,0,0.01,43.35,2.69,0,0,normal,0
2026-01-01 16:12:00,CP_IST_0065,583.76,750,77.83,5,384.5,50.214,0.944,1,0.194,83.48,0.89,13.71,0,0,grid_instability,1
2026-01-01 09:47:00,CP_IST_0055,891.88,1500,59.46,2,401.54,50.025,0.99,0,0,1.29,26.97,1.52,0,0,normal,0
2026-01-01 01:29:00,CP_BUR_0014,404.73,1000,40.47,3,395.79,50.048,0.976,0,0,7.14,27.8,2.8,0,0,normal,0
2026-01-01 14:31:00,CP_ANK_0048,1993.85,2000,99.69,46,378.39,49.661,0.834,1,0.195,80.75,206.12,6.05,1,0,coordinated_attack,1
2026-01-01 14:26:00,CP_IST_0057,1977.36,2000,98.87,16,386.57,49.616,0.897,1,0.139,98.67,152.56,5.69,1,0,coordinated_attack,1
2026-01-01 08:45:00,CP_ANT_0077,262.6,500,52.52,1,396.75,49.926,0.951,0,0,4.67,-13.74,3.86,1,0,normal,0
2026-01-01 15:36:00,CP_IST_0079,540.53,750,72.07,7,386.4,49.991,0.886,1,-0.442,44.04,118.51,3.78,0,0,dr_manipulation,1
2026-01-01 02:42:00,CP_ANT_0048,738.06,1500,49.2,4,405.29,50.085,0.994,0,0,10.35,13.87,4.29,0,0,normal,0
2026-01-01 09:04:00,CP_IZM_0098,347.86,500,69.57,4,403.56,49.964,0.955,1,0.865,10.13,-16.4,2.76,0,0,normal,0
2026-01-01 01:55:00,CP_BUR_0097,336.51,750,44.87,5,407.14,49.933,0.972,1,0.905,10.79,46.96,3.14,0,0,normal,0
2026-01-01 13:19:00,CP_BUR_0082,600.53,1000,60.05,9,384.51,50.284,0.639,1,0.449,44.04,294.46,8.9,0,0,power_imbalance,1
2026-01-01 09:31:00,CP_IST_0057,555.09,1000,55.51,4,408.39,49.963,1.0,0,0,8.34,42.29,3.23,0,0,normal,0
2026-01-01 01:34:00,CP_IST_0043,213.68,500,42.74,1,396.4,49.919,0.987,0,0,8.35,8.65,2.97,0,0,normal,0
2026-01-01 09:38:00,CP_ANT_0040,327.85,500,65.57,2,400.83,49.98,0.982,0,0,1.81,-0.92,2.51,0,0,normal,0
2026-01-01 01:17:00,CP_ANT_0002,984.0,1500,65.6,1,398.56,50.014,0.979,0,0,0.33,33.0,2.39,0,0,normal,0
2026-01-01 12:32:00,CP_ANK_0001,1634.46,1500,108.96,24,389.15,49.55,0.89,1,0.169,63.41,221.44,7.24,0,0,grid_overload,1
2026-01-01 01:08:00,CP_IZM_0009,524.65,1000,52.46,4,409.7,49.949,0.978,1,0.879,8.99,24.63,1.48,0,0,normal,0
2026-01-01 10:49:00,CP_IZM_0048,673.19,1000,67.32,1,407.47,49.927,0.983,0,0,5.08,-28.98,2.6,0,0,normal,0
2026-01-01 16:08:00,CP_BUR_0072,1158.23,1500,77.22,2,364.03,50.119,0.856,2,0.316,199.5,-89.47,17.71,0,0,grid_instability,1
2026-01-01 09:48:00,CP_BUR_0073,224.92,500,44.98,2,406.08,49.989,0.974,0,0,12.9,8.52,1.7,0,0,normal,0
2026-01-01 04:49:00,CP_IST_0003,1034.4,1500,68.96,4,395.07,50.007,0.987,0,0,13.38,25.68,2.86,0,0,normal,0
2026-01-01 08:23:00,CP_IZM_0080,209.51,500,41.9,3,401.79,50.0,0.991,1,0.956,10.17,3.29,2.02,1,0,normal,0
2026-01-01 09:11:00,CP_ANT_0085,851.92,1500,56.79,4,401.33,50.081,0.96,0,0,2.05,-24.16,3.81,0,0,normal,0
2026-01-01 13:29:00,CP_BUR_0050,549.7,1000,54.97,6,427.23,49.993,0.777,1,0.379,28.15,229.69,8.75,0,0,power_imbalance,1
2026-01-01 05:34:00,CP_IST_0034,632.43,1000,63.24,4,403.28,49.935,0.98,0,0,12.88,-36.0,2.89,0,0,normal,0
2026-01-01 15:50:00,CP_ANT_0061,214.61,500,42.92,8,389.29,50.314,0.739,2,0.523,124.91,114.8,10.79,0,0,grid_instability,1
2026-01-01 14:54:00,CP_BUR_0066,1116.27,1500,74.42,15,391.98,50.032,0.903,1,-0.204,26.69,76.59,5.1,0,0,dr_manipulation,1
2026-01-01 08:36:00,CP_IZM_0068,481.28,750,64.17,4,405.93,49.983,0.992,0,0,2.15,-19.68,4.46,1,0,normal,0
2026-01-01 00:32:00,CP_ANT_0043,257.78,500,51.56,5,397.85,49.909,0.972,0,0,5.46,-43.0,3.32,0,0,normal,0
2026-01-01 07:27:00,CP_ANK_0061,346.05,500,69.21,4,403.52,49.919,0.99,1,0.865,4.66,14.44,3.68,1,0,normal,0
2026-01-01 09:39:00,CP_ANT_0048,380.78,750,50.77,1,407.48,50.003,0.974,1,0.921,8.45,-7.69,3.65,0,0,normal,0
2026-01-01 00:16:00,CP_BUR_0010,260.39,500,52.08,3,407.01,49.922,0.96,1,0.871,2.75,-3.74,4.06,0,0,normal,0
2026-01-01 06:22:00,CP_IST_0002,249.54,500,49.91,2,395.84,50.055,0.954,1,0.877,13.44,-24.99,2.34,0,0,normal,0
2026-01-01 08:44:00,CP_ANT_0072,511.9,1000,51.19,4,401.18,50.084,0.958,0,0,2.32,-27.89,1.66,1,0,normal,0
2026-01-01 15:34:00,CP_ANT_0061,860.42,1000,86.04,12,386.1,50.009,0.905,1,-0.125,58.99,104.1,6.45,0,0,dr_manipulation,1
2026-01-01 01:01:00,CP_ANT_0065,208.95,500,41.79,3,403.93,50.065,0.996,1,0.869,10.33,19.97,4.3,0,0,normal,0
2026-01-01 09:01:00,CP_IZM_0047,258.71,500,51.74,4,403.87,49.976,0.984,0,0,4.81,-47.19,1.16,0,0,normal,0
2026-01-01 14:11:00,CP_ANT_0050,913.77,1000,91.38,44,378.31,49.895,0.856,1,0.171,105.29,139.3,8.53,1,0,coordinated_attack,1
2026-01-01 00:49:00,CP_ANK_0056,420.69,1000,42.07,3,395.19,49.984,0.975,1,0.994,9.53,32.87,3.48,0,0,normal,0
2026-01-01 13:37:00,CP_IST_0069,254.39,500,50.88,3,419.53,49.783,0.799,1,0.268,22.64,331.03,13.69,0,0,power_imbalance,1
2026-01-01 08:18:00,CP_ANK_0099,445.72,750,59.43,1,395.24,50.034,0.958,1,0.979,11.21,-47.56,2.59,1,0,normal,0
2026-01-01 13:45:00,CP_ANK_0038,888.92,1000,88.89,42,385.24,49.616,0.847,1,0.02,118.38,204.44,7.11,1,0,coordinated_attack,1
2026-01-01 06:45:00,CP_IZM_0004,633.03,1000,63.3,3,405.27,50.015,0.956,1,0.914,5.22,-17.93,3.08,0,0,normal,0
2026-01-01 07:17:00,CP_IZM_0043,952.8,1500,63.52,4,408.92,49.911,0.976,0,0,8.33,-48.13,3.02,1,0,normal,0
2026-01-01 07:00:00,CP_ANT_0069,909.54,1500,60.64,4,408.31,49.986,0.989,1,0.958,5.91,43.91,3.0,1,0,normal,0
2026-01-01 10:57:00,CP_IZM_0026,652.78,1000,65.28,5,403.2,49.916,0.964,0,0,1.48,-42.87,1.13,0,0,normal,0
2026-01-01 02:02:00,CP_ANT_0068,461.67,750,61.56,3,401.44,50.023,0.962,1,0.878,10.02,2.35,2.26,0,0,normal,0
2026-01-01 16:33:00,CP_ANK_0022,524.01,1000,52.4,18,392.47,50.259,0.932,0,0.386,98.55,-29.63,15.43,0,0,grid_instability,1
2026-01-01 00:23:00,CP_ANK_0014,383.14,750,51.09,2,401.57,50.009,0.965,0,0,10.02,5.46,4.26,0,0,normal,0
2026-01-01 15:55:00,CP_BUR_0086,379.55,500,75.91,14,422.32,49.317,0.78,2,0.353,162.36,-94.79,14.19,0,0,grid_instability,1
2026-01-01 16:17:00,CP_BUR_0047,400.53,500,80.11,19,414.33,49.914,0.907,0,0.246,127.81,270.04,15.46,0,0,grid_instability,1
2026-01-01 10:18:00,CP_IST_0033,520.54,1000,52.05,1,402.37,50.087,0.967,0,0,6.22,35.96,2.11,0,0,normal,0
2026-01-01 04:21:00,CP_IST_0091,251.27,500,50.25,4,397.41,49.915,0.997,0,0,5.07,48.53,4.13,0,0,normal,0
2026-01-01 04:25:00,CP_IST_0073,296.28,500,59.26,4,397.77,50.077,0.968,1,0.857,6.6,-23.66,3.93,0,0,normal,0
2026-01-01 12:00:00,CP_IST_0084,1701.76,1500,113.45,8,371.81,49.745,0.894,1,0.019,90.23,207.8,10.91,0,0,grid_overload,1
2026-01-01 11:33:00,CP_ANK_0059,1016.93,1500,67.8,2,398.64,49.907,0.991,0,0,10.46,14.53,1.91,0,0,normal,0
2026-01-01 03:23:00,CP_IST_0044,952.92,1500,63.53,5,402.24,49.995,0.972,1,0.898,4.5,31.02,1.4,0,0,normal,0
2026-01-01 05:41:00,CP_ANK_0085,398.98,750,53.2,2,396.16,50.029,0.961,0,0,2.36,10.2,3.86,0,0,normal,0
2026-01-01 06:10:00,CP_ANK_0060,429.79,750,57.31,5,397.62,50.056,0.968,1,0.966,6.7,-42.16,3.15,0,0,normal,0
2026-01-01 07:51:00,CP_IST_0016,463.18,750,61.76,3,397.9,49.905,0.955,0,0,14.26,13.81,3.48,1,0,normal,0
2026-01-01 03:53:00,CP_IST_0087,274.42,500,54.88,5,400.4,50.0,0.978,0,0,2.36,27.33,4.13,0,0,normal,0
2026-01-01 07:59:00,CP_ANK_0076,1003.41,1500,66.89,3,402.3,50.077,0.972,0,0,2.1,-30.69,3.52,1,0,normal,0
2026-01-01 05:28:00,CP_IZM_0094,271.1,500,54.22,5,398.3,50.049,0.99,0,0,14.4,-35.59,3.37,0,0,normal,0
2026-01-01 03:08:00,CP_IST_0089,469.26,750,62.57,4,408.93,49.96,0.978,1,0.952,8.11,-11.62,3.59,0,0,normal,0
2026-01-01 03:39:00,CP_BUR_0001,668.25,1000,66.82,1,395.69,50.025,0.992,0,0,1.86,35.77,2.54,0,0,normal,0
2026-01-01 15:05:00,CP_BUR_0023,724.13,1000,72.41,7,409.07,50.069,0.956,1,-0.248,40.65,52.27,4.7,0,0,dr_manipulation,1
2026-01-01 12:45:00,CP_IZM_0064,471.44,750,62.86,8,405.98,50.108,0.63,1,0.387,28.61,368.85,9.9,0,0,power_imbalance,1
2026-01-01 07:36:00,CP_BUR_0072,397.14,750,52.95,5,400.91,49.964,0.969,1,0.915,3.17,-32.66,1.49,1,0,normal,0
2026-01-01 13:11:00,CP_IST_0067,447.84,750,59.71,8,370.85,50.238,0.787,1,0.459,23.41,392.49,10.84,0,0,power_imbalance,1
2026-01-01 15:26:00,CP_ANT_0010,905.19,1000,90.52,12,399.61,49.892,0.942,1,-0.258,33.92,78.69,5.64,0,0,dr_manipulation,1
2026-01-01 06:09:00,CP_ANT_0087,935.07,1500,62.34,3,400.41,50.012,0.997,0,0,5.16,-8.82,2.23,0,0,normal,0
2026-01-01 14:33:00,CP_IZM_0007,1573.65,1500,104.91,39,384.86,49.859,0.858,1,0.009,78.52,111.35,7.16,1,0,coordinated_attack,1
2026-01-01 16:20:00,CP_IZM_0092,851.16,1000,85.12,10,401.14,50.132,0.89,0,0.361,83.11,296.08,13.2,0,0,grid_instability,1
2026-01-01 05:21:00,CP_ANK_0038,317.94,500,63.59,2,401.24,50.007,0.955,0,0,13.25,16.33,2.16,0,0,normal,0
2026-01-01 12:36:00,CP_ANT_0081,926.75,1000,92.67,16,365.3,49.791,0.864,0,0.217,81.29,289.13,7.54,0,0,grid_overload,1
2026-01-01 12:08:00,CP_ANK_0007,775.7,750,103.43,17,377.66,49.742,0.811,1,0.21,91.92,210.31,9.64,0,0,grid_overload,1
2026-01-01 11:56:00,CP_IST_0005,1190.96,1000,119.1,13,388.35,49.535,0.862,1,0.178,98.18,225.39,8.42,0,0,grid_overload,1
2026-01-01 13:24:00,CP_BUR_0054,261.61,500,52.32,8,424.76,49.825,0.62,0,0.324,34.6,306.42,9.47,0,0,power_imbalance,1
2026-01-01 14:51:00,CP_ANT_0044,366.55,500,73.31,14,407.97,50.071,0.915,1,-0.259,44.49,94.08,3.48,0,0,dr_manipulation,1
2026-01-01 01:09:00,CP_ANT_0098,752.94,1500,50.2,5,399.01,49.901,0.986,1,0.98,6.7,-1.57,2.16,0,0,normal,0
2026-01-01 13:08:00,CP_IZM_0011,846.04,1500,56.4,6,422.08,50.272,0.737,1,0.276,25.28,185.43,9.92,0,0,power_imbalance,1
2026-01-01 13:10:00,CP_ANT_0093,966.73,1500,64.45,5,427.94,49.962,0.783,1,0.447,36.83,373.44,9.39,0,0,power_imbalance,1
2026-01-01 02:23:00,CP_ANT_0064,824.44,1500,54.96,3,402.46,49.918,0.97,1,0.995,3.23,-14.71,1.18,0,0,normal,0
2026-01-01 00:22:00,CP_IST_0045,537.17,1000,53.72,1,395.14,50.024,0.978,0,0,1.1,-28.68,1.93,0,0,normal,0
2026-01-01 11:46:00,CP_IST_0061,682.24,750,90.97,10,363.16,49.798,0.804,1,0.271,85.98,144.08,7.55,0,0,grid_overload,1
2026-01-01 04:58:00,CP_IZM_0043,640.48,1000,64.05,3,401.39,49.923,0.993,0,0,0.15,-36.16,3.27,0,0,normal,0
2026-01-01 13:56:00,CP_ANK_0088,676.28,750,90.17,44,387.0,49.838,0.855,1,0.022,60.75,237.63,5.74,1,0,coordinated_attack,1
2026-01-01 09:03:00,CP_BUR_0003,330.34,500,66.07,1,400.06,49.904,0.966,1,0.949,6.34,1.48,2.47,0,0,normal,0
2026-01-01 09:30:00,CP_ANT_0034,358.59,750,47.81,3,395.66,49.926,0.994,0,0,11.22,42.62,1.99,0,0,normal,0
