timestamp,charge_point_id,log_type,log_size,previous_log_time,time_gap_seconds,sequence_number,log_hash,log_source,user_agent,is_encrypted,file_permission,anomaly_type,label
2025-12-04 03:13:59,CP_0019,LOG_PURGE,45963,,0,1,0622b30cd650,UNKNOWN_SOURCE,Postman/8.0,0,644,FAKE_LOG_INJECTION,1
2025-12-04 03:15:50,CP_0028,SESSION_END,1243,2025-12-04 03:13:59,111,2,051f710be356,CSMS,EVSE-Controller/3.0,1,644,NORMAL,0
2025-12-04 03:17:24,CP_0020,DELETED_ENTRY,0,2025-12-04 03:15:50,65033,3,000000000000,OCPP_GATEWAY,MeterService/1.5,1,644,LOG_DELETION,1
2018-03-29 03:13:59,CP_0018,FIRMWARE_CHECK,1233,2025-12-04 03:17:24,-7200,4,096d350887af,EVSE,OCPP/1.6J-ChargePoint,0,644,TIMESTAMP_MANIPULATION,1
2025-12-04 03:21:23,CP_0006,ENERGY_UPDATE,1508,2025-12-04 03:21:00,23,5,0ee6b60abaa3,EVSE,EVSE-Controller/3.0,1,644,NORMAL,0
2025-12-04 03:23:02,CP_0031,FIRMWARE_CHECK,1462,2025-12-04 03:21:23,99,6,0899ff05f9f4,CSMS,MeterService/1.5,0,644,NORMAL,0
2025-12-04 03:23:58,CP_0031,STATUS_CHANGE,964,2025-12-04 03:23:02,56,7,06dbdb06a9ad,EVSE,CSMS-Monitor/2.1,1,644,NORMAL,0
2025-12-04 03:28:21,CP_0019,AUDIT_SKIP,26186,2025-12-04 03:23:58,263,8,0db1a10a53d2,UNKNOWN_SOURCE,Postman/8.0,0,644,FAKE_LOG_INJECTION,1
2025-12-04 03:29:30,CP_0050,METER_VALUE,1899,2025-12-04 03:28:21,69,9,09c2690eb986,EVSE,MeterService/1.5,0,644,NORMAL,0
2025-12-04 03:30:07,CP_0013,FIRMWARE_CHECK,868,2025-12-04 03:29:30,37,10,0b7cee0da104,AUTH_SERVICE,MeterService/1.5,1,644,NORMAL,0
2025-12-04 03:32:01,CP_0018,FIRMWARE_CHECK,396,2025-12-04 03:30:07,114,11,062264088926,AUTH_SERVICE,OCPP/1.6J-ChargePoint,1,644,NORMAL,0
2025-12-04 03:34:13,CP_0046,AUTH_SUCCESS,764,2025-12-04 03:32:01,132,12,0a56dc01bea2,ADMIN_OVERRIDE,MetadataEditor/HACK,0,777,LOG_METADATA_TAMPERING,1
2025-12-04 03:35:23,CP_0042,AUTH_SUCCESS,1148,2025-12-04 03:34:13,70,13,0cfdd5063217,OCPP_GATEWAY,MeterService/1.5,0,644,NORMAL,0
2025-12-04 03:39:34,CP_0016,CONNECTOR_STATUS,1256,2025-12-04 03:35:23,251,14,03d71407a9cb,CSMS,CSMS-Monitor/2.1,1,644,NORMAL,0
2025-12-04 03:42:05,CP_0050,METER_VALUE,824,2025-12-04 03:39:34,151,15,0e211d09a651,OCPP_GATEWAY,OCPP/1.6J-ChargePoint,1,644,NORMAL,0
2025-12-04 03:44:47,CP_0038,CONFIG_UPDATE,1479,2025-12-04 03:42:05,162,16,095c3103e745,AUTH_SERVICE,MeterService/1.5,1,644,NORMAL,0
2025-12-04 03:49:35,CP_0025,STATUS_CHANGE,52,2025-12-04 03:44:47,288,17,MODIFIED_7730,CSMS,UnknownEditor/1.0,1,644,LOG_MODIFICATION,1
2025-12-04 03:53:47,CP_0046,METER_VALUE,918,2025-12-04 03:49:35,252,18,0c25180e3444,CSMS,MeterService/1.5,1,644,NORMAL,0
2025-12-04 03:56:46,CP_0007,DELETED_ENTRY,0,2025-12-04 03:53:47,23832,19,000000000000,EVSE,CSMS-Monitor/2.1,0,644,LOG_DELETION,1
2025-12-04 03:57:34,CP_0031,HEARTBEAT,821,2025-12-04 03:56:46,48,20,0b7f7e0c9bf1,AUTH_SERVICE,OCPP/1.6J-ChargePoint,1,644,NORMAL,0
2025-12-04 04:02:17,CP_0025,STATUS_CHANGE,1411,2025-12-04 03:57:34,283,21,0d067d0dad22,AUTH_SERVICE,OCPP/1.6J-ChargePoint,1,644,NORMAL,0
2025-12-04 04:04:54,CP_0015,SESSION_START,51,2025-12-04 04:02:17,157,22,MODIFIED_5906,EVSE,UnknownEditor/1.0,1,644,LOG_MODIFICATION,1
2025-12-04 04:07:50,CP_0004,HEARTBEAT,862,2025-12-04 04:04:54,176,23,0785f9086ab7,CSMS,CSMS-Monitor/2.1,0,644,NORMAL,0
2025-12-04 04:12:49,CP_0044,AUTH_SUCCESS,476,2025-12-04 04:07:50,299,24,0453b502ca14,AUTH_SERVICE,CSMS-Monitor/2.1,0,644,NORMAL,0
2025-12-04 04:14:12,CP_0015,CONNECTOR_STATUS,1434,2025-12-04 04:12:49,83,25,0596ea08e106,OCPP_GATEWAY,OCPP/1.6J-ChargePoint,0,644,NORMAL,0
2025-12-04 04:16:49,CP_0044,FIRMWARE_CHECK,451,2025-12-04 04:14:12,157,26,02b5290897f3,OCPP_GATEWAY,EVSE-Controller/3.0,0,644,NORMAL,0
2025-12-04 04:19:07,CP_0030,HEARTBEAT,535,2025-12-04 04:16:49,138,27,07ae540f2de3,AUTH_SERVICE,OCPP/1.6J-ChargePoint,1,644,NORMAL,0
2025-12-04 04:22:32,CP_0037,STATUS_CHANGE,1305,2025-12-04 04:19:07,205,28,0642840cb6df,OCPP_GATEWAY,OCPP/1.6J-ChargePoint,0,644,NORMAL,0
2025-12-04 04:25:02,CP_0001,CONFIG_UPDATE,1899,2025-12-04 04:22:32,150,29,0c7fa80dfa96,EVSE,MeterService/1.5,1,644,NORMAL,0
2025-12-04 04:27:09,CP_0039,STATUS_CHANGE,576,2025-12-04 04:25:02,-684,-61,0bb636049167,OCPP_GATEWAY,CSMS-Monitor/2.1,1,644,LOG_SEQUENCE_ANOMALY,1
2025-12-04 04:31:04,CP_0003,CONFIG_UPDATE,875,2025-12-04 04:27:09,235,31,0d3e5e03a0e3,EVSE,EVSE-Controller/3.0,1,644,NORMAL,0
2025-12-04 04:32:43,CP_0013,AUTH_SUCCESS,1738,2025-12-04 04:31:04,-236,0,0a280a07612d,OCPP_GATEWAY,CSMS-Monitor/2.1,1,644,LOG_SEQUENCE_ANOMALY,1
2025-12-04 04:33:51,CP_0030,TRUNCATED_LOG,26,2025-12-04 04:32:43,68,33,0d97a1TRUNC,AUTH_SERVICE,EVSE-Controller/3.0,1,644,LOG_TRUNCATION,1
2025-12-04 04:34:08,CP_0017,FIRMWARE_CHECK,381,2025-12-04 04:33:51,17,34,08cd6d076c5a,OCPP_GATEWAY,MeterService/1.5,1,644,NORMAL,0
2025-12-04 04:36:17,CP_0031,DELETED_ENTRY,0,2025-12-04 04:34:08,43208,35,000000000000,CSMS,OCPP/1.6J-ChargePoint,0,644,LOG_DELETION,1
2025-12-04 04:39:56,CP_0008,AUTH_SUCCESS,220,2025-12-04 04:36:17,219,36,021f0b06654d,AUTH_SERVICE,OCPP/1.6J-ChargePoint,1,644,NORMAL,0
2025-12-04 04:42:06,CP_0035,AUTH_SUCCESS,923,2025-12-04 04:39:56,130,37,08c8bf077649,AUTH_SERVICE,CSMS-Monitor/2.1,0,644,NORMAL,0
2026-05-04 03:13:59,CP_0040,METER_VALUE,700,2025-12-04 04:42:06,-7200,38,020ca10c9203,OCPP_GATEWAY,CSMS-Monitor/2.1,0,644,TIMESTAMP_MANIPULATION,1
2025-12-04 04:47:26,CP_0044,STATUS_CHANGE,1243,2025-12-04 04:46:26,60,39,0bd7d50743c0,EVSE,MeterService/1.5,1,644,NORMAL,0
2025-12-04 04:49:13,CP_0008,CONNECTOR_STATUS,315,2025-12-04 04:47:26,107,40,0c215304eb69,EVSE,OCPP/1.6J-ChargePoint,1,644,NORMAL,0
2025-12-04 04:51:27,CP_0009,CONFIG_UPDATE,548,2025-12-04 04:49:13,134,41,029fa60ecd8f,CSMS,CSMS-Monitor/2.1,1,644,NORMAL,0
2025-12-04 04:54:25,CP_0050,AUTH_SUCCESS,1743,2025-12-04 04:51:27,178,42,0b0fc401923d,OCPP_GATEWAY,CSMS-Monitor/2.1,1,644,NORMAL,0
2025-12-04 04:56:04,CP_0008,ADMIN_SILENT,8434,2025-12-04 04:54:25,99,43,01c37e0741fc,UNKNOWN_SOURCE,Postman/8.0,0,644,FAKE_LOG_INJECTION,1
2025-12-04 04:57:18,CP_0048,METER_VALUE,1205,2025-12-04 04:56:04,74,44,0358210d74de,EVSE,MeterService/1.5,0,644,NORMAL,0
2025-12-04 05:00:33,CP_0033,CONFIG_UPDATE,351,2025-12-04 04:57:18,195,45,08c20a099659,CSMS,OCPP/1.6J-ChargePoint,1,644,NORMAL,0
2025-12-04 05:00:58,CP_0004,SYSTEM_BYPASS,26109,2025-12-04 05:00:33,25,46,07f3a60858a4,UNKNOWN_SOURCE,curl/7.68.0,0,644,FAKE_LOG_INJECTION,1
2025-12-04 05:02:23,CP_0005,AUTH_SUCCESS,691,2025-12-04 05:00:58,85,47,0b83d40ba7b5,OCPP_GATEWAY,MeterService/1.5,1,644,NORMAL,0
2025-12-04 05:06:25,CP_0033,CONFIG_UPDATE,1009,2025-12-04 05:02:23,242,48,031cdc0e3725,EVSE,CSMS-Monitor/2.1,0,644,NORMAL,0
2025-12-04 05:08:31,CP_0027,ROLLBACK_LOG,48588,2025-12-04 05:06:25,126,49,08c82807e7d2,UNKNOWN_SOURCE,Postman/8.0,0,644,FAKE_LOG_INJECTION,1
2025-12-04 05:10:51,CP_0024,AUTH_SUCCESS,1534,2025-12-04 05:08:31,140,50,091d3902999a,EVSE,OCPP/1.6J-ChargePoint,1,644,NORMAL,0
2025-12-04 05:14:42,CP_0007,STATUS_CHANGE,1790,2025-12-04 05:10:51,231,51,039b930a6d85,EVSE,EVSE-Controller/3.0,1,644,NORMAL,0
2025-12-04 05:18:28,CP_0047,ADMIN_SILENT,19696,2025-12-04 05:14:42,226,52,0b21e706866a,UNKNOWN_SOURCE,wget/1.21,0,644,FAKE_LOG_INJECTION,1
2025-12-04 05:19:33,CP_0023,FIRMWARE_CHECK,880,2025-12-04 05:18:28,65,53,035d310dba41,OCPP_GATEWAY,CSMS-Monitor/2.1,0,644,NORMAL,0
2025-12-04 05:24:30,CP_0050,CONFIG_UPDATE,1384,2025-12-04 05:19:33,297,54,0c53540bcf1e,EVSE,EVSE-Controller/3.0,1,644,NORMAL,0
2025-12-04 05:26:12,CP_0018,HEARTBEAT,2015,2025-12-04 05:24:30,102,55,06f68b07246a,EVSE,CSMS-Monitor/2.1,1,644,NORMAL,0
2025-12-04 05:31:11,CP_0043,METER_VALUE,270,2025-12-04 05:26:12,299,56,03cbbe0d61a2,EVSE,OCPP/1.6J-ChargePoint,1,644,NORMAL,0
2025-12-04 05:34:33,CP_0027,CONNECTOR_STATUS,826,2025-12-04 05:31:11,202,57,040b5f07725c,OCPP_GATEWAY,EVSE-Controller/3.0,1,644,NORMAL,0
2025-12-04 05:36:02,CP_0011,GAP_DETECTED,0,2025-12-04 05:34:33,341026,4178,BULK_DEL_524,OCPP_GATEWAY,MeterService/1.5,0,644,BULK_LOG_DELETION,1
2025-12-04 05:38:31,CP_0014,FIRMWARE_CHECK,361,2025-12-04 05:36:02,149,59,070c7308678d,EVSE,EVSE-Controller/3.0,0,644,NORMAL,0
2025-12-04 05:43:10,CP_0043,HEARTBEAT,221,2025-12-04 05:38:31,279,60,050dde07d99f,EVSE,OCPP/1.6J-ChargePoint,1,644,NORMAL,0
2025-12-04 05:45:54,CP_0014,AUTH_SUCCESS,1693,2025-12-04 05:43:10,164,61,059d3b062833,OCPP_GATEWAY,OCPP/1.6J-ChargePoint,1,644,NORMAL,0
2025-12-04 05:50:18,CP_0048,METER_VALUE,487,2025-12-04 05:45:54,264,62,0397c5079bf4,CSMS,EVSE-Controller/3.0,1,644,NORMAL,0
2025-12-04 05:53:51,CP_0048,SESSION_START,1021,2025-12-04 05:50:18,213,63,01d36308e1c7,EVSE,EVSE-Controller/3.0,0,644,NORMAL,0
2025-12-04 05:57:28,CP_0046,METER_VALUE,720,2025-12-04 05:53:51,217,64,035e600801a3,EVSE,EVSE-Controller/3.0,1,644,NORMAL,0
2025-12-04 06:01:33,CP_0045,STATUS_CHANGE,308,2025-12-04 05:57:28,245,65,0883650f09a2,EVSE,CSMS-Monitor/2.1,0,644,NORMAL,0
2024-02-26 03:13:59,CP_0006,METER_VALUE,1910,2025-12-04 06:01:33,999999,66,067d820d7571,OCPP_GATEWAY,CSMS-Monitor/2.1,1,644,TIMESTAMP_MANIPULATION,1
2025-12-04 06:07:19,CP_0034,FIRMWARE_CHECK,525,2025-12-04 06:06:11,68,67,0df20e071daa,OCPP_GATEWAY,CSMS-Monitor/2.1,1,644,NORMAL,0
2025-12-04 06:08:21,CP_0010,HEARTBEAT,532,2025-12-04 06:07:19,62,68,044d460b2a0d,CSMS,OCPP/1.6J-ChargePoint,1,644,NORMAL,0
2025-12-04 06:12:43,CP_0030,CONFIG_UPDATE,1684,2025-12-04 06:08:21,262,69,0acc2008b557,OCPP_GATEWAY,EVSE-Controller/3.0,1,644,NORMAL,0
2025-12-04 06:16:38,CP_0005,CONNECTOR_STATUS,1033,2025-12-04 06:12:43,235,70,0ba0c7065efa,OCPP_GATEWAY,OCPP/1.6J-ChargePoint,1,644,NORMAL,0
2025-12-04 06:21:07,CP_0005,HEARTBEAT,1073,2025-12-04 06:16:38,269,71,08c1aa0220aa,EVSE,EVSE-Controller/3.0,1,644,NORMAL,0
2025-12-04 06:21:56,CP_0042,SESSION_END,1387,2025-12-04 06:21:07,49,72,0b07f909a393,AUTH_SERVICE,MeterService/1.5,1,644,NORMAL,0
2025-12-04 06:25:56,CP_0037,ENERGY_UPDATE,786,2025-12-04 06:21:56,240,73,0b34ba0922cd,CSMS,OCPP/1.6J-ChargePoint,0,644,NORMAL,0
2025-12-04 06:26:58,CP_0022,SESSION_END,1161,2025-12-04 06:25:56,62,74,0bdd2904496d,EVSE,CSMS-Monitor/2.1,0,644,NORMAL,0
2025-12-04 06:30:52,CP_0034,FIRMWARE_CHECK,1376,2025-12-04 06:26:58,234,75,0410d9075926,OCPP_GATEWAY,EVSE-Controller/3.0,0,644,NORMAL,0
2025-12-04 06:33:55,CP_0044,SYSTEM_BYPASS,23621,2025-12-04 06:30:52,183,76,0e274c0b9ebc,UNKNOWN_SOURCE,wget/1.21,0,644,FAKE_LOG_INJECTION,1
2025-12-04 06:35:21,CP_0022,SESSION_END,88,2025-12-04 06:33:55,86,77,MODIFIED_3112,OCPP_GATEWAY,UnknownEditor/1.0,0,644,LOG_MODIFICATION,1
2025-12-04 06:38:43,CP_0042,HEARTBEAT,73,2025-12-04 06:35:21,202,78,MODIFIED_1298,EVSE,UnknownEditor/1.0,1,644,LOG_MODIFICATION,1
2025-12-04 06:40:25,CP_0014,STATUS_CHANGE,1697,2025-12-04 06:38:43,102,79,094e64049914,CSMS,CSMS-Monitor/2.1,1,644,NORMAL,0
2025-12-04 06:41:26,CP_0033,DELETED_ENTRY,0,2025-12-04 06:40:25,81882,80,000000000000,EVSE,EVSE-Controller/3.0,1,644,LOG_DELETION,1
2025-12-04 06:42:59,CP_0012,ENERGY_UPDATE,93,2025-12-04 06:41:26,93,81,MODIFIED_6968,AUTH_SERVICE,UnknownEditor/1.0,0,644,LOG_MODIFICATION,1
2025-12-04 06:46:56,CP_0040,HEARTBEAT,1668,2025-12-04 06:42:59,237,82,0d80a10e1112,AUTH_SERVICE,CSMS-Monitor/2.1,1,644,NORMAL,0
2025-12-04 06:49:44,CP_0031,ENERGY_UPDATE,881,2025-12-04 06:46:56,168,83,0c60f80aa710,AUTH_SERVICE,MeterService/1.5,1,644,NORMAL,0
2025-12-04 06:54:11,CP_0034,METER_VALUE,459,2025-12-04 06:49:44,-433,0,0e989c04b896,CSMS,EVSE-Controller/3.0,1,644,LOG_SEQUENCE_ANOMALY,1
2025-12-04 06:55:13,CP_0046,FIRMWARE_CHECK,1871,2025-12-04 06:54:11,62,85,03854e06163e,EVSE,CSMS-Monitor/2.1,1,644,NORMAL,0
2025-12-04 06:59:45,CP_0010,ROLLBACK_LOG,30982,2025-12-04 06:55:13,272,86,0514170e97d7,UNKNOWN_SOURCE,curl/7.68.0,0,644,FAKE_LOG_INJECTION,1
2025-12-04 07:01:55,CP_0025,ADMIN_SILENT,7510,2025-12-04 06:59:45,130,87,051e5501fa14,UNKNOWN_SOURCE,python-requests/2.25,0,644,FAKE_LOG_INJECTION,1
2025-12-04 07:04:31,CP_0031,AUTH_SUCCESS,1682,2025-12-04 07:01:55,156,88,0cd080090819,AUTH_SERVICE,OCPP/1.6J-ChargePoint,1,644,NORMAL,0
2025-12-04 07:04:50,CP_0017,ENERGY_UPDATE,1838,2025-12-04 07:04:31,19,89,03eb0e0a4e86,AUTH_SERVICE,OCPP/1.6J-ChargePoint,1,644,NORMAL,0
2025-12-04 07:07:01,CP_0020,SESSION_END,225,2025-12-04 07:04:50,131,90,055745083e3a,AUTH_SERVICE,OCPP/1.6J-ChargePoint,1,644,NORMAL,0
2025-12-04 07:11:26,CP_0039,FIRMWARE_CHECK,161,2025-12-04 07:07:01,265,91,0ba31c09c59a,CSMS,CSMS-Monitor/2.1,1,644,NORMAL,0
2025-12-04 07:15:15,CP_0001,CONFIG_UPDATE,850,2025-12-04 07:11:26,229,92,055ff90aa810,AUTH_SERVICE,CSMS-Monitor/2.1,1,644,NORMAL,0
2025-12-04 07:19:53,CP_0024,SESSION_END,1205,2025-12-04 07:15:15,278,93,0a3b2f09a4a3,EVSE,MeterService/1.5,0,644,NORMAL,0
2025-12-04 07:20:25,CP_0041,METER_VALUE,892,2025-12-04 07:19:53,32,94,0595930d7ba2,EVSE,EVSE-Controller/3.0,1,644,NORMAL,0
2025-12-04 07:23:31,CP_0016,SESSION_END,1708,2025-12-04 07:20:25,186,95,0ad6190d49f3,OCPP_GATEWAY,CSMS-Monitor/2.1,1,644,NORMAL,0
2025-12-04 07:26:34,CP_0042,CONNECTOR_STATUS,54,2025-12-04 07:23:31,183,96,MODIFIED_3209,AUTH_SERVICE,UnknownEditor/1.0,1,644,LOG_MODIFICATION,1
2025-12-04 07:27:02,CP_0019,ENERGY_UPDATE,217,2025-12-04 07:26:34,28,97,0e2f0204b7a7,EVSE,EVSE-Controller/3.0,1,644,NORMAL,0
2025-12-04 07:31:35,CP_0026,FIRMWARE_CHECK,1097,2025-12-04 07:27:02,273,98,059432021c9f,CSMS,EVSE-Controller/3.0,1,644,NORMAL,0
2025-12-04 07:32:09,CP_0042,STATUS_CHANGE,687,2025-12-04 07:31:35,34,99,0384790e50bb,OCPP_GATEWAY,MeterService/1.5,0,644,NORMAL,0
2025-12-04 07:35:36,CP_0022,AUTH_SUCCESS,1144,2025-12-04 07:32:09,-384,-1,0c9956097c7b,OCPP_GATEWAY,EVSE-Controller/3.0,1,644,LOG_SEQUENCE_ANOMALY,1
2025-12-04 07:37:18,CP_0035,HEARTBEAT,785,2025-12-04 07:35:36,102,101,032add02ce96,OCPP_GATEWAY,EVSE-Controller/3.0,1,644,NORMAL,0
2025-12-04 07:41:16,CP_0039,METER_VALUE,469,2025-12-04 07:37:18,238,102,0c8fe608a0df,OCPP_GATEWAY,MeterService/1.5,1,644,NORMAL,0
2025-12-04 07:44:26,CP_0040,METER_VALUE,690,2025-12-04 07:41:16,-25,727,0bc1e40e3084,EVSE,OCPP/1.6J-ChargePoint,0,644,LOG_SEQUENCE_ANOMALY,1
2025-12-04 07:48:20,CP_0003,DELETED_ENTRY,0,2025-12-04 07:44:26,77949,104,000000000000,OCPP_GATEWAY,EVSE-Controller/3.0,0,644,LOG_DELETION,1
2025-12-04 07:48:46,CP_0039,AUTH_SUCCESS,1518,2025-12-04 07:48:20,26,105,08b982077618,OCPP_GATEWAY,MeterService/1.5,1,644,NORMAL,0
2019-05-31 03:13:59,CP_0024,METER_VALUE,771,2025-12-04 07:48:46,999999,106,0beb3905fc23,CSMS,OCPP/1.6J-ChargePoint,1,644,TIMESTAMP_MANIPULATION,1
2025-12-04 07:58:24,CP_0008,SESSION_END,62,2025-12-04 07:53:27,297,107,MODIFIED_9047,AUTH_SERVICE,UnknownEditor/1.0,1,644,LOG_MODIFICATION,1
2025-12-04 07:59:11,CP_0029,DELETED_ENTRY,0,2025-12-04 07:58:24,12111,108,000000000000,EVSE,EVSE-Controller/3.0,1,644,LOG_DELETION,1
2025-12-04 08:04:02,CP_0035,HEARTBEAT,1953,2025-12-04 07:59:11,291,109,06533f0f25cd,CSMS,CSMS-Monitor/2.1,1,644,NORMAL,0
2025-12-04 08:08:32,CP_0015,SESSION_END,539,2025-12-04 08:04:02,270,110,0e32ed03bf76,CSMS,MeterService/1.5,1,644,NORMAL,0
2025-12-04 08:11:50,CP_0030,METER_VALUE,83,2025-12-04 08:08:32,198,111,MODIFIED_8842,EVSE,UnknownEditor/1.0,0,644,LOG_MODIFICATION,1
2025-12-04 08:15:29,CP_0037,SESSION_END,384,2025-12-04 08:11:50,219,112,06992b0bcda4,EVSE,MeterService/1.5,0,644,NORMAL,0
2025-12-04 08:20:03,CP_0023,AUTH_SUCCESS,1926,2025-12-04 08:15:29,274,113,0eca6d0e0294,CSMS,CSMS-Monitor/2.1,0,644,NORMAL,0
2025-12-04 08:24:30,CP_0004,SESSION_END,1189,2025-12-04 08:20:03,267,114,03f960066451,CSMS,CSMS-Monitor/2.1,1,644,NORMAL,0
2025-12-04 08:26:35,CP_0023,FIRMWARE_CHECK,1960,2025-12-04 08:24:30,125,115,0612160f0f91,EVSE,EVSE-Controller/3.0,1,644,NORMAL,0
2026-11-19 03:13:59,CP_0018,AUTH_SUCCESS,1408,2025-12-04 08:26:35,999999,116,065efe0b5b52,EVSE,CSMS-Monitor/2.1,1,644,TIMESTAMP_MANIPULATION,1
2025-12-04 08:34:29,CP_0037,SESSION_START,1818,2025-12-04 08:31:27,182,117,01fad702d350,EVSE,EVSE-Controller/3.0,1,644,NORMAL,0
2025-12-04 08:38:12,CP_0040,SESSION_START,1147,2025-12-04 08:34:29,223,118,0b8f7d0a414f,OCPP_GATEWAY,EVSE-Controller/3.0,0,644,NORMAL,0
2025-12-04 08:40:27,CP_0044,METER_VALUE,737,2025-12-04 08:38:12,135,119,08c85702b185,EVSE,CSMS-Monitor/2.1,0,644,NORMAL,0
2025-12-04 08:44:09,CP_0031,CONNECTOR_STATUS,545,2025-12-04 08:40:27,222,120,06f80d0b3b81,CSMS,EVSE-Controller/3.0,1,644,NORMAL,0
2025-12-04 08:47:15,CP_0026,AUTH_SUCCESS,1685,2025-12-04 08:44:09,186,121,07745b09c3fb,EVSE,EVSE-Controller/3.0,1,644,NORMAL,0
2025-12-04 08:51:23,CP_0008,HEARTBEAT,1048,2025-12-04 08:47:15,248,122,057e1903c7a8,EVSE,OCPP/1.6J-ChargePoint,1,644,NORMAL,0
2025-12-04 08:54:49,CP_0040,METER_VALUE,636,2025-12-04 08:51:23,206,123,0414c10e8aa1,OCPP_GATEWAY,EVSE-Controller/3.0,1,644,NORMAL,0
2025-12-04 08:56:20,CP_0032,FIRMWARE_CHECK,1084,2025-12-04 08:54:49,91,124,09818b067668,AUTH_SERVICE,OCPP/1.6J-ChargePoint,1,644,NORMAL,0
2025-12-04 08:59:51,CP_0033,CONNECTOR_STATUS,621,2025-12-04 08:56:20,211,125,04f7db0adc00,OCPP_GATEWAY,OCPP/1.6J-ChargePoint,1,644,NORMAL,0
2025-12-04 09:02:25,CP_0032,CONFIG_UPDATE,1935,2025-12-04 08:59:51,154,126,0f02ef0bfe79,AUTH_SERVICE,EVSE-Controller/3.0,1,644,NORMAL,0
2025-12-04 09:06:15,CP_0009,TRUNCATED_LOG,26,2025-12-04 09:02:25,230,127,0760d9TRUNC,AUTH_SERVICE,EVSE-Controller/3.0,1,644,LOG_TRUNCATION,1
2025-12-04 09:11:12,CP_0013,DELETED_ENTRY,0,2025-12-04 09:06:15,85289,128,000000000000,AUTH_SERVICE,MeterService/1.5,1,644,LOG_DELETION,1
2026-09-21 03:13:59,CP_0009,SESSION_END,934,2025-12-04 09:11:12,-7200,129,077f3e0e3e86,OCPP_GATEWAY,EVSE-Controller/3.0,1,644,TIMESTAMP_MANIPULATION,1
2025-12-04 09:16:48,CP_0003,SESSION_START,207,2025-12-04 09:12:22,266,130,03b7ed0cf17f,OCPP_GATEWAY,MeterService/1.5,0,644,NORMAL,0
2025-12-04 09:21:21,CP_0009,DELETED_ENTRY,0,2025-12-04 09:16:48,81420,131,000000000000,CSMS,MeterService/1.5,1,644,LOG_DELETION,1
2025-12-04 09:25:51,CP_0035,SESSION_END,93,2025-12-04 09:21:21,270,132,MODIFIED_6427,AUTH_SERVICE,UnknownEditor/1.0,1,644,LOG_MODIFICATION,1
2025-12-04 09:28:38,CP_0047,SESSION_START,1350,2025-12-04 09:25:51,167,133,091e8b05c63c,DEBUG_MODE,MetadataEditor/HACK,0,000,LOG_METADATA_TAMPERING,1
2025-12-04 09:32:02,CP_0010,ENERGY_UPDATE,192,2025-12-04 09:28:38,204,134,0aafdf0cbbf5,EVSE,CSMS-Monitor/2.1,1,644,NORMAL,0
2025-12-04 09:35:57,CP_0021,METER_VALUE,438,2025-12-04 09:32:02,235,135,08221c0c92ea,CSMS,MeterService/1.5,0,644,NORMAL,0
2025-12-04 09:36:38,CP_0046,TRUNCATED_LOG,21,2025-12-04 09:35:57,41,136,04d7e5TRUNC,OCPP_GATEWAY,MeterService/1.5,0,644,LOG_TRUNCATION,1
2025-12-04 09:38:16,CP_0030,FIRMWARE_CHECK,829,2025-12-04 09:36:38,98,137,0a44280731c8,OCPP_GATEWAY,MeterService/1.5,1,644,NORMAL,0
2025-12-04 09:40:32,CP_0018,FIRMWARE_CHECK,739,2025-12-04 09:38:16,136,138,051fae0649a7,OCPP_GATEWAY,CSMS-Monitor/2.1,0,644,NORMAL,0
2025-12-04 09:43:24,CP_0031,STATUS_CHANGE,1275,2025-12-04 09:40:32,172,139,0e409a0d128f,OCPP_GATEWAY,EVSE-Controller/3.0,1,644,NORMAL,0
2026-02-13 03:13:59,CP_0025,METER_VALUE,1804,2025-12-04 09:43:24,-7200,140,070c4b0de518,CSMS,EVSE-Controller/3.0,1,644,TIMESTAMP_MANIPULATION,1
2025-12-04 09:50:33,CP_0048,GAP_DETECTED,0,2025-12-04 09:48:12,143666,2600,BULK_DEL_348,OCPP_GATEWAY,EVSE-Controller/3.0,1,644,BULK_LOG_DELETION,1
2025-12-04 09:55:14,CP_0015,DELETED_ENTRY,0,2025-12-04 09:50:33,21618,142,000000000000,OCPP_GATEWAY,MeterService/1.5,1,644,LOG_DELETION,1
2025-12-04 10:00:05,CP_0011,DELETED_ENTRY,0,2025-12-04 09:55:14,41009,143,000000000000,CSMS,EVSE-Controller/3.0,1,644,LOG_DELETION,1
2025-12-04 10:00:45,CP_0050,SESSION_END,1463,2025-12-04 10:00:05,40,144,0ab646053dcc,EVSE,CSMS-Monitor/2.1,0,644,NORMAL,0
2025-12-04 10:02:25,CP_0003,GAP_DETECTED,0,2025-12-04 10:00:45,242843,1523,BULK_DEL_443,OCPP_GATEWAY,OCPP/1.6J-ChargePoint,1,644,BULK_LOG_DELETION,1
2025-12-04 10:05:00,CP_0030,FIRMWARE_CHECK,1201,2025-12-04 10:02:25,155,146,096db003ac4e,AUTH_SERVICE,EVSE-Controller/3.0,1,644,NORMAL,0
2025-12-04 10:06:07,CP_0022,AUTH_SUCCESS,1625,2025-12-04 10:05:00,67,147,08de560be600,OCPP_GATEWAY,CSMS-Monitor/2.1,1,644,NORMAL,0
2025-12-04 10:09:09,CP_0019,CONFIG_UPDATE,1509,2025-12-04 10:06:07,182,148,0da474049dd0,CSMS,MeterService/1.5,0,644,NORMAL,0
2025-12-04 10:13:42,CP_0021,SESSION_END,948,2025-12-04 10:09:09,273,149,0c3be5030d52,CSMS,CSMS-Monitor/2.1,0,644,NORMAL,0
2025-12-04 10:16:37,CP_0016,SESSION_START,662,2025-12-04 10:13:42,175,150,07a9be054b51,AUTH_SERVICE,EVSE-Controller/3.0,1,644,NORMAL,0
2025-12-04 10:16:52,CP_0017,FIRMWARE_CHECK,75,2025-12-04 10:16:37,15,151,MODIFIED_3616,EVSE,UnknownEditor/1.0,1,644,LOG_MODIFICATION,1
2025-12-04 10:19:41,CP_0045,GAP_DETECTED,0,2025-12-04 10:16:52,337105,1905,BULK_DEL_565,CSMS,CSMS-Monitor/2.1,1,644,BULK_LOG_DELETION,1
2025-12-04 10:23:02,CP_0027,FIRMWARE_CHECK,1997,2025-12-04 10:19:41,201,153,090f230da4bb,CSMS,CSMS-Monitor/2.1,1,644,NORMAL,0
2025-12-04 10:27:41,CP_0029,FIRMWARE_CHECK,1569,2025-12-04 10:23:02,279,154,07507e02c688,EVSE,OCPP/1.6J-ChargePoint,1,644,NORMAL,0
2025-12-04 10:32:25,CP_0010,AUTH_SUCCESS,799,2025-12-04 10:27:41,284,155,0f329909d9f1,AUTH_SERVICE,OCPP/1.6J-ChargePoint,1,644,NORMAL,0
2025-12-04 10:36:45,CP_0006,FIRMWARE_CHECK,1040,2025-12-04 10:32:25,260,156,0e7707026a82,AUTH_SERVICE,CSMS-Monitor/2.1,0,644,NORMAL,0
2025-12-04 10:40:48,CP_0037,SESSION_START,1272,2025-12-04 10:36:45,243,157,08ec860c4a48,OCPP_GATEWAY,OCPP/1.6J-ChargePoint,0,644,NORMAL,0
2025-12-04 10:43:08,CP_0001,ENERGY_UPDATE,1312,2025-12-04 10:40:48,140,158,02b1c1024021,AUTH_SERVICE,EVSE-Controller/3.0,1,644,NORMAL,0
2025-12-04 10:47:55,CP_0004,SESSION_END,2040,2025-12-04 10:43:08,287,159,09143a02089c,OCPP_GATEWAY,MeterService/1.5,1,644,NORMAL,0
2025-12-04 10:51:40,CP_0024,METER_VALUE,1046,2025-12-04 10:47:55,-459,-1,0790d9078944,EVSE,CSMS-Monitor/2.1,1,644,LOG_SEQUENCE_ANOMALY,1
2025-12-04 10:52:55,CP_0047,ENERGY_UPDATE,1837,2025-12-04 10:51:40,75,161,0194da0d9fef,EVSE,EVSE-Controller/3.0,0,644,NORMAL,0
2025-12-04 10:57:43,CP_0028,FIRMWARE_CHECK,904,2025-12-04 10:52:55,288,162,0eb31b053354,CSMS,MeterService/1.5,1,644,NORMAL,0
2025-12-04 10:59:12,CP_0018,ENERGY_UPDATE,2047,2025-12-04 10:57:43,89,163,0d20520dc612,EVSE,OCPP/1.6J-ChargePoint,0,644,NORMAL,0
2025-12-04 10:59:30,CP_0016,ENERGY_UPDATE,265,2025-12-04 10:59:12,18,164,0323e50b076b,EVSE,MeterService/1.5,1,644,NORMAL,0
2025-12-04 11:00:02,CP_0026,CONFIG_UPDATE,96,2025-12-04 10:59:30,32,165,MODIFIED_4836,EVSE,UnknownEditor/1.0,1,644,LOG_MODIFICATION,1
2025-12-04 11:02:55,CP_0037,CONFIG_UPDATE,1710,2025-12-04 11:00:02,173,166,0c49500e9eb8,OCPP_GATEWAY,CSMS-Monitor/2.1,1,644,NORMAL,0
2025-12-04 11:04:18,CP_0043,FIRMWARE_CHECK,580,2025-12-04 11:02:55,83,167,08249106557a,OCPP_GATEWAY,OCPP/1.6J-ChargePoint,1,644,NORMAL,0
2026-06-06 03:13:59,CP_0036,CONNECTOR_STATUS,224,2025-12-04 11:04:18,-7200,168,0709590bd1a5,AUTH_SERVICE,EVSE-Controller/3.0,0,644,TIMESTAMP_MANIPULATION,1
2025-12-04 11:09:50,CP_0049,FIRMWARE_CHECK,1097,2025-12-04 11:08:06,104,169,0561a10f1d86,CSMS,EVSE-Controller/3.0,1,644,NORMAL,0
2025-12-04 11:13:57,CP_0004,FIRMWARE_CHECK,973,2025-12-04 11:09:50,247,170,0830a40a7145,CSMS,MeterService/1.5,1,644,NORMAL,0
2025-12-04 11:16:56,CP_0042,METER_VALUE,67,2025-12-04 11:13:57,179,171,MODIFIED_1844,OCPP_GATEWAY,UnknownEditor/1.0,1,644,LOG_MODIFICATION,1
2025-12-04 11:17:26,CP_0005,ENERGY_UPDATE,1775,2025-12-04 11:16:56,30,172,0db6880aed5e,CSMS,MeterService/1.5,1,644,NORMAL,0
2025-12-04 11:20:26,CP_0020,SESSION_START,561,2025-12-04 11:17:26,180,173,0490f60d63b5,EVSE,MeterService/1.5,1,644,NORMAL,0
2025-12-04 11:22:20,CP_0026,ENERGY_UPDATE,1258,2025-12-04 11:20:26,114,174,06abf50def21,OCPP_GATEWAY,MeterService/1.5,0,644,NORMAL,0
2025-12-04 11:27:03,CP_0042,STATUS_CHANGE,759,2025-12-04 11:22:20,283,175,05b5fb0747ba,AUTH_SERVICE,MeterService/1.5,1,644,NORMAL,0
2025-12-04 11:31:13,CP_0049,TRUNCATED_LOG,37,2025-12-04 11:27:03,250,176,04c6a2TRUNC,OCPP_GATEWAY,MeterService/1.5,1,644,LOG_TRUNCATION,1
2025-12-04 11:33:16,CP_0048,AUTH_SUCCESS,161,2025-12-04 11:31:13,123,177,05b2c10a60fd,AUTH_SERVICE,EVSE-Controller/3.0,1,644,NORMAL,0
2025-12-04 11:35:06,CP_0022,ENERGY_UPDATE,905,2025-12-04 11:33:16,110,178,0aa47b0edc14,CSMS,MeterService/1.5,1,644,NORMAL,0
2025-12-04 11:37:27,CP_0049,CONNECTOR_STATUS,1609,2025-12-04 11:35:06,141,179,0bcb010d5c00,AUTH_SERVICE,MeterService/1.5,1,644,NORMAL,0
2025-12-04 11:40:37,CP_0011,AUTH_SUCCESS,1603,2025-12-04 11:37:27,-218,160,0a45470956c4,CSMS,OCPP/1.6J-ChargePoint,1,644,LOG_SEQUENCE_ANOMALY,1
2025-12-04 11:40:50,CP_0027,AUTH_SUCCESS,1853,2025-12-04 11:40:37,13,181,0b9dfa053a93,EVSE,CSMS-Monitor/2.1,1,644,NORMAL,0
2025-12-04 11:42:51,CP_0033,CONNECTOR_STATUS,892,2025-12-04 11:40:50,121,182,027e3a0b6947,AUTH_SERVICE,MeterService/1.5,1,644,NORMAL,0
2025-12-04 11:43:04,CP_0035,FIRMWARE_CHECK,970,2025-12-04 11:42:51,13,183,01b72a01cb22,OCPP_GATEWAY,EVSE-Controller/3.0,1,644,NORMAL,0
2025-12-04 11:47:31,CP_0045,METER_VALUE,1779,2025-12-04 11:43:04,267,184,0464e6033cf6,EVSE,CSMS-Monitor/2.1,1,644,NORMAL,0
2025-12-04 11:49:19,CP_0040,FIRMWARE_CHECK,644,2025-12-04 11:47:31,108,185,0e91be07326a,OCPP_GATEWAY,MeterService/1.5,1,644,NORMAL,0
2025-12-04 11:52:40,CP_0026,CONNECTOR_STATUS,1285,2025-12-04 11:49:19,201,186,056acd0cae81,CSMS,EVSE-Controller/3.0,1,644,NORMAL,0
2024-01-31 03:13:59,CP_0006,METER_VALUE,904,2025-12-04 11:52:40,-7200,187,078f820a5e7d,AUTH_SERVICE,OCPP/1.6J-ChargePoint,1,644,TIMESTAMP_MANIPULATION,1
2025-12-04 11:56:05,CP_0037,TRUNCATED_LOG,18,2025-12-04 11:53:06,179,188,09f9f7TRUNC,CSMS,CSMS-Monitor/2.1,0,644,LOG_TRUNCATION,1
2025-12-04 11:56:53,CP_0044,DELETED_ENTRY,0,2025-12-04 11:56:05,5652,189,000000000000,EVSE,CSMS-Monitor/2.1,1,644,LOG_DELETION,1
2025-12-04 11:58:49,CP_0038,AUTH_SUCCESS,1668,2025-12-04 11:56:53,116,190,0ea82c0cede4,AUTH_SERVICE,OCPP/1.6J-ChargePoint,1,644,NORMAL,0
2025-12-04 12:00:22,CP_0037,ENERGY_UPDATE,1288,2025-12-04 11:58:49,93,191,0ee15a0f1df0,AUTH_SERVICE,EVSE-Controller/3.0,0,644,NORMAL,0
2025-12-04 12:01:43,CP_0045,SESSION_END,1153,2025-12-04 12:00:22,81,192,0d7403070f43,EVSE,OCPP/1.6J-ChargePoint,0,644,NORMAL,0
2025-12-04 12:03:51,CP_0005,STATUS_CHANGE,1367,2025-12-04 12:01:43,128,193,0dd4780b5904,AUTH_SERVICE,EVSE-Controller/3.0,1,644,NORMAL,0
2025-12-04 12:06:20,CP_0029,CONNECTOR_STATUS,595,2025-12-04 12:03:51,149,194,0738070a5fde,AUTH_SERVICE,MeterService/1.5,1,644,NORMAL,0
2025-12-04 12:09:44,CP_0006,CONFIG_UPDATE,732,2025-12-04 12:06:20,204,195,0e4b75057815,EVSE,OCPP/1.6J-ChargePoint,1,644,NORMAL,0
2025-12-04 12:11:12,CP_0025,AUTH_SUCCESS,1642,2025-12-04 12:09:44,88,196,07c2840697bd,OCPP_GATEWAY,OCPP/1.6J-ChargePoint,1,644,NORMAL,0
2025-12-04 12:11:24,CP_0020,CONNECTOR_STATUS,865,2025-12-04 12:11:12,12,197,0db51905d796,EVSE,CSMS-Monitor/2.1,1,644,NORMAL,0
2025-12-04 12:13:09,CP_0028,CONNECTOR_STATUS,1268,2025-12-04 12:11:24,105,198,0a66d709b995,AUTH_SERVICE,OCPP/1.6J-ChargePoint,1,644,NORMAL,0
2025-12-04 12:14:04,CP_0023,FIRMWARE_CHECK,318,2025-12-04 12:13:09,55,199,0b13a00b1836,OCPP_GATEWAY,MeterService/1.5,1,644,NORMAL,0
2025-12-04 12:16:43,CP_0027,METER_VALUE,1723,2025-12-04 12:14:04,159,200,02e18d0d1f95,CSMS,CSMS-Monitor/2.1,0,644,NORMAL,0
2025-12-04 12:19:10,CP_0020,DELETED_ENTRY,0,2025-12-04 12:16:43,58794,201,000000000000,CSMS,MeterService/1.5,1,644,LOG_DELETION,1
2025-12-04 12:21:53,CP_0031,SESSION_END,867,2025-12-04 12:19:10,163,202,058d960578a8,AUTH_SERVICE,CSMS-Monitor/2.1,0,644,NORMAL,0
2025-12-04 12:22:57,CP_0009,HEARTBEAT,141,2025-12-04 12:21:53,64,203,07db6106d762,AUTH_SERVICE,EVSE-Controller/3.0,0,644,NORMAL,0
2025-12-04 12:25:58,CP_0028,CONFIG_UPDATE,406,2025-12-04 12:22:57,181,204,06553506a811,CSMS,MeterService/1.5,1,644,NORMAL,0
2025-12-04 12:29:31,CP_0021,DELETED_ENTRY,0,2025-12-04 12:25:58,52890,205,000000000000,AUTH_SERVICE,CSMS-Monitor/2.1,1,644,LOG_DELETION,1
2025-12-04 12:32:04,CP_0026,STATUS_CHANGE,361,2025-12-04 12:29:31,153,206,0a8c2804b901,CSMS,OCPP/1.6J-ChargePoint,0,644,NORMAL,0
2025-12-04 12:34:01,CP_0029,GAP_DETECTED,0,2025-12-04 12:32:04,418450,3186,BULK_DEL_347,AUTH_SERVICE,MeterService/1.5,1,644,BULK_LOG_DELETION,1
2025-12-04 12:36:20,CP_0043,AUTH_SUCCESS,1592,2025-12-04 12:34:01,139,208,084bc10e26ae,AUTH_SERVICE,OCPP/1.6J-ChargePoint,0,644,NORMAL,0
2025-12-04 12:40:35,CP_0038,METER_VALUE,1222,2025-12-04 12:36:20,255,209,09a1b50c97dd,ROOT_SHELL,MetadataEditor/HACK,0,777,LOG_METADATA_TAMPERING,1
2025-12-04 12:42:52,CP_0043,STATUS_CHANGE,468,2025-12-04 12:40:35,137,210,0be0bc0b5427,EVSE,MeterService/1.5,1,644,NORMAL,0
2025-12-04 12:46:42,CP_0007,SESSION_START,329,2025-12-04 12:42:52,230,211,05aa6a0513f1,ADMIN_OVERRIDE,MetadataEditor/HACK,0,755,LOG_METADATA_TAMPERING,1
2025-12-04 12:51:08,CP_0010,STATUS_CHANGE,178,2025-12-04 12:46:42,266,212,09400e0332db,OCPP_GATEWAY,MeterService/1.5,1,644,NORMAL,0
2025-12-04 12:52:30,CP_0023,DELETED_ENTRY,0,2025-12-04 12:51:08,66011,213,000000000000,CSMS,MeterService/1.5,1,644,LOG_DELETION,1
2025-12-04 12:53:29,CP_0029,CONNECTOR_STATUS,781,2025-12-04 12:52:30,59,214,0299c5065481,EVSE,OCPP/1.6J-ChargePoint,1,644,NORMAL,0
2025-12-04 12:56:34,CP_0042,SESSION_END,1514,2025-12-04 12:53:29,185,215,0e53a10427d1,CSMS,CSMS-Monitor/2.1,1,644,NORMAL,0
2025-12-04 13:00:22,CP_0030,CONFIG_UPDATE,51,2025-12-04 12:56:34,228,216,MODIFIED_7481,CSMS,UnknownEditor/1.0,0,644,LOG_MODIFICATION,1
2025-12-04 13:02:13,CP_0029,CONFIG_UPDATE,1007,2025-12-04 13:00:22,111,217,07bf4b0198da,CSMS,CSMS-Monitor/2.1,1,644,NORMAL,0
2025-12-04 13:02:55,CP_0037,SESSION_END,1765,2025-12-04 13:02:13,42,218,0a1db8048469,OCPP_GATEWAY,EVSE-Controller/3.0,1,644,NORMAL,0
2025-12-04 13:05:19,CP_0043,AUDIT_SKIP,35006,2025-12-04 13:02:55,144,219,0bc069068a54,UNKNOWN_SOURCE,Postman/8.0,0,644,FAKE_LOG_INJECTION,1
2025-12-04 13:06:57,CP_0044,HEARTBEAT,2009,2025-12-04 13:05:19,98,220,0b5b8d0af7f4,EVSE,CSMS-Monitor/2.1,1,644,NORMAL,0
2025-12-04 13:08:07,CP_0016,HEARTBEAT,367,2025-12-04 13:06:57,70,221,047460077faf,CSMS,MeterService/1.5,0,644,NORMAL,0
2025-12-04 13:09:27,CP_0037,METER_VALUE,994,2025-12-04 13:08:07,80,222,047f78095006,CSMS,CSMS-Monitor/2.1,0,644,NORMAL,0
2025-12-04 13:12:04,CP_0009,AUTH_SUCCESS,772,2025-12-04 13:09:27,157,223,0eff6508bdec,EVSE,EVSE-Controller/3.0,1,644,NORMAL,0
2025-12-04 13:16:22,CP_0009,ENERGY_UPDATE,1797,2025-12-04 13:12:04,258,224,07ab420a82dd,AUTH_SERVICE,MeterService/1.5,0,644,NORMAL,0
2025-12-04 13:20:19,CP_0032,TRACE_REMOVE,40232,2025-12-04 13:16:22,237,225,0a927e020507,UNKNOWN_SOURCE,python-requests/2.25,0,644,FAKE_LOG_INJECTION,1
2025-12-04 13:22:56,CP_0011,CONNECTOR_STATUS,1286,2025-12-04 13:20:19,157,226,0d67fa0de2fa,AUTH_SERVICE,OCPP/1.6J-ChargePoint,1,644,NORMAL,0
2025-12-04 13:25:23,CP_0050,FIRMWARE_CHECK,1814,2025-12-04 13:22:56,147,227,07654a0a32d5,EVSE,MeterService/1.5,1,644,NORMAL,0
2025-12-04 13:29:10,CP_0007,ENERGY_UPDATE,737,2025-12-04 13:25:23,227,228,020aa408b8ba,OCPP_GATEWAY,EVSE-Controller/3.0,1,644,NORMAL,0
2025-12-04 13:30:20,CP_0050,ADMIN_SILENT,18562,2025-12-04 13:29:10,70,229,0e7f430d53e3,UNKNOWN_SOURCE,python-requests/2.25,0,644,FAKE_LOG_INJECTION,1
2025-12-04 13:31:00,CP_0037,STATUS_CHANGE,1218,2025-12-04 13:30:20,40,230,0605f30b135a,CSMS,EVSE-Controller/3.0,1,644,NORMAL,0
2025-12-04 13:33:38,CP_0037,HEARTBEAT,1885,2025-12-04 13:31:00,158,231,09c1ab0c6508,EVSE,CSMS-Monitor/2.1,0,644,NORMAL,0
2025-12-04 13:36:09,CP_0042,GAP_DETECTED,0,2025-12-04 13:33:38,485631,3948,BULK_DEL_601,CSMS,EVSE-Controller/3.0,1,644,BULK_LOG_DELETION,1
2025-12-04 13:37:31,CP_0037,HEARTBEAT,1413,2025-12-04 13:36:09,82,233,08274a078754,AUTH_SERVICE,OCPP/1.6J-ChargePoint,1,644,NORMAL,0
2025-12-04 13:41:07,CP_0033,HEARTBEAT,1550,2025-12-04 13:37:31,216,234,076e5708cd0e,AUTH_SERVICE,EVSE-Controller/3.0,1,644,NORMAL,0
2025-12-04 13:42:04,CP_0047,TRUNCATED_LOG,14,2025-12-04 13:41:07,57,235,0c26f5TRUNC,OCPP_GATEWAY,OCPP/1.6J-ChargePoint,0,644,LOG_TRUNCATION,1
2025-12-04 13:45:53,CP_0014,CONNECTOR_STATUS,677,2025-12-04 13:42:04,229,236,06b1140ec785,OCPP_GATEWAY,EVSE-Controller/3.0,1,644,NORMAL,0
2023-03-28 03:13:59,CP_0022,SESSION_START,222,2025-12-04 13:45:53,-7200,237,031e7b0b8b74,AUTH_SERVICE,OCPP/1.6J-ChargePoint,1,644,TIMESTAMP_MANIPULATION,1
2025-12-04 13:54:14,CP_0001,METER_VALUE,542,2025-12-04 13:50:11,243,238,0c8b1803a2f0,OCPP_GATEWAY,CSMS-Monitor/2.1,1,644,NORMAL,0
2025-12-04 13:55:11,CP_0042,STATUS_CHANGE,640,2025-12-04 13:54:14,57,239,02d8380779b2,CSMS,OCPP/1.6J-ChargePoint,0,644,NORMAL,0
2025-12-04 13:57:57,CP_0047,ENERGY_UPDATE,1007,2025-12-04 13:55:11,166,240,0c037e02fc2d,EVSE,OCPP/1.6J-ChargePoint,1,644,NORMAL,0
2025-12-04 13:59:14,CP_0038,SYSTEM_BYPASS,13662,2025-12-04 13:57:57,77,241,0c67d508a59e,UNKNOWN_SOURCE,wget/1.21,0,644,FAKE_LOG_INJECTION,1
2025-12-04 14:01:21,CP_0025,TRACE_REMOVE,30082,2025-12-04 13:59:14,127,242,0e6bd2032a2a,UNKNOWN_SOURCE,python-requests/2.25,0,644,FAKE_LOG_INJECTION,1
2025-12-04 14:02:39,CP_0042,AUTH_SUCCESS,268,2025-12-04 14:01:21,78,243,0a03960a89dd,EVSE,CSMS-Monitor/2.1,0,644,NORMAL,0
2025-12-04 14:05:48,CP_0047,ENERGY_UPDATE,1414,2025-12-04 14:02:39,189,244,0d7f8803f2a7,AUTH_SERVICE,MeterService/1.5,1,644,NORMAL,0
2025-12-04 14:06:42,CP_0007,AUTH_SUCCESS,1669,2025-12-04 14:05:48,54,245,037f130af585,AUTH_SERVICE,EVSE-Controller/3.0,0,644,NORMAL,0
2025-12-04 14:09:33,CP_0009,ENERGY_UPDATE,695,2025-12-04 14:06:42,171,246,0bd6fd02dfb5,CSMS,EVSE-Controller/3.0,1,644,NORMAL,0
2025-12-04 14:12:17,CP_0014,FIRMWARE_CHECK,1370,2025-12-04 14:09:33,164,247,09ada1048b52,AUTH_SERVICE,EVSE-Controller/3.0,1,644,NORMAL,0
2025-12-04 14:14:29,CP_0032,METER_VALUE,358,2025-12-04 14:12:17,132,248,0562180984ea,EVSE,OCPP/1.6J-ChargePoint,1,644,NORMAL,0
2025-12-04 14:17:21,CP_0009,METER_VALUE,1890,2025-12-04 14:14:29,172,249,0ef30f0a9eb6,AUTH_SERVICE,EVSE-Controller/3.0,1,644,NORMAL,0
2025-12-04 14:21:32,CP_0050,SESSION_END,162,2025-12-04 14:17:21,251,250,0aec77029b3d,EVSE,EVSE-Controller/3.0,1,644,NORMAL,0
2025-12-04 14:22:02,CP_0004,METER_VALUE,1165,2025-12-04 14:21:32,30,251,061c140b9540,AUTH_SERVICE,MeterService/1.5,0,644,NORMAL,0
2025-12-04 14:22:54,CP_0041,FIRMWARE_CHECK,1229,2025-12-04 14:22:02,52,252,0b61f403f801,OCPP_GATEWAY,OCPP/1.6J-ChargePoint,1,644,NORMAL,0
2025-12-04 14:23:44,CP_0033,ENERGY_UPDATE,1782,2025-12-04 14:22:54,50,253,04030c0a1bad,OCPP_GATEWAY,MeterService/1.5,1,644,NORMAL,0
2025-12-04 14:26:32,CP_0045,METER_VALUE,1622,2025-12-04 14:23:44,168,254,0f11c2055815,EVSE,CSMS-Monitor/2.1,1,644,NORMAL,0
2025-12-04 14:30:24,CP_0008,CONNECTOR_STATUS,1381,2025-12-04 14:26:32,232,255,0b4467026805,OCPP_GATEWAY,CSMS-Monitor/2.1,1,644,NORMAL,0
2025-12-04 14:30:40,CP_0046,AUTH_SUCCESS,1564,2025-12-04 14:30:24,16,256,01b51d0425ae,AUTH_SERVICE,EVSE-Controller/3.0,1,644,NORMAL,0
2025-12-04 14:32:15,CP_0024,AUTH_SUCCESS,1663,2025-12-04 14:30:40,95,257,0e061b05d37b,EVSE,OCPP/1.6J-ChargePoint,1,644,NORMAL,0
2025-12-04 14:36:04,CP_0018,FIRMWARE_CHECK,258,2025-12-04 14:32:15,229,258,05bbaa0cec4d,EVSE,MeterService/1.5,0,644,NORMAL,0
2025-12-04 14:36:42,CP_0032,LOG_PURGE,7886,2025-12-04 14:36:04,38,259,0768ac040af7,UNKNOWN_SOURCE,curl/7.68.0,0,644,FAKE_LOG_INJECTION,1
2025-12-04 14:36:58,CP_0016,SESSION_START,1094,2025-12-04 14:36:42,16,260,07597907a74f,CSMS,CSMS-Monitor/2.1,1,644,NORMAL,0
2023-09-02 03:13:59,CP_0015,STATUS_CHANGE,636,2025-12-04 14:36:58,999999,261,082f9c0d0cec,OCPP_GATEWAY,EVSE-Controller/3.0,1,644,TIMESTAMP_MANIPULATION,1
2025-12-04 14:41:18,CP_0012,ENERGY_UPDATE,1775,2025-12-04 14:40:42,36,262,09c73c0242bf,AUTH_SERVICE,OCPP/1.6J-ChargePoint,0,644,NORMAL,0
2025-12-04 14:44:07,CP_0021,TRUNCATED_LOG,37,2025-12-04 14:41:18,169,263,08d575TRUNC,OCPP_GATEWAY,CSMS-Monitor/2.1,1,644,LOG_TRUNCATION,1
2025-12-04 14:46:52,CP_0048,CONFIG_UPDATE,624,2025-12-04 14:44:07,165,264,08f2de076b12,AUTH_SERVICE,CSMS-Monitor/2.1,1,644,NORMAL,0
2025-12-04 14:48:19,CP_0001,METER_VALUE,176,2025-12-04 14:46:52,87,265,0540fb0a30cb,OCPP_GATEWAY,OCPP/1.6J-ChargePoint,1,644,NORMAL,0
2025-12-04 14:51:41,CP_0048,DELETED_ENTRY,0,2025-12-04 14:48:19,11450,266,000000000000,CSMS,MeterService/1.5,0,644,LOG_DELETION,1
2025-12-04 14:53:03,CP_0046,HEARTBEAT,318,2025-12-04 14:51:41,82,267,023a70053abc,AUTH_SERVICE,EVSE-Controller/3.0,0,644,NORMAL,0
2025-12-04 14:53:56,CP_0038,SESSION_END,1163,2025-12-04 14:53:03,53,268,03a97f0bb8a9,AUTH_SERVICE,OCPP/1.6J-ChargePoint,1,644,NORMAL,0
2025-12-04 14:55:12,CP_0016,CLEAN_HISTORY,20309,2025-12-04 14:53:56,76,269,0f23f70690e6,UNKNOWN_SOURCE,Postman/8.0,0,644,FAKE_LOG_INJECTION,1
2025-12-04 14:56:00,CP_0013,AUTH_SUCCESS,1725,2025-12-04 14:55:12,48,270,0dd9250ae196,EVSE,CSMS-Monitor/2.1,1,644,NORMAL,0
2025-12-04 14:57:34,CP_0029,CONNECTOR_STATUS,771,2025-12-04 14:56:00,94,271,0807b3037529,OCPP_GATEWAY,CSMS-Monitor/2.1,0,644,NORMAL,0
2025-12-04 15:00:21,CP_0030,HEARTBEAT,1873,2025-12-04 14:57:34,167,272,0371ca02f8fd,CSMS,EVSE-Controller/3.0,1,644,NORMAL,0
2025-12-04 15:02:21,CP_0021,AUTH_SUCCESS,314,2025-12-04 15:00:21,120,273,0ce786057f54,OCPP_GATEWAY,MeterService/1.5,1,644,NORMAL,0
2025-12-04 15:05:04,CP_0017,AUTH_SUCCESS,191,2025-12-04 15:02:21,163,274,07ff030f3312,AUTH_SERVICE,CSMS-Monitor/2.1,1,644,NORMAL,0
2025-12-04 15:09:10,CP_0007,AUTH_SUCCESS,376,2025-12-04 15:05:04,246,275,01b799028338,CSMS,CSMS-Monitor/2.1,1,644,NORMAL,0
2025-12-04 15:12:45,CP_0024,SESSION_END,1320,2025-12-04 15:09:10,215,276,0ae75e05aac1,EVSE,OCPP/1.6J-ChargePoint,1,644,NORMAL,0
2025-12-04 15:14:36,CP_0042,CONNECTOR_STATUS,1785,2025-12-04 15:12:45,111,277,03962702ff5e,OCPP_GATEWAY,OCPP/1.6J-ChargePoint,1,644,NORMAL,0
2025-12-04 15:18:42,CP_0004,AUTH_SUCCESS,2020,2025-12-04 15:14:36,246,278,0ab5410874d5,AUTH_SERVICE,MeterService/1.5,1,644,NORMAL,0
2025-12-04 15:22:07,CP_0044,METER_VALUE,481,2025-12-04 15:18:42,205,279,07306004f61a,CSMS,EVSE-Controller/3.0,1,644,NORMAL,0
2025-12-04 15:26:05,CP_0010,SESSION_START,1385,2025-12-04 15:22:07,238,280,0b6ec50b65c3,CSMS,EVSE-Controller/3.0,0,644,NORMAL,0
2025-12-04 15:29:45,CP_0036,CONNECTOR_STATUS,252,2025-12-04 15:26:05,220,281,02edee060096,AUTH_SERVICE,CSMS-Monitor/2.1,0,644,NORMAL,0
2025-12-04 15:31:37,CP_0042,FIRMWARE_CHECK,638,2025-12-04 15:29:45,112,282,0b9e310e5c4e,EVSE,MeterService/1.5,1,644,NORMAL,0
2025-12-04 15:35:52,CP_0035,CONNECTOR_STATUS,832,2025-12-04 15:31:37,255,283,0a938809906d,OCPP_GATEWAY,MeterService/1.5,1,644,NORMAL,0
2025-12-04 15:37:34,CP_0002,STATUS_CHANGE,1350,2025-12-04 15:35:52,102,284,0507bb01fea6,OCPP_GATEWAY,OCPP/1.6J-ChargePoint,0,644,NORMAL,0
2025-12-04 15:42:15,CP_0023,CONFIG_UPDATE,604,2025-12-04 15:37:34,281,285,0414720320c6,CSMS,CSMS-Monitor/2.1,1,644,NORMAL,0
2025-12-04 15:42:53,CP_0049,ADMIN_SILENT,43831,2025-12-04 15:42:15,38,286,0f11e80e48bc,UNKNOWN_SOURCE,python-requests/2.25,0,644,FAKE_LOG_INJECTION,1
2025-12-04 15:45:45,CP_0048,STATUS_CHANGE,1999,2025-12-04 15:42:53,172,287,0afdaa01fa28,OCPP_GATEWAY,CSMS-Monitor/2.1,1,644,NORMAL,0
2025-12-04 15:50:07,CP_0035,HEARTBEAT,487,2025-12-04 15:45:45,262,288,095f7302221f,EVSE,OCPP/1.6J-ChargePoint,1,644,NORMAL,0
2021-05-19 03:13:59,CP_0034,CONNECTOR_STATUS,129,2025-12-04 15:50:07,-3600,289,06d5680b5a1e,CSMS,CSMS-Monitor/2.1,1,644,TIMESTAMP_MANIPULATION,1
2025-12-04 15:51:49,CP_0050,DELETED_ENTRY,0,2025-12-04 15:50:27,80410,290,000000000000,EVSE,EVSE-Controller/3.0,0,644,LOG_DELETION,1
2025-12-04 15:52:50,CP_0022,HEARTBEAT,788,2025-12-04 15:51:49,61,291,03b587040bc2,AUTH_SERVICE,MeterService/1.5,1,644,NORMAL,0
2025-12-04 15:54:29,CP_0046,FIRMWARE_CHECK,1548,2025-12-04 15:52:50,99,292,0b58600e1e24,OCPP_GATEWAY,CSMS-Monitor/2.1,1,644,NORMAL,0
2025-12-04 15:57:52,CP_0020,HEARTBEAT,388,2025-12-04 15:54:29,203,293,045e840d2fea,EVSE,MeterService/1.5,1,644,NORMAL,0
2025-12-04 15:59:35,CP_0039,STATUS_CHANGE,2014,2025-12-04 15:57:52,103,294,0e777f0b4ed7,CSMS,OCPP/1.6J-ChargePoint,0,644,NORMAL,0
2025-12-04 16:00:57,CP_0022,SESSION_END,615,2025-12-04 15:59:35,82,295,07132806a35f,CSMS,OCPP/1.6J-ChargePoint,1,644,NORMAL,0
2025-12-04 16:03:22,CP_0014,DEBUG_OVERRIDE,33719,2025-12-04 16:00:57,145,296,029c4f072232,UNKNOWN_SOURCE,wget/1.21,0,644,FAKE_LOG_INJECTION,1
2025-12-04 16:07:06,CP_0011,METER_VALUE,1137,2025-12-04 16:03:22,224,297,0795d4072544,AUTH_SERVICE,OCPP/1.6J-ChargePoint,0,644,NORMAL,0
2025-12-04 16:09:11,CP_0011,CONNECTOR_STATUS,278,2025-12-04 16:07:06,125,298,0e50200f0ede,EVSE,EVSE-Controller/3.0,1,644,NORMAL,0
2025-12-04 16:12:04,CP_0017,SESSION_END,279,2025-12-04 16:09:11,173,299,06feab043f60,AUTH_SERVICE,CSMS-Monitor/2.1,1,644,NORMAL,0
2025-12-04 16:16:54,CP_0006,STATUS_CHANGE,1344,2025-12-04 16:12:04,290,300,0b581d093fea,EVSE,MeterService/1.5,1,644,NORMAL,0
2025-12-04 16:20:46,CP_0011,SESSION_START,335,2025-12-04 16:16:54,232,301,06d2c904d08f,CSMS,MeterService/1.5,1,644,NORMAL,0
2025-12-04 16:23:20,CP_0020,ENERGY_UPDATE,324,2025-12-04 16:20:46,154,302,0251ee07cff3,AUTH_SERVICE,CSMS-Monitor/2.1,1,644,NORMAL,0
2025-12-04 16:26:34,CP_0001,METER_VALUE,307,2025-12-04 16:23:20,194,303,063d190eb54e,AUTH_SERVICE,CSMS-Monitor/2.1,1,644,NORMAL,0
2025-12-04 16:26:57,CP_0014,AUTH_SUCCESS,1435,2025-12-04 16:26:34,23,304,0631e202d63c,AUTH_SERVICE,OCPP/1.6J-ChargePoint,1,644,NORMAL,0
2025-12-04 16:30:30,CP_0031,CONNECTOR_STATUS,1960,2025-12-04 16:26:57,213,305,0c1a3e05c415,EVSE,MeterService/1.5,1,644,NORMAL,0
2025-12-04 16:33:55,CP_0024,CONFIG_UPDATE,67,2025-12-04 16:30:30,205,306,MODIFIED_4706,AUTH_SERVICE,UnknownEditor/1.0,1,644,LOG_MODIFICATION,1
2025-12-04 16:34:36,CP_0010,SESSION_END,303,2025-12-04 16:33:55,41,307,0c37540706cb,AUTH_SERVICE,CSMS-Monitor/2.1,1,644,NORMAL,0
2025-12-04 16:39:13,CP_0027,TRUNCATED_LOG,6,2025-12-04 16:34:36,277,308,091f81TRUNC,CSMS,MeterService/1.5,1,644,LOG_TRUNCATION,1
2025-12-04 16:42:45,CP_0046,SESSION_START,1156,2025-12-04 16:39:13,212,309,0aaa5709cb82,CSMS,OCPP/1.6J-ChargePoint,0,644,NORMAL,0
2025-12-04 16:44:23,CP_0011,ENERGY_UPDATE,1783,2025-12-04 16:42:45,98,310,049c07038b7b,EVSE,MeterService/1.5,1,644,NORMAL,0
2025-12-04 16:48:15,CP_0013,AUTH_SUCCESS,1836,2025-12-04 16:44:23,232,311,0b0bf005a6ed,OCPP_GATEWAY,OCPP/1.6J-ChargePoint,1,644,NORMAL,0
2025-12-04 16:51:43,CP_0036,METER_VALUE,1258,2025-12-04 16:48:15,208,312,06be700f3b5b,OCPP_GATEWAY,MeterService/1.5,1,644,NORMAL,0
2025-12-04 16:56:20,CP_0027,SESSION_END,976,2025-12-04 16:51:43,277,313,03eb8f03e5a6,EVSE,OCPP/1.6J-ChargePoint,1,644,NORMAL,0
2025-12-04 17:01:04,CP_0023,METER_VALUE,668,2025-12-04 16:56:20,-853,-1,07a7920c00a2,AUTH_SERVICE,MeterService/1.5,1,644,LOG_SEQUENCE_ANOMALY,1
2025-12-04 17:04:39,CP_0003,METER_VALUE,1949,2025-12-04 17:01:04,215,315,06d46c0c92f8,CSMS,OCPP/1.6J-ChargePoint,0,644,NORMAL,0
2025-12-04 17:07:59,CP_0002,GAP_DETECTED,0,2025-12-04 17:04:39,536362,1619,BULK_DEL_989,OCPP_GATEWAY,EVSE-Controller/3.0,0,644,BULK_LOG_DELETION,1
2025-12-04 17:10:05,CP_0009,HEARTBEAT,1651,2025-12-04 17:07:59,126,317,089d9b0de90e,OCPP_GATEWAY,EVSE-Controller/3.0,0,644,NORMAL,0
2023-03-24 03:13:59,CP_0013,CONNECTOR_STATUS,560,2025-12-04 17:10:05,-3600,318,0eb59a080a65,AUTH_SERVICE,EVSE-Controller/3.0,1,644,TIMESTAMP_MANIPULATION,1
2025-12-04 17:13:49,CP_0046,FIRMWARE_CHECK,954,2025-12-04 17:11:00,169,319,03b23f0e039e,EVSE,CSMS-Monitor/2.1,1,644,NORMAL,0
2025-12-04 17:15:41,CP_0004,ENERGY_UPDATE,195,2025-12-04 17:13:49,112,320,08d43d0255b7,OCPP_GATEWAY,CSMS-Monitor/2.1,1,644,NORMAL,0
2025-12-04 17:18:59,CP_0030,FIRMWARE_CHECK,940,2025-12-04 17:15:41,198,321,0bb143038202,EVSE,CSMS-Monitor/2.1,1,644,NORMAL,0
2025-12-04 17:22:57,CP_0012,SYSTEM_BYPASS,6798,2025-12-04 17:18:59,238,322,0a58e3071f3d,UNKNOWN_SOURCE,Postman/8.0,0,644,FAKE_LOG_INJECTION,1
2025-12-04 17:24:30,CP_0037,SESSION_START,82,2025-12-04 17:22:57,93,323,MODIFIED_7709,CSMS,UnknownEditor/1.0,1,644,LOG_MODIFICATION,1
2025-12-04 17:24:44,CP_0031,AUTH_SUCCESS,1453,2025-12-04 17:24:30,14,324,044c0e0b24e7,EVSE,CSMS-Monitor/2.1,1,644,NORMAL,0
2025-12-04 17:27:30,CP_0046,HEARTBEAT,995,2025-12-04 17:24:44,166,325,078cab0f26b8,OCPP_GATEWAY,MeterService/1.5,1,644,NORMAL,0
2025-12-04 17:29:31,CP_0030,HEARTBEAT,1514,2025-12-04 17:27:30,121,326,09db280eb700,AUTH_SERVICE,OCPP/1.6J-ChargePoint,1,644,NORMAL,0
2025-12-04 17:32:52,CP_0036,AUDIT_SKIP,46982,2025-12-04 17:29:31,201,327,060c78064d2e,UNKNOWN_SOURCE,Postman/8.0,0,644,FAKE_LOG_INJECTION,1
2025-12-04 17:35:48,CP_0018,HEARTBEAT,1471,2025-12-04 17:32:52,176,328,0ce7430bf308,OCPP_GATEWAY,CSMS-Monitor/2.1,1,644,NORMAL,0
2025-12-04 17:38:01,CP_0004,TRACE_REMOVE,32431,2025-12-04 17:35:48,133,329,0c182806a3a5,UNKNOWN_SOURCE,Postman/8.0,0,644,FAKE_LOG_INJECTION,1
2025-12-04 17:41:38,CP_0025,SESSION_START,1322,2025-12-04 17:38:01,217,330,0cdae00aadb5,CSMS,EVSE-Controller/3.0,1,644,NORMAL,0
2025-12-04 17:46:21,CP_0041,CONNECTOR_STATUS,1984,2025-12-04 17:41:38,283,331,0c4699074307,OCPP_GATEWAY,CSMS-Monitor/2.1,1,644,NORMAL,0
2025-12-04 17:49:01,CP_0007,CONNECTOR_STATUS,390,2025-12-04 17:46:21,160,332,0d616d05aa10,CSMS,EVSE-Controller/3.0,1,644,NORMAL,0
2025-12-04 17:51:05,CP_0048,CONNECTOR_STATUS,57,2025-12-04 17:49:01,124,333,MODIFIED_8598,OCPP_GATEWAY,UnknownEditor/1.0,1,644,LOG_MODIFICATION,1
2025-12-04 17:51:42,CP_0041,CONFIG_UPDATE,1316,2025-12-04 17:51:05,37,334,0b74d302aa53,AUTH_SERVICE,CSMS-Monitor/2.1,1,644,NORMAL,0
2025-12-04 17:55:07,CP_0034,TRUNCATED_LOG,22,2025-12-04 17:51:42,205,335,026410TRUNC,CSMS,CSMS-Monitor/2.1,1,644,LOG_TRUNCATION,1
2025-12-04 17:59:11,CP_0010,ADMIN_SILENT,46582,2025-12-04 17:55:07,244,336,0cfa0004695d,UNKNOWN_SOURCE,Postman/8.0,0,644,FAKE_LOG_INJECTION,1
2025-12-04 17:59:50,CP_0001,CONNECTOR_STATUS,688,2025-12-04 17:59:11,39,337,04e0410db479,CSMS,CSMS-Monitor/2.1,0,644,NORMAL,0
2025-12-04 18:00:45,CP_0009,CONFIG_UPDATE,1016,2025-12-04 17:59:50,55,338,0ba96308657c,AUTH_SERVICE,MeterService/1.5,0,644,NORMAL,0
2025-12-04 18:04:11,CP_0001,SESSION_START,1221,2025-12-04 18:00:45,206,339,04b76c0d3767,OCPP_GATEWAY,OCPP/1.6J-ChargePoint,1,644,NORMAL,0
2025-12-04 18:08:52,CP_0013,SESSION_START,1513,2025-12-04 18:04:11,281,340,0197840b8d88,CSMS,CSMS-Monitor/2.1,1,644,NORMAL,0
2025-12-04 18:11:41,CP_0009,SESSION_END,913,2025-12-04 18:08:52,169,341,09944a0af1d1,OCPP_GATEWAY,CSMS-Monitor/2.1,1,644,NORMAL,0
2025-12-04 18:12:14,CP_0020,HEARTBEAT,1061,2025-12-04 18:11:41,33,342,0d2bd309d9b9,OCPP_GATEWAY,MeterService/1.5,1,644,NORMAL,0
2025-12-04 18:15:19,CP_0032,STATUS_CHANGE,1664,2025-12-04 18:12:14,185,343,048a6b0429fc,AUTH_SERVICE,OCPP/1.6J-ChargePoint,1,644,NORMAL,0
2025-12-04 18:17:23,CP_0047,AUTH_SUCCESS,560,2025-12-04 18:15:19,124,344,0d456701e061,CSMS,OCPP/1.6J-ChargePoint,1,644,NORMAL,0
2025-12-04 18:17:52,CP_0025,HEARTBEAT,1707,2025-12-04 18:17:23,29,345,0a14e40b7efc,EVSE,OCPP/1.6J-ChargePoint,1,644,NORMAL,0
2025-12-04 18:18:12,CP_0004,SESSION_END,981,2025-12-04 18:17:52,20,346,08a289079c24,EVSE,EVSE-Controller/3.0,0,644,NORMAL,0
2025-12-04 18:19:40,CP_0014,SESSION_START,744,2025-12-04 18:18:12,88,347,0842830c1ccd,EVSE,EVSE-Controller/3.0,1,644,NORMAL,0
2025-12-04 18:23:24,CP_0007,FIRMWARE_CHECK,1600,2025-12-04 18:19:40,224,348,0b68b70368dd,OCPP_GATEWAY,OCPP/1.6J-ChargePoint,1,644,NORMAL,0
2025-12-04 18:27:48,CP_0013,CONFIG_UPDATE,537,2025-12-04 18:23:24,264,349,0df92505bbd9,CSMS,EVSE-Controller/3.0,0,644,NORMAL,0
2025-12-04 18:28:18,CP_0036,SESSION_END,50,2025-12-04 18:27:48,30,350,MODIFIED_1044,AUTH_SERVICE,UnknownEditor/1.0,1,644,LOG_MODIFICATION,1
2025-12-04 18:32:40,CP_0010,GAP_DETECTED,0,2025-12-04 18:28:18,325869,3275,BULK_DEL_370,EVSE,EVSE-Controller/3.0,1,644,BULK_LOG_DELETION,1
2025-12-04 18:36:47,CP_0004,SESSION_END,1793,2025-12-04 18:32:40,247,352,045234022830,OCPP_GATEWAY,EVSE-Controller/3.0,1,644,NORMAL,0
2025-12-04 18:37:56,CP_0007,CLEAN_HISTORY,11091,2025-12-04 18:36:47,69,353,0f286903bd7d,UNKNOWN_SOURCE,Postman/8.0,0,644,FAKE_LOG_INJECTION,1
2025-12-04 18:41:16,CP_0022,AUTH_SUCCESS,361,2025-12-04 18:37:56,200,354,07f03507ee0c,AUTH_SERVICE,EVSE-Controller/3.0,0,644,NORMAL,0
2025-12-04 18:45:30,CP_0027,AUTH_SUCCESS,359,2025-12-04 18:41:16,254,355,03a5640caa23,EVSE,CSMS-Monitor/2.1,1,644,NORMAL,0
2025-12-04 18:49:13,CP_0038,CONNECTOR_STATUS,1771,2025-12-04 18:45:30,223,356,0aa1040c6152,AUTH_SERVICE,CSMS-Monitor/2.1,0,644,NORMAL,0
2025-12-04 18:49:37,CP_0044,AUTH_SUCCESS,1117,2025-12-04 18:49:13,-988,0,0955f9035537,AUTH_SERVICE,MeterService/1.5,1,644,LOG_SEQUENCE_ANOMALY,1
2025-12-04 18:54:15,CP_0050,CONFIG_UPDATE,1610,2025-12-04 18:49:37,-507,1201,0a90ea051c11,OCPP_GATEWAY,OCPP/1.6J-ChargePoint,0,644,LOG_SEQUENCE_ANOMALY,1
2025-12-04 18:57:22,CP_0043,METER_VALUE,432,2025-12-04 18:54:15,187,359,0ef34d0ebfb6,EVSE,OCPP/1.6J-ChargePoint,1,644,NORMAL,0
2025-12-04 19:01:50,CP_0031,CONNECTOR_STATUS,1908,2025-12-04 18:57:22,268,360,042c1e02b945,AUTH_SERVICE,EVSE-Controller/3.0,1,644,NORMAL,0
2025-12-04 19:04:22,CP_0004,CONNECTOR_STATUS,79,2025-12-04 19:01:50,152,361,MODIFIED_2291,AUTH_SERVICE,UnknownEditor/1.0,1,644,LOG_MODIFICATION,1
2025-12-04 19:08:21,CP_0006,CONNECTOR_STATUS,1043,2025-12-04 19:04:22,239,362,069536036cd9,AUTH_SERVICE,OCPP/1.6J-ChargePoint,1,644,NORMAL,0
2025-12-04 19:11:57,CP_0027,SESSION_START,1269,2025-12-04 19:08:21,216,363,0a4fbb018751,EVSE,EVSE-Controller/3.0,1,644,NORMAL,0
2025-12-04 19:16:00,CP_0022,STATUS_CHANGE,1818,2025-12-04 19:11:57,243,364,0264ef0e975f,CSMS,MeterService/1.5,1,644,NORMAL,0
2025-12-04 19:20:56,CP_0050,CONFIG_UPDATE,1356,2025-12-04 19:16:00,296,365,0918940cfe0e,OCPP_GATEWAY,MeterService/1.5,1,644,NORMAL,0
2025-12-04 19:22:59,CP_0001,DELETED_ENTRY,0,2025-12-04 19:20:56,9600,366,000000000000,OCPP_GATEWAY,EVSE-Controller/3.0,1,644,LOG_DELETION,1
2025-12-04 19:27:21,CP_0009,GAP_DETECTED,0,2025-12-04 19:22:59,574101,4084,BULK_DEL_320,CSMS,CSMS-Monitor/2.1,1,644,BULK_LOG_DELETION,1
2025-12-04 19:31:25,CP_0013,STATUS_CHANGE,348,2025-12-04 19:27:21,244,368,0da3e808284b,EVSE,OCPP/1.6J-ChargePoint,0,644,NORMAL,0
2025-12-04 19:35:53,CP_0009,ADMIN_SILENT,13413,2025-12-04 19:31:25,268,369,0a02ff0d4e28,UNKNOWN_SOURCE,python-requests/2.25,0,644,FAKE_LOG_INJECTION,1
2025-12-04 19:38:47,CP_0033,DELETED_ENTRY,0,2025-12-04 19:35:53,48539,370,000000000000,CSMS,EVSE-Controller/3.0,0,644,LOG_DELETION,1
2025-12-04 19:41:27,CP_0029,AUTH_SUCCESS,410,2025-12-04 19:38:47,160,371,08213a0b2a90,OCPP_GATEWAY,EVSE-Controller/3.0,1,644,NORMAL,0
2025-12-04 19:44:05,CP_0044,CONNECTOR_STATUS,85,2025-12-04 19:41:27,158,372,MODIFIED_6771,CSMS,UnknownEditor/1.0,1,644,LOG_MODIFICATION,1
2025-12-04 19:47:48,CP_0044,FIRMWARE_CHECK,713,2025-12-04 19:44:05,223,373,0f152b0848b8,EVSE,OCPP/1.6J-ChargePoint,1,644,NORMAL,0
2025-12-04 19:48:25,CP_0043,HEARTBEAT,53,2025-12-04 19:47:48,37,374,MODIFIED_3399,CSMS,UnknownEditor/1.0,1,644,LOG_MODIFICATION,1
2025-12-04 19:50:19,CP_0049,FIRMWARE_CHECK,194,2025-12-04 19:48:25,114,375,0743c90e8ce0,AUTH_SERVICE,OCPP/1.6J-ChargePoint,1,644,NORMAL,0
2025-12-04 19:55:16,CP_0025,ENERGY_UPDATE,1174,2025-12-04 19:50:19,-11,0,0e13250e4674,OCPP_GATEWAY,OCPP/1.6J-ChargePoint,0,644,LOG_SEQUENCE_ANOMALY,1
2018-11-18 03:13:59,CP_0048,HEARTBEAT,543,2025-12-04 19:55:16,999999,377,0b74720e054b,AUTH_SERVICE,CSMS-Monitor/2.1,1,644,TIMESTAMP_MANIPULATION,1
2025-12-04 19:57:22,CP_0050,ENERGY_UPDATE,730,2025-12-04 19:55:32,110,378,08b4f8045d5c,EVSE,CSMS-Monitor/2.1,1,644,NORMAL,0
2025-12-04 20:01:55,CP_0008,METER_VALUE,211,2025-12-04 19:57:22,273,379,0861cb05fdde,OCPP_GATEWAY,CSMS-Monitor/2.1,1,644,NORMAL,0
2016-05-02 03:13:59,CP_0001,STATUS_CHANGE,1083,2025-12-04 20:01:55,999999,380,0ce1830400b5,EVSE,CSMS-Monitor/2.1,1,644,TIMESTAMP_MANIPULATION,1
2016-03-11 03:13:59,CP_0032,CONFIG_UPDATE,1254,2025-12-04 20:04:15,999999,381,07415702b125,OCPP_GATEWAY,CSMS-Monitor/2.1,1,644,TIMESTAMP_MANIPULATION,1
2025-12-04 20:08:30,CP_0027,FIRMWARE_CHECK,1227,2025-12-04 20:06:59,91,382,07fb0502ff3b,OCPP_GATEWAY,CSMS-Monitor/2.1,1,644,NORMAL,0
2025-12-04 20:11:29,CP_0022,STATUS_CHANGE,729,2025-12-04 20:08:30,179,383,0505600d9180,AUTH_SERVICE,OCPP/1.6J-ChargePoint,1,644,NORMAL,0
2025-12-04 20:14:36,CP_0029,ENERGY_UPDATE,1980,2025-12-04 20:11:29,187,384,0bcd560b5858,CSMS,OCPP/1.6J-ChargePoint,1,644,NORMAL,0
2025-12-04 20:15:44,CP_0025,HEARTBEAT,52,2025-12-04 20:14:36,68,385,MODIFIED_8975,EVSE,UnknownEditor/1.0,0,644,LOG_MODIFICATION,1
2025-12-04 20:17:32,CP_0021,FIRMWARE_CHECK,296,2025-12-04 20:15:44,108,386,030fa9043446,EVSE,OCPP/1.6J-ChargePoint,1,644,NORMAL,0
2025-12-04 20:19:31,CP_0044,METER_VALUE,1839,2025-12-04 20:17:32,119,387,03304f04d0ad,AUTH_SERVICE,OCPP/1.6J-ChargePoint,1,644,NORMAL,0
2025-12-04 20:19:53,CP_0030,STATUS_CHANGE,205,2025-12-04 20:19:31,22,388,02ed1c02b2a6,EVSE,CSMS-Monitor/2.1,1,644,NORMAL,0
2025-12-04 20:24:48,CP_0005,CONFIG_UPDATE,1810,2025-12-04 20:19:53,295,389,052b0f05aa0c,AUTH_SERVICE,MeterService/1.5,0,644,NORMAL,0
2025-12-04 20:28:25,CP_0028,STATUS_CHANGE,162,2025-12-04 20:24:48,217,390,07c2060c4c74,EVSE,OCPP/1.6J-ChargePoint,1,644,NORMAL,0
2025-12-04 20:28:58,CP_0045,SESSION_END,860,2025-12-04 20:28:25,33,391,09923e03395b,OCPP_GATEWAY,EVSE-Controller/3.0,1,644,NORMAL,0
2025-12-04 20:32:52,CP_0025,METER_VALUE,97,2025-12-04 20:28:58,234,392,MODIFIED_3234,AUTH_SERVICE,UnknownEditor/1.0,1,644,LOG_MODIFICATION,1
2025-12-04 20:37:41,CP_0019,AUTH_SUCCESS,738,2025-12-04 20:32:52,289,393,0c5ccd0e3f03,OCPP_GATEWAY,OCPP/1.6J-ChargePoint,1,644,NORMAL,0
2025-12-04 20:38:54,CP_0003,SESSION_START,1300,2025-12-04 20:37:41,73,394,0b128507d4c8,EVSE,EVSE-Controller/3.0,1,644,NORMAL,0
2025-12-04 20:42:00,CP_0014,METER_VALUE,1982,2025-12-04 20:38:54,186,395,0bdc5c0f2633,CSMS,CSMS-Monitor/2.1,1,644,NORMAL,0
2025-12-04 20:44:03,CP_0040,HEARTBEAT,525,2025-12-04 20:42:00,123,396,035c1e046d77,EVSE,MeterService/1.5,1,644,NORMAL,0
2025-12-04 20:46:41,CP_0043,SESSION_END,641,2025-12-04 20:44:03,158,397,0318dc04af3f,AUTH_SERVICE,EVSE-Controller/3.0,1,644,NORMAL,0
2025-12-04 20:47:56,CP_0043,ENERGY_UPDATE,332,2025-12-04 20:46:41,75,398,06168b0b7029,EVSE,CSMS-Monitor/2.1,1,644,NORMAL,0
2025-12-04 20:52:14,CP_0029,STATUS_CHANGE,1390,2025-12-04 20:47:56,258,399,0c139e066aab,CSMS,EVSE-Controller/3.0,1,644,NORMAL,0
2025-12-04 20:53:50,CP_0001,STATUS_CHANGE,632,2025-12-04 20:52:14,96,400,0e18b00511fe,DEBUG_MODE,MetadataEditor/HACK,0,000,LOG_METADATA_TAMPERING,1
2025-12-04 20:58:05,CP_0030,CONNECTOR_STATUS,862,2025-12-04 20:53:50,-139,308,0dec120669d6,AUTH_SERVICE,OCPP/1.6J-ChargePoint,1,644,LOG_SEQUENCE_ANOMALY,1
2025-12-04 21:00:38,CP_0009,FIRMWARE_CHECK,530,2025-12-04 20:58:05,153,402,05bcd50d4339,EVSE,OCPP/1.6J-ChargePoint,1,644,NORMAL,0
2025-12-04 21:05:07,CP_0041,SESSION_START,1792,2025-12-04 21:00:38,269,403,0ad60c0ac9cd,AUTH_SERVICE,CSMS-Monitor/2.1,1,644,NORMAL,0
2025-12-04 21:09:59,CP_0017,FIRMWARE_CHECK,1958,2025-12-04 21:05:07,292,404,0a292409145c,CSMS,EVSE-Controller/3.0,0,644,NORMAL,0
2025-12-04 21:12:37,CP_0009,AUTH_SUCCESS,89,2025-12-04 21:09:59,158,405,MODIFIED_4913,AUTH_SERVICE,UnknownEditor/1.0,1,644,LOG_MODIFICATION,1
2025-12-04 21:17:10,CP_0009,CONNECTOR_STATUS,454,2025-12-04 21:12:37,273,406,0464670a966c,CSMS,MeterService/1.5,1,644,NORMAL,0
2025-12-04 21:17:40,CP_0015,CONNECTOR_STATUS,602,2025-12-04 21:17:10,30,407,02881a05c16e,OCPP_GATEWAY,CSMS-Monitor/2.1,1,644,NORMAL,0
2025-12-04 21:19:35,CP_0034,STATUS_CHANGE,922,2025-12-04 21:17:40,115,408,090a6908ccd8,EVSE,OCPP/1.6J-ChargePoint,1,644,NORMAL,0
2025-12-04 21:24:11,CP_0041,DELETED_ENTRY,0,2025-12-04 21:19:35,51480,409,000000000000,CSMS,MeterService/1.5,0,644,LOG_DELETION,1
2025-12-04 21:25:00,CP_0034,HEARTBEAT,898,2025-12-04 21:24:11,49,410,05179e09c9af,AUTH_SERVICE,EVSE-Controller/3.0,1,644,NORMAL,0
2025-12-04 21:29:19,CP_0031,CONFIG_UPDATE,141,2025-12-04 21:25:00,259,411,098e2603bfd6,AUTH_SERVICE,CSMS-Monitor/2.1,1,644,NORMAL,0
2025-12-04 21:30:08,CP_0033,HEARTBEAT,561,2025-12-04 21:29:19,49,412,03ee02048430,CSMS,EVSE-Controller/3.0,1,644,NORMAL,0
2020-05-26 03:13:59,CP_0022,SESSION_END,1114,2025-12-04 21:30:08,-3600,413,0c545d092fd9,AUTH_SERVICE,CSMS-Monitor/2.1,1,644,TIMESTAMP_MANIPULATION,1
2025-12-04 21:36:04,CP_0003,AUTH_SUCCESS,1302,2025-12-04 21:33:50,134,414,0b00e1041a9c,CSMS,OCPP/1.6J-ChargePoint,1,644,NORMAL,0
2025-12-04 21:36:42,CP_0011,HEARTBEAT,2017,2025-12-04 21:36:04,38,415,04680f09cac9,AUTH_SERVICE,OCPP/1.6J-ChargePoint,1,644,NORMAL,0
2025-12-04 21:37:35,CP_0014,CONNECTOR_STATUS,1370,2025-12-04 21:36:42,53,416,091188093b89,CSMS,CSMS-Monitor/2.1,0,644,NORMAL,0
2025-12-04 21:38:58,CP_0038,AUTH_SUCCESS,1404,2025-12-04 21:37:35,83,417,0c148b09b2e1,OCPP_GATEWAY,CSMS-Monitor/2.1,1,644,NORMAL,0
2025-12-04 21:43:00,CP_0039,CONFIG_UPDATE,268,2025-12-04 21:38:58,242,418,0533f10793c7,AUTH_SERVICE,CSMS-Monitor/2.1,1,644,NORMAL,0
2025-12-04 21:43:18,CP_0013,FIRMWARE_CHECK,1888,2025-12-04 21:43:00,18,419,09987b0c79cb,AUTH_SERVICE,CSMS-Monitor/2.1,1,644,NORMAL,0
2025-12-04 21:43:47,CP_0035,DELETED_ENTRY,0,2025-12-04 21:43:18,60157,420,000000000000,AUTH_SERVICE,CSMS-Monitor/2.1,1,644,LOG_DELETION,1
2025-12-04 21:47:06,CP_0003,SYSTEM_BYPASS,13774,2025-12-04 21:43:47,199,421,0532990e5cd8,UNKNOWN_SOURCE,wget/1.21,0,644,FAKE_LOG_INJECTION,1
2025-12-04 21:49:26,CP_0031,ENERGY_UPDATE,1991,2025-12-04 21:47:06,140,422,02ddf1060ee2,AUTH_SERVICE,EVSE-Controller/3.0,1,644,NORMAL,0
2025-12-04 21:49:39,CP_0037,DELETED_ENTRY,0,2025-12-04 21:49:26,57188,423,000000000000,AUTH_SERVICE,CSMS-Monitor/2.1,1,644,LOG_DELETION,1
2025-12-04 21:52:54,CP_0007,AUTH_SUCCESS,1000,2025-12-04 21:49:39,195,424,0bf37a0ae44d,OCPP_GATEWAY,EVSE-Controller/3.0,0,644,NORMAL,0
2019-08-02 03:13:59,CP_0044,METER_VALUE,1674,2025-12-04 21:52:54,-7200,425,04c8f4082335,AUTH_SERVICE,CSMS-Monitor/2.1,1,644,TIMESTAMP_MANIPULATION,1
2025-12-04 21:58:12,CP_0037,STATUS_CHANGE,1713,2025-12-04 21:55:25,167,426,0cd05407e55d,CSMS,OCPP/1.6J-ChargePoint,1,644,NORMAL,0
2025-12-04 22:02:10,CP_0045,AUTH_SUCCESS,333,2025-12-04 21:58:12,238,427,04f50b09a8cc,AUTH_SERVICE,EVSE-Controller/3.0,1,644,NORMAL,0
2025-12-04 22:02:22,CP_0006,DELETED_ENTRY,0,2025-12-04 22:02:10,32667,428,000000000000,EVSE,OCPP/1.6J-ChargePoint,1,644,LOG_DELETION,1
2025-12-04 22:05:41,CP_0006,CONFIG_UPDATE,205,2025-12-04 22:02:22,199,429,0d1e2707acd3,AUTH_SERVICE,EVSE-Controller/3.0,1,644,NORMAL,0
2025-12-04 22:07:20,CP_0041,CONNECTOR_STATUS,1027,2025-12-04 22:05:41,99,430,01b27e04c0d1,OCPP_GATEWAY,CSMS-Monitor/2.1,1,644,NORMAL,0
2025-12-04 22:11:51,CP_0034,ENERGY_UPDATE,1387,2025-12-04 22:07:20,271,431,043cd30c4f6d,EVSE,EVSE-Controller/3.0,1,644,NORMAL,0
2025-12-04 22:12:01,CP_0011,SESSION_END,693,2025-12-04 22:11:51,10,432,0e002a07eab4,OCPP_GATEWAY,MeterService/1.5,0,644,NORMAL,0
2021-11-28 03:13:59,CP_0001,SESSION_END,2010,2025-12-04 22:12:01,-3600,433,02f7f10a51c1,OCPP_GATEWAY,EVSE-Controller/3.0,1,644,TIMESTAMP_MANIPULATION,1
2025-12-04 22:18:25,CP_0030,METER_VALUE,1305,2025-12-04 22:16:36,109,434,0199ad05b41f,CSMS,MeterService/1.5,1,644,NORMAL,0
2018-09-11 03:13:59,CP_0019,STATUS_CHANGE,367,2025-12-04 22:18:25,-7200,435,0e5f7909bd0c,OCPP_GATEWAY,EVSE-Controller/3.0,0,644,TIMESTAMP_MANIPULATION,1
2025-12-04 22:25:06,CP_0049,STATUS_CHANGE,1716,2025-12-04 22:22:52,134,436,08de110c6e6f,AUTH_SERVICE,OCPP/1.6J-ChargePoint,0,644,NORMAL,0
2025-12-04 22:26:15,CP_0017,SESSION_END,911,2025-12-04 22:25:06,69,437,0baa1a0e24f5,CSMS,CSMS-Monitor/2.1,1,644,NORMAL,0
2025-12-04 22:29:56,CP_0023,FIRMWARE_CHECK,1225,2025-12-04 22:26:15,221,438,01ae730cbd2d,OCPP_GATEWAY,CSMS-Monitor/2.1,1,644,NORMAL,0
2025-12-04 22:33:01,CP_0005,DELETED_ENTRY,0,2025-12-04 22:29:56,78797,439,000000000000,OCPP_GATEWAY,EVSE-Controller/3.0,1,644,LOG_DELETION,1
2025-12-04 22:35:28,CP_0012,ENERGY_UPDATE,1149,2025-12-04 22:33:01,147,440,0d51d604b875,CSMS,CSMS-Monitor/2.1,1,644,NORMAL,0
2025-12-04 22:37:23,CP_0015,ENERGY_UPDATE,1837,2025-12-04 22:35:28,115,441,0585600ee840,OCPP_GATEWAY,CSMS-Monitor/2.1,1,644,NORMAL,0
2025-12-04 22:38:34,CP_0006,CONNECTOR_STATUS,1385,2025-12-04 22:37:23,71,442,01a1c10dc0f8,EVSE,MeterService/1.5,1,644,NORMAL,0
2025-12-04 22:41:25,CP_0032,CONFIG_UPDATE,1907,2025-12-04 22:38:34,171,443,05ebee0960f6,CSMS,EVSE-Controller/3.0,0,644,NORMAL,0
2025-12-04 22:42:40,CP_0004,SESSION_END,79,2025-12-04 22:41:25,75,444,MODIFIED_3863,EVSE,UnknownEditor/1.0,0,644,LOG_MODIFICATION,1
2025-12-04 22:47:15,CP_0030,STATUS_CHANGE,1539,2025-12-04 22:42:40,275,445,01a91b01b70a,CSMS,MeterService/1.5,1,644,NORMAL,0
2025-12-04 22:50:11,CP_0024,CONFIG_UPDATE,1893,2025-12-04 22:47:15,176,446,05ae5b048533,OCPP_GATEWAY,CSMS-Monitor/2.1,1,644,NORMAL,0
2025-12-04 22:53:16,CP_0024,ROLLBACK_LOG,34538,2025-12-04 22:50:11,185,447,084f1804e4f7,UNKNOWN_SOURCE,Postman/8.0,0,644,FAKE_LOG_INJECTION,1
2025-12-04 22:54:33,CP_0037,DELETED_ENTRY,0,2025-12-04 22:53:16,53523,448,000000000000,OCPP_GATEWAY,CSMS-Monitor/2.1,0,644,LOG_DELETION,1
2025-12-04 22:56:23,CP_0010,AUTH_SUCCESS,1096,2025-12-04 22:54:33,110,449,0e6aa401ae87,CSMS,MeterService/1.5,0,644,NORMAL,0
2025-12-04 22:57:41,CP_0041,FIRMWARE_CHECK,1221,2025-12-04 22:56:23,78,450,0d0e0a0693d8,AUTH_SERVICE,EVSE-Controller/3.0,1,644,NORMAL,0
2025-12-04 23:02:38,CP_0037,SESSION_START,943,2025-12-04 22:57:41,297,451,031c060c9317,CSMS,OCPP/1.6J-ChargePoint,1,644,NORMAL,0
2025-12-04 23:04:58,CP_0031,SESSION_END,1049,2025-12-04 23:02:38,140,452,0d707a06e160,OCPP_GATEWAY,EVSE-Controller/3.0,1,644,NORMAL,0
2026-12-14 03:13:59,CP_0023,SESSION_START,971,2025-12-04 23:04:58,999999,453,0377360724b1,CSMS,CSMS-Monitor/2.1,1,644,TIMESTAMP_MANIPULATION,1
2025-12-04 23:11:38,CP_0050,CONNECTOR_STATUS,1949,2025-12-04 23:07:19,259,454,02c7c8079f7d,OCPP_GATEWAY,MeterService/1.5,1,644,NORMAL,0
2025-12-04 23:13:13,CP_0041,STATUS_CHANGE,991,2025-12-04 23:11:38,95,455,0ba0520b52a5,AUTH_SERVICE,OCPP/1.6J-ChargePoint,1,644,NORMAL,0
2025-12-04 23:14:45,CP_0022,ENERGY_UPDATE,770,2025-12-04 23:13:13,92,456,06988e0bf95d,OCPP_GATEWAY,EVSE-Controller/3.0,0,644,NORMAL,0
2025-12-04 23:17:13,CP_0029,STATUS_CHANGE,1659,2025-12-04 23:14:45,148,457,0aeaa509dc60,AUTH_SERVICE,MeterService/1.5,1,644,NORMAL,0
2025-12-04 23:18:57,CP_0002,AUTH_SUCCESS,1618,2025-12-04 23:17:13,104,458,0547a80c1e44,OCPP_GATEWAY,OCPP/1.6J-ChargePoint,1,644,NORMAL,0
2025-12-04 23:19:59,CP_0007,DELETED_ENTRY,0,2025-12-04 23:18:57,72279,459,000000000000,EVSE,OCPP/1.6J-ChargePoint,0,644,LOG_DELETION,1
2025-12-04 23:20:51,CP_0007,HEARTBEAT,1393,2025-12-04 23:19:59,-547,0,0402a002dff6,AUTH_SERVICE,EVSE-Controller/3.0,1,644,LOG_SEQUENCE_ANOMALY,1
2025-12-04 23:22:05,CP_0009,FIRMWARE_CHECK,1845,2025-12-04 23:20:51,74,461,04416f01fba7,EVSE,EVSE-Controller/3.0,1,644,NORMAL,0
2025-12-04 23:26:18,CP_0030,FIRMWARE_CHECK,2042,2025-12-04 23:22:05,253,462,05e26f0a4d77,AUTH_SERVICE,CSMS-Monitor/2.1,1,644,NORMAL,0
2025-12-04 23:30:21,CP_0041,CONFIG_UPDATE,1018,2025-12-04 23:26:18,243,463,09e6b70bc330,OCPP_GATEWAY,EVSE-Controller/3.0,0,644,NORMAL,0
2025-12-04 23:35:07,CP_0015,SESSION_END,1032,2025-12-04 23:30:21,286,464,0673a70760df,AUTH_SERVICE,EVSE-Controller/3.0,1,644,NORMAL,0
2025-12-04 23:37:52,CP_0001,SESSION_START,1199,2025-12-04 23:35:07,165,465,0e926b0da898,CSMS,EVSE-Controller/3.0,1,644,NORMAL,0
2025-12-04 23:42:02,CP_0035,SESSION_START,1536,2025-12-04 23:37:52,250,466,0965930d9d0a,AUTH_SERVICE,EVSE-Controller/3.0,1,644,NORMAL,0
2025-12-04 23:45:52,CP_0019,CONFIG_UPDATE,601,2025-12-04 23:42:02,230,467,0e462f01a430,OCPP_GATEWAY,CSMS-Monitor/2.1,0,644,NORMAL,0
2025-12-04 23:49:45,CP_0026,GAP_DETECTED,0,2025-12-04 23:45:52,224277,1615,BULK_DEL_532,AUTH_SERVICE,MeterService/1.5,1,644,BULK_LOG_DELETION,1
2025-12-04 23:51:57,CP_0034,CONFIG_UPDATE,1781,2025-12-04 23:49:45,132,469,0ca0f00c7ae9,OCPP_GATEWAY,EVSE-Controller/3.0,1,644,NORMAL,0
2025-12-04 23:55:38,CP_0013,SESSION_END,501,2025-12-04 23:51:57,221,470,03b63c0628ce,EVSE,MeterService/1.5,0,644,NORMAL,0
2025-12-04 23:59:59,CP_0013,AUTH_SUCCESS,67,2025-12-04 23:55:38,261,471,MODIFIED_5622,EVSE,UnknownEditor/1.0,1,644,LOG_MODIFICATION,1
2025-12-05 00:03:53,CP_0047,SESSION_START,604,2025-12-04 23:59:59,234,472,02f81203efd3,EVSE,MeterService/1.5,1,644,NORMAL,0
2025-12-05 00:06:58,CP_0027,HEARTBEAT,1737,2025-12-05 00:03:53,185,473,0e513909800d,OCPP_GATEWAY,MeterService/1.5,1,644,NORMAL,0
2025-12-05 00:09:57,CP_0006,AUTH_SUCCESS,242,2025-12-05 00:06:58,179,474,05ca390defb3,AUTH_SERVICE,OCPP/1.6J-ChargePoint,0,644,NORMAL,0
2025-12-05 00:11:39,CP_0013,HEARTBEAT,1801,2025-12-05 00:09:57,102,475,07a1900ec725,EVSE,OCPP/1.6J-ChargePoint,1,644,NORMAL,0
2025-12-05 00:15:35,CP_0016,HEARTBEAT,93,2025-12-05 00:11:39,236,476,MODIFIED_7375,EVSE,UnknownEditor/1.0,0,644,LOG_MODIFICATION,1
2025-12-05 00:17:06,CP_0041,GAP_DETECTED,0,2025-12-05 00:15:35,421168,3423,BULK_DEL_303,EVSE,EVSE-Controller/3.0,0,644,BULK_LOG_DELETION,1
2025-12-05 00:17:42,CP_0043,HEARTBEAT,100,2025-12-05 00:17:06,36,478,MODIFIED_3742,AUTH_SERVICE,UnknownEditor/1.0,1,644,LOG_MODIFICATION,1
2022-03-22 03:13:59,CP_0016,SESSION_START,214,2025-12-05 00:17:42,-3600,479,0ad2b70e0fbd,AUTH_SERVICE,CSMS-Monitor/2.1,1,644,TIMESTAMP_MANIPULATION,1
2025-12-05 00:24:17,CP_0049,CLEAN_HISTORY,25757,2025-12-05 00:21:14,183,480,0736d30bd6cd,UNKNOWN_SOURCE,python-requests/2.25,0,644,FAKE_LOG_INJECTION,1
2025-12-05 00:29:12,CP_0042,STATUS_CHANGE,1777,2025-12-05 00:24:17,295,481,088b9e0d41c4,CSMS,OCPP/1.6J-ChargePoint,0,644,NORMAL,0
2025-12-05 00:32:25,CP_0047,AUTH_SUCCESS,641,2025-12-05 00:29:12,193,482,02285e094a6c,AUTH_SERVICE,EVSE-Controller/3.0,0,644,NORMAL,0
2025-12-05 00:34:10,CP_0035,DELETED_ENTRY,0,2025-12-05 00:32:25,73217,483,000000000000,OCPP_GATEWAY,CSMS-Monitor/2.1,1,644,LOG_DELETION,1
2025-12-05 00:35:39,CP_0029,HEARTBEAT,1806,2025-12-05 00:34:10,89,484,05bd4d0a310b,OCPP_GATEWAY,MeterService/1.5,1,644,NORMAL,0
2025-12-05 00:40:08,CP_0025,AUTH_SUCCESS,1936,2025-12-05 00:35:39,269,485,01d34d0b710e,OCPP_GATEWAY,CSMS-Monitor/2.1,1,644,NORMAL,0
2025-12-05 00:40:50,CP_0043,FIRMWARE_CHECK,1805,2025-12-05 00:40:08,42,486,07b9c9049054,AUTH_SERVICE,CSMS-Monitor/2.1,1,644,NORMAL,0
2025-12-05 00:43:45,CP_0027,STATUS_CHANGE,354,2025-12-05 00:40:50,175,487,0310e409e5a7,EVSE,OCPP/1.6J-ChargePoint,1,644,NORMAL,0
2025-12-05 00:44:11,CP_0013,DELETED_ENTRY,0,2025-12-05 00:43:45,72520,488,000000000000,EVSE,MeterService/1.5,0,644,LOG_DELETION,1
2024-02-11 03:13:59,CP_0004,STATUS_CHANGE,580,2025-12-05 00:44:11,-7200,489,0b389c0d02eb,EVSE,OCPP/1.6J-ChargePoint,1,644,TIMESTAMP_MANIPULATION,1
2025-12-05 00:47:13,CP_0024,FIRMWARE_CHECK,1650,2025-12-05 00:46:32,41,490,082e5e0eada5,OCPP_GATEWAY,OCPP/1.6J-ChargePoint,1,644,NORMAL,0
2025-12-05 00:51:53,CP_0003,SESSION_END,1836,2025-12-05 00:47:13,280,491,06636b02c5d9,CSMS,OCPP/1.6J-ChargePoint,1,644,NORMAL,0
2025-12-05 00:54:01,CP_0035,METER_VALUE,516,2025-12-05 00:51:53,128,492,049da409f1e8,CSMS,CSMS-Monitor/2.1,0,644,NORMAL,0
2025-12-05 00:55:05,CP_0050,CONFIG_UPDATE,861,2025-12-05 00:54:01,64,493,0c515808dd8b,AUTH_SERVICE,OCPP/1.6J-ChargePoint,1,644,NORMAL,0
2025-12-05 00:56:47,CP_0036,METER_VALUE,1161,2025-12-05 00:55:05,102,494,06ed130c0be0,CSMS,MeterService/1.5,1,644,NORMAL,0
2025-12-05 00:59:38,CP_0036,STATUS_CHANGE,1858,2025-12-05 00:56:47,171,495,077930081f95,AUTH_SERVICE,EVSE-Controller/3.0,1,644,NORMAL,0
2025-12-05 01:04:36,CP_0035,ENERGY_UPDATE,896,2025-12-05 00:59:38,298,496,0dc6f70a5467,OCPP_GATEWAY,EVSE-Controller/3.0,0,644,NORMAL,0
2025-12-05 01:08:35,CP_0026,SESSION_START,1615,2025-12-05 01:04:36,239,497,02149a0613dd,EVSE,CSMS-Monitor/2.1,1,644,NORMAL,0
2025-12-05 01:08:48,CP_0020,ENERGY_UPDATE,567,2025-12-05 01:08:35,13,498,0f37a7069079,EVSE,EVSE-Controller/3.0,1,644,NORMAL,0
2025-12-05 01:09:46,CP_0003,CONNECTOR_STATUS,856,2025-12-05 01:08:48,58,499,04060a03bd8b,OCPP_GATEWAY,EVSE-Controller/3.0,1,644,NORMAL,0
2025-12-05 01:11:55,CP_0017,HEARTBEAT,316,2025-12-05 01:09:46,129,500,0aa75707ec32,CSMS,OCPP/1.6J-ChargePoint,1,644,NORMAL,0
2025-12-05 01:13:33,CP_0032,CONFIG_UPDATE,1806,2025-12-05 01:11:55,-57,480,030d3c0b0cb1,OCPP_GATEWAY,OCPP/1.6J-ChargePoint,0,644,LOG_SEQUENCE_ANOMALY,1
2025-12-05 01:16:34,CP_0023,METER_VALUE,981,2025-12-05 01:13:33,181,502,03745b0dda24,CSMS,OCPP/1.6J-ChargePoint,0,644,NORMAL,0
2025-12-05 01:17:11,CP_0020,FIRMWARE_CHECK,212,2025-12-05 01:16:34,37,503,06a28b0a2a2d,CSMS,EVSE-Controller/3.0,1,644,NORMAL,0
2025-12-05 01:18:39,CP_0004,METER_VALUE,1040,2025-12-05 01:17:11,88,504,0d92420b0c49,EVSE,CSMS-Monitor/2.1,0,644,NORMAL,0
2025-12-05 01:21:17,CP_0026,AUTH_SUCCESS,398,2025-12-05 01:18:39,158,505,06e79102d8ba,AUTH_SERVICE,OCPP/1.6J-ChargePoint,0,644,NORMAL,0
2025-12-05 01:23:41,CP_0006,METER_VALUE,1155,2025-12-05 01:21:17,144,506,087a4c0de836,CSMS,CSMS-Monitor/2.1,0,644,NORMAL,0
2025-12-05 01:28:37,CP_0013,CONNECTOR_STATUS,937,2025-12-05 01:23:41,296,507,0bf63c0aaacb,CSMS,CSMS-Monitor/2.1,1,644,NORMAL,0
2025-12-05 01:29:23,CP_0018,METER_VALUE,790,2025-12-05 01:28:37,46,508,0c7b4f0abdfe,EVSE,OCPP/1.6J-ChargePoint,0,644,NORMAL,0
2025-12-05 01:33:09,CP_0024,STATUS_CHANGE,518,2025-12-05 01:29:23,226,509,06a85e0709cc,EVSE,EVSE-Controller/3.0,1,644,NORMAL,0
2025-12-05 01:36:18,CP_0040,CONNECTOR_STATUS,1404,2025-12-05 01:33:09,189,510,03dbe50892c3,EVSE,CSMS-Monitor/2.1,1,644,NORMAL,0
2026-12-25 03:13:59,CP_0049,SESSION_END,358,2025-12-05 01:36:18,-3600,511,0d5bf3026603,CSMS,CSMS-Monitor/2.1,1,644,TIMESTAMP_MANIPULATION,1
2025-12-05 01:40:33,CP_0029,CONNECTOR_STATUS,174,2025-12-05 01:37:47,166,512,06d5fd04deba,CSMS,CSMS-Monitor/2.1,1,644,NORMAL,0
2025-12-05 01:45:23,CP_0031,CONFIG_UPDATE,1622,2025-12-05 01:40:33,290,513,03c9950ca5a2,EVSE,MeterService/1.5,1,644,NORMAL,0
2025-12-05 01:47:43,CP_0011,SESSION_START,709,2025-12-05 01:45:23,140,514,04bcad0e2724,OCPP_GATEWAY,OCPP/1.6J-ChargePoint,0,644,NORMAL,0
2025-12-05 01:47:57,CP_0005,METER_VALUE,1480,2025-12-05 01:47:43,14,515,05dde90c2232,OCPP_GATEWAY,OCPP/1.6J-ChargePoint,1,644,NORMAL,0
2025-12-05 01:50:36,CP_0042,METER_VALUE,601,2025-12-05 01:47:57,159,516,079dfa09a99b,EVSE,EVSE-Controller/3.0,0,644,NORMAL,0
2025-12-05 01:55:18,CP_0006,AUTH_SUCCESS,535,2025-12-05 01:50:36,282,517,09894a08da89,EVSE,OCPP/1.6J-ChargePoint,1,644,NORMAL,0
2025-12-05 01:59:59,CP_0020,STATUS_CHANGE,1131,2025-12-05 01:55:18,281,518,07d1fd0d6fa6,CSMS,OCPP/1.6J-ChargePoint,1,644,NORMAL,0
2025-12-05 02:03:09,CP_0023,HEARTBEAT,611,2025-12-05 01:59:59,190,519,098bc005f09f,EVSE,EVSE-Controller/3.0,0,644,NORMAL,0
2025-12-05 02:03:34,CP_0036,HEARTBEAT,589,2025-12-05 02:03:09,25,520,03f40506fe94,AUTH_SERVICE,CSMS-Monitor/2.1,1,644,NORMAL,0
2025-12-05 02:08:10,CP_0044,CONFIG_UPDATE,1915,2025-12-05 02:03:34,-7,-1,0b88c60c829f,CSMS,MeterService/1.5,1,644,LOG_SEQUENCE_ANOMALY,1
2025-12-05 02:11:08,CP_0029,FIRMWARE_CHECK,94,2025-12-05 02:08:10,178,522,MODIFIED_6062,CSMS,UnknownEditor/1.0,1,644,LOG_MODIFICATION,1
2025-12-05 02:14:58,CP_0050,GAP_DETECTED,0,2025-12-05 02:11:08,182939,3623,BULK_DEL_959,OCPP_GATEWAY,OCPP/1.6J-ChargePoint,1,644,BULK_LOG_DELETION,1
2025-12-05 02:16:22,CP_0047,SESSION_START,1695,2025-12-05 02:14:58,84,524,069ff8082688,AUTH_SERVICE,EVSE-Controller/3.0,0,644,NORMAL,0
2025-12-05 02:18:52,CP_0010,ENERGY_UPDATE,346,2025-12-05 02:16:22,150,525,03a16f047b58,EVSE,EVSE-Controller/3.0,1,644,NORMAL,0
2025-12-05 02:21:00,CP_0015,SESSION_START,863,2025-12-05 02:18:52,128,526,02cc280c8940,AUTH_SERVICE,CSMS-Monitor/2.1,0,644,NORMAL,0
2025-12-05 02:24:21,CP_0012,METER_VALUE,1134,2025-12-05 02:21:00,-53,512,091b8003b9e0,CSMS,CSMS-Monitor/2.1,1,644,LOG_SEQUENCE_ANOMALY,1
2025-12-05 02:26:49,CP_0027,ENERGY_UPDATE,1648,2025-12-05 02:24:21,148,528,0c446e04c56e,CSMS,OCPP/1.6J-ChargePoint,1,644,NORMAL,0
2025-12-05 02:30:43,CP_0040,CONNECTOR_STATUS,1536,2025-12-05 02:26:49,234,529,06b96508d8ba,CSMS,MeterService/1.5,0,644,NORMAL,0
2025-12-05 02:34:07,CP_0047,STATUS_CHANGE,935,2025-12-05 02:30:43,-102,461,0b4f590d67c5,EVSE,OCPP/1.6J-ChargePoint,0,644,LOG_SEQUENCE_ANOMALY,1
2025-12-05 02:38:42,CP_0035,METER_VALUE,1633,2025-12-05 02:34:07,275,531,0227660a72f7,ADMIN_OVERRIDE,MetadataEditor/HACK,0,666,LOG_METADATA_TAMPERING,1
2025-12-05 02:42:15,CP_0020,HEARTBEAT,1072,2025-12-05 02:38:42,213,532,04308d084907,OCPP_GATEWAY,OCPP/1.6J-ChargePoint,1,644,NORMAL,0
2025-12-05 02:46:16,CP_0006,AUDIT_SKIP,6632,2025-12-05 02:42:15,241,533,0466f70dfc4e,UNKNOWN_SOURCE,wget/1.21,0,644,FAKE_LOG_INJECTION,1
2025-12-05 02:48:09,CP_0030,DELETED_ENTRY,0,2025-12-05 02:46:16,18563,534,000000000000,CSMS,OCPP/1.6J-ChargePoint,1,644,LOG_DELETION,1
2025-12-05 02:52:09,CP_0041,STATUS_CHANGE,302,2025-12-05 02:48:09,240,535,09e82e0cd7a3,AUTH_SERVICE,CSMS-Monitor/2.1,0,644,NORMAL,0
2027-01-03 03:13:59,CP_0050,AUTH_SUCCESS,1996,2025-12-05 02:52:09,-3600,536,06e3930a92e0,CSMS,CSMS-Monitor/2.1,1,644,TIMESTAMP_MANIPULATION,1
2025-12-05 02:56:25,CP_0020,HEARTBEAT,1623,2025-12-05 02:52:41,224,537,0dd2ef08aa7f,OCPP_GATEWAY,CSMS-Monitor/2.1,1,644,NORMAL,0
2025-12-05 02:57:42,CP_0013,SESSION_START,1403,2025-12-05 02:56:25,77,538,0dc5af05935e,EVSE,MeterService/1.5,0,644,NORMAL,0
2025-12-05 03:02:07,CP_0035,SESSION_START,1373,2025-12-05 02:57:42,265,539,096bdd0554f9,CSMS,MeterService/1.5,0,644,NORMAL,0
2025-12-05 03:02:57,CP_0039,ADMIN_SILENT,8608,2025-12-05 03:02:07,50,540,0570f80a4889,UNKNOWN_SOURCE,python-requests/2.25,0,644,FAKE_LOG_INJECTION,1
2025-12-05 03:06:05,CP_0003,AUTH_SUCCESS,1876,2025-12-05 03:02:57,188,541,020b770c32a4,OCPP_GATEWAY,EVSE-Controller/3.0,1,644,NORMAL,0
2025-12-05 03:06:40,CP_0007,METER_VALUE,493,2025-12-05 03:06:05,35,542,041b740c4781,OCPP_GATEWAY,CSMS-Monitor/2.1,0,644,NORMAL,0
2025-12-05 03:09:54,CP_0003,SESSION_END,1701,2025-12-05 03:06:40,194,543,06508906b0e7,OCPP_GATEWAY,MeterService/1.5,1,644,NORMAL,0
2025-12-05 03:13:42,CP_0036,SESSION_END,727,2025-12-05 03:09:54,228,544,090f1703adb9,EVSE,EVSE-Controller/3.0,1,644,NORMAL,0
2025-12-05 03:18:21,CP_0027,FIRMWARE_CHECK,557,2025-12-05 03:13:42,279,545,0ca8be04dee5,EVSE,OCPP/1.6J-ChargePoint,1,644,NORMAL,0
2025-12-05 03:22:38,CP_0047,CONFIG_UPDATE,2040,2025-12-05 03:18:21,257,546,0e23070cd5b3,OCPP_GATEWAY,MeterService/1.5,1,644,NORMAL,0
2025-12-05 03:25:00,CP_0034,CONFIG_UPDATE,1404,2025-12-05 03:22:38,142,547,0730020399ee,AUTH_SERVICE,MeterService/1.5,0,644,NORMAL,0
2025-12-05 03:26:42,CP_0040,ENERGY_UPDATE,1579,2025-12-05 03:25:00,102,548,062c76049f6d,EVSE,OCPP/1.6J-ChargePoint,1,644,NORMAL,0
2025-12-05 03:30:50,CP_0041,SESSION_END,1638,2025-12-05 03:26:42,248,549,0f185104d7da,AUTH_SERVICE,MeterService/1.5,1,644,NORMAL,0
2025-12-05 03:35:46,CP_0041,FIRMWARE_CHECK,69,2025-12-05 03:30:50,296,550,MODIFIED_6042,OCPP_GATEWAY,UnknownEditor/1.0,1,644,LOG_MODIFICATION,1
2025-12-05 03:40:37,CP_0021,SESSION_START,361,2025-12-05 03:35:46,291,551,0c7fce06dbc0,OCPP_GATEWAY,MeterService/1.5,1,644,NORMAL,0
2025-12-05 03:42:16,CP_0013,STATUS_CHANGE,1835,2025-12-05 03:40:37,99,552,06eed00c4913,AUTH_SERVICE,MeterService/1.5,1,644,NORMAL,0
2025-12-05 03:43:35,CP_0031,AUTH_SUCCESS,1412,2025-12-05 03:42:16,79,553,08e5500a1e0b,OCPP_GATEWAY,MeterService/1.5,0,644,NORMAL,0
2025-12-05 03:44:13,CP_0034,GAP_DETECTED,0,2025-12-05 03:43:35,389122,3770,BULK_DEL_918,OCPP_GATEWAY,OCPP/1.6J-ChargePoint,1,644,BULK_LOG_DELETION,1
2025-12-05 03:47:24,CP_0005,AUTH_SUCCESS,702,2025-12-05 03:44:13,191,555,0efa4a02064f,OCPP_GATEWAY,MeterService/1.5,1,644,NORMAL,0
2025-12-05 03:50:53,CP_0012,CONFIG_UPDATE,367,2025-12-05 03:47:24,209,556,0e0b1b0d8cef,OCPP_GATEWAY,EVSE-Controller/3.0,1,644,NORMAL,0
2025-12-05 03:53:22,CP_0027,SESSION_END,1145,2025-12-05 03:50:53,149,557,0554010778a1,AUTH_SERVICE,EVSE-Controller/3.0,1,644,NORMAL,0
2025-12-05 03:55:01,CP_0008,DEBUG_OVERRIDE,37771,2025-12-05 03:53:22,99,558,021fcb0df874,UNKNOWN_SOURCE,wget/1.21,0,644,FAKE_LOG_INJECTION,1
2025-12-05 03:56:29,CP_0013,STATUS_CHANGE,2019,2025-12-05 03:55:01,88,559,0942ed0d3eb4,OCPP_GATEWAY,EVSE-Controller/3.0,1,644,NORMAL,0
2025-12-05 03:57:29,CP_0034,AUTH_SUCCESS,548,2025-12-05 03:56:29,60,560,0d1e77021c58,AUTH_SERVICE,MeterService/1.5,1,644,NORMAL,0
2025-12-05 03:57:41,CP_0020,SESSION_START,1535,2025-12-05 03:57:29,12,561,0f188a0b08d3,EVSE,EVSE-Controller/3.0,0,644,NORMAL,0
2025-12-05 03:58:43,CP_0034,GAP_DETECTED,0,2025-12-05 03:57:41,191548,2638,BULK_DEL_393,OCPP_GATEWAY,CSMS-Monitor/2.1,1,644,BULK_LOG_DELETION,1
2025-12-05 04:01:14,CP_0035,STATUS_CHANGE,1710,2025-12-05 03:58:43,151,563,08956f0c438c,EVSE,EVSE-Controller/3.0,1,644,NORMAL,0
2025-12-05 04:02:22,CP_0001,DELETED_ENTRY,0,2025-12-05 04:01:14,39127,564,000000000000,CSMS,EVSE-Controller/3.0,1,644,LOG_DELETION,1
2025-12-05 04:04:57,CP_0037,DELETED_ENTRY,0,2025-12-05 04:02:22,20649,565,000000000000,OCPP_GATEWAY,MeterService/1.5,1,644,LOG_DELETION,1
2025-12-05 04:05:32,CP_0007,DELETED_ENTRY,0,2025-12-05 04:04:57,84381,566,000000000000,AUTH_SERVICE,CSMS-Monitor/2.1,0,644,LOG_DELETION,1
2025-12-05 04:08:44,CP_0020,STATUS_CHANGE,1802,2025-12-05 04:05:32,192,567,04b23c0ceea8,EVSE,MeterService/1.5,1,644,NORMAL,0
2025-12-05 04:09:41,CP_0045,CONNECTOR_STATUS,327,2025-12-05 04:08:44,57,568,08d0b2067dfd,AUTH_SERVICE,MeterService/1.5,1,644,NORMAL,0
2025-12-05 04:11:45,CP_0010,CONFIG_UPDATE,656,2025-12-05 04:09:41,124,569,07575007cc92,CSMS,EVSE-Controller/3.0,1,644,NORMAL,0
2025-12-05 04:15:47,CP_0032,SESSION_START,261,2025-12-05 04:11:45,242,570,092198035502,OCPP_GATEWAY,MeterService/1.5,0,644,NORMAL,0
2025-12-05 04:17:24,CP_0019,STATUS_CHANGE,1365,2025-12-05 04:15:47,97,571,0ab88103906e,EVSE,MeterService/1.5,1,644,NORMAL,0
2025-12-05 04:20:20,CP_0036,SESSION_END,1750,2025-12-05 04:17:24,176,572,065c190a0cc0,AUTH_SERVICE,MeterService/1.5,0,644,NORMAL,0
2025-12-05 04:22:34,CP_0036,STATUS_CHANGE,86,2025-12-05 04:20:20,134,573,MODIFIED_8132,OCPP_GATEWAY,UnknownEditor/1.0,0,644,LOG_MODIFICATION,1
2025-12-05 04:24:44,CP_0012,AUDIT_SKIP,34177,2025-12-05 04:22:34,130,574,0cea9a0ab680,UNKNOWN_SOURCE,curl/7.68.0,0,644,FAKE_LOG_INJECTION,1
2025-12-05 04:26:24,CP_0020,METER_VALUE,270,2025-12-05 04:24:44,100,575,0b191803440b,AUTH_SERVICE,EVSE-Controller/3.0,0,644,NORMAL,0
2025-12-05 04:27:05,CP_0006,ENERGY_UPDATE,1801,2025-12-05 04:26:24,41,576,03bfa00ad173,EVSE,CSMS-Monitor/2.1,1,644,NORMAL,0
2025-12-05 04:29:44,CP_0025,TRACE_REMOVE,27561,2025-12-05 04:27:05,159,577,08ae3104a813,UNKNOWN_SOURCE,wget/1.21,0,644,FAKE_LOG_INJECTION,1
2025-12-05 04:30:39,CP_0038,SESSION_START,1380,2025-12-05 04:29:44,55,578,09b15207fe37,CSMS,EVSE-Controller/3.0,1,644,NORMAL,0
2025-12-05 04:33:58,CP_0036,SESSION_START,129,2025-12-05 04:30:39,199,579,0cc7900a7c82,OCPP_GATEWAY,OCPP/1.6J-ChargePoint,1,644,NORMAL,0
2025-12-05 04:34:23,CP_0016,METER_VALUE,1566,2025-12-05 04:33:58,25,580,0af7ef07d58c,OCPP_GATEWAY,MeterService/1.5,0,644,NORMAL,0
2025-12-05 04:39:12,CP_0014,AUTH_SUCCESS,68,2025-12-05 04:34:23,289,581,MODIFIED_3527,AUTH_SERVICE,UnknownEditor/1.0,0,644,LOG_MODIFICATION,1
2025-12-05 04:40:30,CP_0001,SESSION_END,1455,2025-12-05 04:39:12,78,582,01c6f603d46e,AUTH_SERVICE,MeterService/1.5,1,644,NORMAL,0
2025-12-05 04:44:12,CP_0030,DELETED_ENTRY,0,2025-12-05 04:40:30,75958,583,000000000000,CSMS,MeterService/1.5,0,644,LOG_DELETION,1
2025-12-05 04:48:12,CP_0025,STATUS_CHANGE,590,2025-12-05 04:44:12,240,584,047fa008527d,EVSE,MeterService/1.5,1,644,NORMAL,0
2025-12-05 04:52:38,CP_0018,METER_VALUE,2025,2025-12-05 04:48:12,266,585,0a43b80abf5d,OCPP_GATEWAY,OCPP/1.6J-ChargePoint,1,644,NORMAL,0
2019-02-21 03:13:59,CP_0008,CONFIG_UPDATE,1114,2025-12-05 04:52:38,999999,586,0c92e602ce90,CSMS,EVSE-Controller/3.0,0,644,TIMESTAMP_MANIPULATION,1
2025-12-05 04:56:51,CP_0016,CONNECTOR_STATUS,1419,2025-12-05 04:55:56,55,587,0d64920c254a,EVSE,EVSE-Controller/3.0,1,644,NORMAL,0
2025-12-05 04:59:56,CP_0035,SESSION_START,1088,2025-12-05 04:56:51,185,588,08ca5909ba7e,AUTH_SERVICE,EVSE-Controller/3.0,0,644,NORMAL,0
2025-12-05 05:03:06,CP_0019,HEARTBEAT,471,2025-12-05 04:59:56,190,589,0217520ca58d,OCPP_GATEWAY,EVSE-Controller/3.0,1,644,NORMAL,0
2026-09-19 03:13:59,CP_0037,SESSION_START,1472,2025-12-05 05:03:06,-3600,590,0631a50e77dc,EVSE,EVSE-Controller/3.0,0,644,TIMESTAMP_MANIPULATION,1
2025-12-05 05:07:14,CP_0017,AUTH_SUCCESS,1389,2025-12-05 05:04:42,152,591,06057c05edea,OCPP_GATEWAY,OCPP/1.6J-ChargePoint,1,644,NORMAL,0
2025-12-05 05:08:53,CP_0038,AUTH_SUCCESS,1477,2025-12-05 05:07:14,99,592,08ac1d077130,CSMS,EVSE-Controller/3.0,1,644,NORMAL,0
2025-12-05 05:13:33,CP_0003,ROLLBACK_LOG,48297,2025-12-05 05:08:53,280,593,03d8d50b0df9,UNKNOWN_SOURCE,python-requests/2.25,0,644,FAKE_LOG_INJECTION,1
2025-12-05 05:17:28,CP_0047,AUTH_SUCCESS,559,2025-12-05 05:13:33,235,594,0ac51e0d4691,OCPP_GATEWAY,OCPP/1.6J-ChargePoint,1,644,NORMAL,0
2025-12-05 05:18:37,CP_0004,AUTH_SUCCESS,1078,2025-12-05 05:17:28,69,595,07e7e2092545,OCPP_GATEWAY,MeterService/1.5,1,644,NORMAL,0
2025-12-05 05:22:01,CP_0044,METER_VALUE,1099,2025-12-05 05:18:37,204,596,05ba5603d928,AUTH_SERVICE,OCPP/1.6J-ChargePoint,1,644,NORMAL,0
2025-12-05 05:26:00,CP_0025,STATUS_CHANGE,1213,2025-12-05 05:22:01,239,597,0c73af022ea2,EVSE,EVSE-Controller/3.0,0,644,NORMAL,0
2025-12-05 05:28:29,CP_0022,HEARTBEAT,674,2025-12-05 05:26:00,149,598,0e5ce903192a,OCPP_GATEWAY,MeterService/1.5,0,644,NORMAL,0
2025-12-05 05:30:42,CP_0047,CONFIG_UPDATE,1705,2025-12-05 05:28:29,133,599,04a50a09d859,OCPP_GATEWAY,CSMS-Monitor/2.1,1,644,NORMAL,0
2025-12-05 05:35:32,CP_0001,SESSION_START,1831,2025-12-05 05:30:42,290,600,029cf401b79e,AUTH_SERVICE,OCPP/1.6J-ChargePoint,1,644,NORMAL,0
2017-08-24 03:13:59,CP_0015,HEARTBEAT,643,2025-12-05 05:35:32,-3600,601,049d7a02120f,EVSE,OCPP/1.6J-ChargePoint,1,644,TIMESTAMP_MANIPULATION,1
2025-12-05 05:39:53,CP_0046,SESSION_END,304,2025-12-05 05:38:41,72,602,0f3a9b0b336b,CSMS,MeterService/1.5,1,644,NORMAL,0
2025-12-05 05:40:59,CP_0045,AUTH_SUCCESS,646,2025-12-05 05:39:53,66,603,063d2d08ff46,EVSE,MeterService/1.5,1,644,NORMAL,0
2025-12-05 05:43:54,CP_0017,AUTH_SUCCESS,1726,2025-12-05 05:40:59,-22,0,02b5b705f664,EVSE,MeterService/1.5,0,644,LOG_SEQUENCE_ANOMALY,1
2025-12-05 05:46:19,CP_0012,CONNECTOR_STATUS,270,2025-12-05 05:43:54,145,605,0964b704bc90,AUTH_SERVICE,CSMS-Monitor/2.1,0,644,NORMAL,0
2025-12-05 05:47:24,CP_0010,FIRMWARE_CHECK,1702,2025-12-05 05:46:19,65,606,086d0a050522,EVSE,MeterService/1.5,1,644,NORMAL,0
2025-12-05 05:48:26,CP_0003,SESSION_END,272,2025-12-05 05:47:24,62,607,0aaada0d2aa6,OCPP_GATEWAY,MeterService/1.5,1,644,NORMAL,0
2025-12-05 05:49:52,CP_0042,GAP_DETECTED,0,2025-12-05 05:48:26,453430,3808,BULK_DEL_500,AUTH_SERVICE,EVSE-Controller/3.0,1,644,BULK_LOG_DELETION,1
2026-12-22 03:13:59,CP_0046,CONNECTOR_STATUS,1107,2025-12-05 05:49:52,-7200,609,0880b707fd0d,EVSE,CSMS-Monitor/2.1,1,644,TIMESTAMP_MANIPULATION,1
2025-12-05 05:55:37,CP_0037,FIRMWARE_CHECK,2042,2025-12-05 05:54:25,72,610,0744c106dc64,OCPP_GATEWAY,MeterService/1.5,1,644,NORMAL,0
2025-12-05 05:56:33,CP_0024,FIRMWARE_CHECK,1875,2025-12-05 05:55:37,56,611,06f78502d02d,AUTH_SERVICE,EVSE-Controller/3.0,1,644,NORMAL,0
2025-12-05 05:58:13,CP_0036,SESSION_START,914,2025-12-05 05:56:33,100,612,0c18fd0494f9,OCPP_GATEWAY,MeterService/1.5,1,644,NORMAL,0
2025-12-05 06:01:26,CP_0032,SESSION_END,1940,2025-12-05 05:58:13,193,613,0ba68908889b,CSMS,CSMS-Monitor/2.1,1,644,NORMAL,0
2025-12-05 06:03:38,CP_0032,DELETED_ENTRY,0,2025-12-05 06:01:26,5751,614,000000000000,OCPP_GATEWAY,MeterService/1.5,0,644,LOG_DELETION,1
2025-12-05 06:04:06,CP_0022,SESSION_START,819,2025-12-05 06:03:38,28,615,0e215d0d0fe3,EVSE,MeterService/1.5,1,644,NORMAL,0
2025-12-05 06:06:04,CP_0042,FIRMWARE_CHECK,1066,2025-12-05 06:04:06,118,616,0c60080a1c61,CSMS,CSMS-Monitor/2.1,1,644,NORMAL,0
2025-12-05 06:07:26,CP_0032,DELETED_ENTRY,0,2025-12-05 06:06:04,26177,617,000000000000,CSMS,CSMS-Monitor/2.1,1,644,LOG_DELETION,1
2026-11-15 03:13:59,CP_0007,CONNECTOR_STATUS,1379,2025-12-05 06:07:26,-3600,618,0441c40ee43a,EVSE,OCPP/1.6J-ChargePoint,1,644,TIMESTAMP_MANIPULATION,1
2025-12-05 06:10:55,CP_0013,METER_VALUE,818,2025-12-05 06:10:13,42,619,0e829d0ee674,AUTH_SERVICE,EVSE-Controller/3.0,1,644,NORMAL,0
2025-12-05 06:15:44,CP_0009,STATUS_CHANGE,1841,2025-12-05 06:10:55,289,620,0e372b04f005,EVSE,CSMS-Monitor/2.1,1,644,NORMAL,0
2025-12-05 06:16:26,CP_0008,HEARTBEAT,417,2025-12-05 06:15:44,42,621,0da58c082b18,CSMS,EVSE-Controller/3.0,1,644,NORMAL,0
2025-12-05 06:20:20,CP_0016,CONFIG_UPDATE,211,2025-12-05 06:16:26,234,622,03a8e9032017,AUTH_SERVICE,CSMS-Monitor/2.1,1,644,NORMAL,0
2025-12-05 06:21:11,CP_0001,TRUNCATED_LOG,45,2025-12-05 06:20:20,51,623,02f3bfTRUNC,OCPP_GATEWAY,MeterService/1.5,0,644,LOG_TRUNCATION,1
2025-12-05 06:22:25,CP_0014,AUTH_SUCCESS,1438,2025-12-05 06:21:11,74,624,05dc6f09e530,AUTH_SERVICE,MeterService/1.5,1,644,NORMAL,0
2025-12-05 06:24:04,CP_0040,SESSION_START,1349,2025-12-05 06:22:25,99,625,0467e80d0045,AUTH_SERVICE,OCPP/1.6J-ChargePoint,1,644,NORMAL,0
2025-12-05 06:27:12,CP_0027,SESSION_START,1270,2025-12-05 06:24:04,188,626,054bcd0498a8,EVSE,OCPP/1.6J-ChargePoint,1,644,NORMAL,0
2025-12-05 06:31:58,CP_0033,ENERGY_UPDATE,1078,2025-12-05 06:27:12,286,627,0dd9e60b8c9f,CSMS,EVSE-Controller/3.0,1,644,NORMAL,0
2025-12-05 06:33:24,CP_0044,DELETED_ENTRY,0,2025-12-05 06:31:58,40963,628,000000000000,EVSE,OCPP/1.6J-ChargePoint,1,644,LOG_DELETION,1
2025-12-05 06:35:21,CP_0028,HEARTBEAT,812,2025-12-05 06:33:24,117,629,0b651d0e6888,AUTH_SERVICE,OCPP/1.6J-ChargePoint,1,644,NORMAL,0
2025-12-05 06:40:06,CP_0012,AUTH_SUCCESS,1736,2025-12-05 06:35:21,-571,0,01fdad09496f,EVSE,OCPP/1.6J-ChargePoint,1,644,LOG_SEQUENCE_ANOMALY,1
2025-12-05 06:41:57,CP_0048,STATUS_CHANGE,599,2025-12-05 06:40:06,111,631,0dfd4e0349ba,OCPP_GATEWAY,CSMS-Monitor/2.1,1,644,NORMAL,0
2025-12-05 06:44:08,CP_0048,METER_VALUE,1909,2025-12-05 06:41:57,131,632,04b9a40788ce,CSMS,OCPP/1.6J-ChargePoint,0,644,NORMAL,0
2025-12-05 06:48:26,CP_0004,METER_VALUE,424,2025-12-05 06:44:08,258,633,04fc090b46dd,AUTH_SERVICE,CSMS-Monitor/2.1,0,644,NORMAL,0
2025-12-05 06:52:30,CP_0047,CONFIG_UPDATE,94,2025-12-05 06:48:26,244,634,MODIFIED_1525,CSMS,UnknownEditor/1.0,1,644,LOG_MODIFICATION,1
2025-12-05 06:53:49,CP_0008,DELETED_ENTRY,0,2025-12-05 06:52:30,82719,635,000000000000,OCPP_GATEWAY,CSMS-Monitor/2.1,1,644,LOG_DELETION,1
2025-12-05 06:55:26,CP_0037,DELETED_ENTRY,0,2025-12-05 06:53:49,81139,636,000000000000,AUTH_SERVICE,MeterService/1.5,1,644,LOG_DELETION,1
2025-12-05 06:59:38,CP_0030,HEARTBEAT,157,2025-12-05 06:55:26,252,637,0d34c708602a,CSMS,CSMS-Monitor/2.1,1,644,NORMAL,0
2025-12-05 07:03:30,CP_0038,ENERGY_UPDATE,1954,2025-12-05 06:59:38,232,638,0afe8503e8ce,EVSE,MeterService/1.5,1,644,NORMAL,0
2025-12-05 07:07:40,CP_0047,DELETED_ENTRY,0,2025-12-05 07:03:30,62902,639,000000000000,AUTH_SERVICE,MeterService/1.5,1,644,LOG_DELETION,1
2025-12-05 07:12:03,CP_0016,SESSION_END,1271,2025-12-05 07:07:40,263,640,0d933c01b982,AUTH_SERVICE,CSMS-Monitor/2.1,1,644,NORMAL,0
2025-12-05 07:15:16,CP_0019,ENERGY_UPDATE,1454,2025-12-05 07:12:03,193,641,02fa4001c7df,AUTH_SERVICE,EVSE-Controller/3.0,1,644,NORMAL,0
2025-12-05 07:19:21,CP_0037,CONFIG_UPDATE,177,2025-12-05 07:15:16,245,642,08cda708f230,CSMS,MeterService/1.5,1,644,NORMAL,0
2025-12-05 07:22:40,CP_0041,CONNECTOR_STATUS,1569,2025-12-05 07:19:21,199,643,0ba90a018c35,EVSE,MeterService/1.5,1,644,NORMAL,0
2025-12-05 07:27:21,CP_0003,HEARTBEAT,1000,2025-12-05 07:22:40,281,644,0d927405d7ae,CSMS,OCPP/1.6J-ChargePoint,1,644,NORMAL,0
2025-12-05 07:27:59,CP_0033,STATUS_CHANGE,1946,2025-12-05 07:27:21,38,645,0259d3034d24,AUTH_SERVICE,EVSE-Controller/3.0,0,644,NORMAL,0
2022-05-02 03:13:59,CP_0024,AUTH_SUCCESS,1455,2025-12-05 07:27:59,999999,646,0a776e0ccdc9,EVSE,CSMS-Monitor/2.1,1,644,TIMESTAMP_MANIPULATION,1
2025-12-05 07:32:24,CP_0042,CONNECTOR_STATUS,1638,2025-12-05 07:31:16,68,647,0d8ff30acecb,CSMS,CSMS-Monitor/2.1,1,644,NORMAL,0
2025-12-05 07:35:34,CP_0018,FIRMWARE_CHECK,1521,2025-12-05 07:32:24,190,648,084af105f5cf,EVSE,OCPP/1.6J-ChargePoint,1,644,NORMAL,0
2025-12-05 07:39:52,CP_0033,CONNECTOR_STATUS,62,2025-12-05 07:35:34,258,649,MODIFIED_2075,OCPP_GATEWAY,UnknownEditor/1.0,1,644,LOG_MODIFICATION,1
2025-12-05 07:40:46,CP_0006,METER_VALUE,1966,2025-12-05 07:39:52,54,650,0463090623cc,EVSE,OCPP/1.6J-ChargePoint,1,644,NORMAL,0
2025-12-05 07:43:17,CP_0008,AUTH_SUCCESS,1144,2025-12-05 07:40:46,151,651,03ef1004cb42,EVSE,EVSE-Controller/3.0,0,644,NORMAL,0
2025-12-05 07:48:04,CP_0009,CONNECTOR_STATUS,838,2025-12-05 07:43:17,287,652,083f7a08a0ac,EVSE,EVSE-Controller/3.0,1,644,NORMAL,0
2025-12-05 07:50:12,CP_0034,DELETED_ENTRY,0,2025-12-05 07:48:04,63631,653,000000000000,OCPP_GATEWAY,MeterService/1.5,0,644,LOG_DELETION,1
2025-12-05 07:52:57,CP_0037,AUTH_SUCCESS,1967,2025-12-05 07:50:12,165,654,0e27cb066e07,CSMS,EVSE-Controller/3.0,1,644,NORMAL,0
2025-12-05 07:57:14,CP_0024,HEARTBEAT,1704,2025-12-05 07:52:57,257,655,0f0dd9024871,CSMS,EVSE-Controller/3.0,1,644,NORMAL,0
2025-12-05 07:58:49,CP_0040,ADMIN_SILENT,12662,2025-12-05 07:57:14,95,656,0a17480616fe,UNKNOWN_SOURCE,python-requests/2.25,0,644,FAKE_LOG_INJECTION,1
2025-12-05 07:59:20,CP_0021,CONFIG_UPDATE,387,2025-12-05 07:58:49,31,657,08948105b140,OCPP_GATEWAY,CSMS-Monitor/2.1,1,644,NORMAL,0
2025-12-05 08:04:17,CP_0046,SESSION_START,1491,2025-12-05 07:59:20,297,658,0698d3070705,CSMS,EVSE-Controller/3.0,0,644,NORMAL,0
2025-12-05 08:05:50,CP_0035,AUDIT_SKIP,5281,2025-12-05 08:04:17,93,659,01ecb707ffb6,UNKNOWN_SOURCE,python-requests/2.25,0,644,FAKE_LOG_INJECTION,1
2025-12-05 08:10:39,CP_0033,STATUS_CHANGE,1453,2025-12-05 08:05:50,289,660,0cd027064139,AUTH_SERVICE,EVSE-Controller/3.0,1,644,NORMAL,0
2025-12-05 08:14:35,CP_0022,SESSION_END,1626,2025-12-05 08:10:39,-544,1171,093088022acb,CSMS,OCPP/1.6J-ChargePoint,1,644,LOG_SEQUENCE_ANOMALY,1
2025-12-05 08:17:32,CP_0004,FIRMWARE_CHECK,55,2025-12-05 08:14:35,177,662,MODIFIED_1369,CSMS,UnknownEditor/1.0,1,644,LOG_MODIFICATION,1
2025-12-05 08:21:30,CP_0044,SESSION_END,1176,2025-12-05 08:17:32,238,663,07d62f04a317,AUTH_SERVICE,EVSE-Controller/3.0,1,644,NORMAL,0
2025-12-05 08:24:44,CP_0026,AUTH_SUCCESS,1594,2025-12-05 08:21:30,194,664,0f2fce085e3d,OCPP_GATEWAY,MeterService/1.5,1,644,NORMAL,0
2025-12-05 08:27:50,CP_0023,DELETED_ENTRY,0,2025-12-05 08:24:44,61599,665,000000000000,CSMS,MeterService/1.5,0,644,LOG_DELETION,1
2025-12-05 08:31:37,CP_0047,FIRMWARE_CHECK,80,2025-12-05 08:27:50,227,666,MODIFIED_5968,EVSE,UnknownEditor/1.0,1,644,LOG_MODIFICATION,1
2025-12-05 08:34:38,CP_0005,CONFIG_UPDATE,1676,2025-12-05 08:31:37,181,667,0789c902f0e8,EVSE,MeterService/1.5,1,644,NORMAL,0
2025-12-05 08:38:20,CP_0012,FIRMWARE_CHECK,1074,2025-12-05 08:34:38,222,668,0ce3cb0a9ccf,CSMS,CSMS-Monitor/2.1,1,644,NORMAL,0
2025-12-05 08:40:58,CP_0036,TRUNCATED_LOG,36,2025-12-05 08:38:20,158,669,0eb0cfTRUNC,OCPP_GATEWAY,EVSE-Controller/3.0,0,644,LOG_TRUNCATION,1
2025-12-05 08:45:05,CP_0015,SESSION_START,1748,2025-12-05 08:40:58,247,670,0190a503fd81,OCPP_GATEWAY,EVSE-Controller/3.0,0,644,NORMAL,0
2025-12-05 08:46:18,CP_0042,HEARTBEAT,982,2025-12-05 08:45:05,73,671,046555096564,CSMS,OCPP/1.6J-ChargePoint,1,644,NORMAL,0
2025-12-05 08:48:49,CP_0032,SESSION_END,1354,2025-12-05 08:46:18,151,672,0d7476075064,AUTH_SERVICE,MeterService/1.5,1,644,NORMAL,0
2025-12-05 08:53:02,CP_0045,SESSION_END,892,2025-12-05 08:48:49,253,673,09b9ee0d40d1,EVSE,EVSE-Controller/3.0,1,644,NORMAL,0
2026-08-06 03:13:59,CP_0021,CONNECTOR_STATUS,1926,2025-12-05 08:53:02,999999,674,0c9e4f03b19f,OCPP_GATEWAY,CSMS-Monitor/2.1,1,644,TIMESTAMP_MANIPULATION,1
2025-12-05 08:57:38,CP_0004,HEARTBEAT,725,2025-12-05 08:54:26,192,675,09ffea0bbfbf,EVSE,CSMS-Monitor/2.1,1,644,NORMAL,0
2025-12-05 08:58:36,CP_0039,AUTH_SUCCESS,1241,2025-12-05 08:57:38,58,676,06b0050695d2,OCPP_GATEWAY,EVSE-Controller/3.0,1,644,NORMAL,0
2025-12-05 08:59:35,CP_0035,CONFIG_UPDATE,848,2025-12-05 08:58:36,59,677,0eb2ec03d34a,EVSE,CSMS-Monitor/2.1,1,644,NORMAL,0
2025-12-05 09:02:55,CP_0050,CONNECTOR_STATUS,971,2025-12-05 08:59:35,200,678,06f88c042264,EVSE,CSMS-Monitor/2.1,1,644,NORMAL,0
2025-12-05 09:04:41,CP_0036,SYSTEM_BYPASS,13600,2025-12-05 09:02:55,106,679,0ed41b09efb2,UNKNOWN_SOURCE,curl/7.68.0,0,644,FAKE_LOG_INJECTION,1
2025-12-05 09:08:56,CP_0023,GAP_DETECTED,0,2025-12-05 09:04:41,458589,3674,BULK_DEL_129,AUTH_SERVICE,EVSE-Controller/3.0,1,644,BULK_LOG_DELETION,1
2025-12-05 09:10:06,CP_0015,AUTH_SUCCESS,1882,2025-12-05 09:08:56,70,681,0ca23f03cdba,CSMS,EVSE-Controller/3.0,1,644,NORMAL,0
2025-12-05 09:10:56,CP_0028,SESSION_START,56,2025-12-05 09:10:06,50,682,MODIFIED_4217,AUTH_SERVICE,UnknownEditor/1.0,1,644,LOG_MODIFICATION,1
2025-12-05 09:15:28,CP_0038,SESSION_START,1088,2025-12-05 09:10:56,272,683,036dba0592f6,EVSE,OCPP/1.6J-ChargePoint,1,644,NORMAL,0
2026-05-26 03:13:59,CP_0008,CONFIG_UPDATE,548,2025-12-05 09:15:28,999999,684,0aed7204b9ec,CSMS,EVSE-Controller/3.0,1,644,TIMESTAMP_MANIPULATION,1
2025-12-05 09:17:59,CP_0033,ENERGY_UPDATE,63,2025-12-05 09:16:27,92,685,MODIFIED_9664,EVSE,UnknownEditor/1.0,1,644,LOG_MODIFICATION,1
2025-12-05 09:19:36,CP_0049,FIRMWARE_CHECK,136,2025-12-05 09:17:59,97,686,0d21a7031ad7,ADMIN_OVERRIDE,MetadataEditor/HACK,0,000,LOG_METADATA_TAMPERING,1
2021-06-26 03:13:59,CP_0012,STATUS_CHANGE,905,2025-12-05 09:19:36,-3600,687,084fb404f44a,CSMS,MeterService/1.5,1,644,TIMESTAMP_MANIPULATION,1
2025-12-05 09:24:48,CP_0008,FIRMWARE_CHECK,406,2025-12-05 09:20:40,248,688,09757c0db8e5,OCPP_GATEWAY,EVSE-Controller/3.0,1,644,NORMAL,0
2025-12-05 09:25:40,CP_0021,CONNECTOR_STATUS,364,2025-12-05 09:24:48,52,689,07aeb006104c,AUTH_SERVICE,EVSE-Controller/3.0,0,644,NORMAL,0
2025-12-05 09:27:45,CP_0036,METER_VALUE,723,2025-12-05 09:25:40,125,690,0f3633085f8e,CSMS,OCPP/1.6J-ChargePoint,0,644,NORMAL,0
2025-12-05 09:31:03,CP_0012,SESSION_START,1508,2025-12-05 09:27:45,198,691,09646a0c4787,EVSE,MeterService/1.5,0,644,NORMAL,0
2025-12-05 09:35:40,CP_0043,SESSION_END,372,2025-12-05 09:31:03,277,692,03d1db07d7c5,AUTH_SERVICE,OCPP/1.6J-ChargePoint,1,644,NORMAL,0
2025-12-05 09:36:23,CP_0024,ENERGY_UPDATE,821,2025-12-05 09:35:40,43,693,04bae70b0b95,AUTH_SERVICE,OCPP/1.6J-ChargePoint,1,644,NORMAL,0
2025-12-05 09:40:10,CP_0047,CONNECTOR_STATUS,698,2025-12-05 09:36:23,227,694,0dc3500cf118,OCPP_GATEWAY,MeterService/1.5,1,644,NORMAL,0
2025-12-05 09:44:23,CP_0043,CONFIG_UPDATE,956,2025-12-05 09:40:10,253,695,09474509b560,OCPP_GATEWAY,CSMS-Monitor/2.1,0,644,NORMAL,0
2025-12-05 09:45:28,CP_0008,HEARTBEAT,1130,2025-12-05 09:44:23,65,696,097b75053812,CSMS,OCPP/1.6J-ChargePoint,1,644,NORMAL,0
2025-12-05 09:46:05,CP_0005,CONNECTOR_STATUS,1516,2025-12-05 09:45:28,37,697,01f430046433,AUTH_SERVICE,EVSE-Controller/3.0,1,644,NORMAL,0
2025-12-05 09:48:50,CP_0040,CONFIG_UPDATE,325,2025-12-05 09:46:05,165,698,0db04902c00a,AUTH_SERVICE,MeterService/1.5,1,644,NORMAL,0
2025-12-05 09:51:30,CP_0043,CONNECTOR_STATUS,1132,2025-12-05 09:48:50,160,699,099a4305b667,OCPP_GATEWAY,OCPP/1.6J-ChargePoint,1,644,NORMAL,0
2025-12-05 09:52:40,CP_0025,CONNECTOR_STATUS,772,2025-12-05 09:51:30,70,700,0f2bff078c19,ROOT_SHELL,MetadataEditor/HACK,0,777,LOG_METADATA_TAMPERING,1
2025-12-05 09:57:35,CP_0043,HEARTBEAT,1939,2025-12-05 09:52:40,295,701,0cd2a40426f5,AUTH_SERVICE,MeterService/1.5,1,644,NORMAL,0
2025-12-05 10:00:24,CP_0046,METER_VALUE,1126,2025-12-05 09:57:35,169,702,0dc0030346a7,AUTH_SERVICE,MeterService/1.5,0,644,NORMAL,0
2025-12-05 10:05:21,CP_0011,FIRMWARE_CHECK,242,2025-12-05 10:00:24,297,703,07c9bc05bd79,AUTH_SERVICE,MeterService/1.5,1,644,NORMAL,0
2025-12-05 10:07:56,CP_0021,SESSION_START,185,2025-12-05 10:05:21,-611,0,0af929023f6e,CSMS,EVSE-Controller/3.0,1,644,LOG_SEQUENCE_ANOMALY,1
2025-12-05 10:08:55,CP_0028,STATUS_CHANGE,859,2025-12-05 10:07:56,59,705,081de307256c,EVSE,CSMS-Monitor/2.1,1,644,NORMAL,0
2025-12-05 10:11:05,CP_0042,HEARTBEAT,1341,2025-12-05 10:08:55,130,706,02e28b0c88a3,EVSE,EVSE-Controller/3.0,1,644,NORMAL,0
2025-12-05 10:14:07,CP_0011,SESSION_START,1230,2025-12-05 10:11:05,182,707,06be66021fb9,AUTH_SERVICE,MeterService/1.5,0,644,NORMAL,0
2025-12-05 10:18:17,CP_0038,ENERGY_UPDATE,56,2025-12-05 10:14:07,250,708,MODIFIED_9001,AUTH_SERVICE,UnknownEditor/1.0,1,644,LOG_MODIFICATION,1
2025-12-05 10:21:19,CP_0032,FIRMWARE_CHECK,1789,2025-12-05 10:18:17,182,709,0dc3ab0c343e,OCPP_GATEWAY,CSMS-Monitor/2.1,1,644,NORMAL,0
2025-12-05 10:24:35,CP_0028,ENERGY_UPDATE,1145,2025-12-05 10:21:19,196,710,0bb1670f154e,EVSE,CSMS-Monitor/2.1,1,644,NORMAL,0
2025-12-05 10:27:00,CP_0004,HEARTBEAT,1302,2025-12-05 10:24:35,145,711,07f5540e6647,CSMS,OCPP/1.6J-ChargePoint,1,644,NORMAL,0
2025-12-05 10:30:02,CP_0018,SESSION_END,1288,2025-12-05 10:27:00,182,712,0e58480a05dc,AUTH_SERVICE,MeterService/1.5,1,644,NORMAL,0
2025-12-05 10:33:09,CP_0005,HEARTBEAT,1161,2025-12-05 10:30:02,187,713,0e645306530d,AUTH_SERVICE,EVSE-Controller/3.0,1,644,NORMAL,0
2025-12-05 10:35:27,CP_0040,CLEAN_HISTORY,48306,2025-12-05 10:33:09,138,714,0c45550dbdaf,UNKNOWN_SOURCE,python-requests/2.25,0,644,FAKE_LOG_INJECTION,1
2025-12-05 10:39:36,CP_0018,FIRMWARE_CHECK,1784,2025-12-05 10:35:27,249,715,0b5b4c0f2b97,AUTH_SERVICE,OCPP/1.6J-ChargePoint,1,644,NORMAL,0
2025-12-05 10:41:01,CP_0016,ENERGY_UPDATE,54,2025-12-05 10:39:36,85,716,MODIFIED_6220,OCPP_GATEWAY,UnknownEditor/1.0,0,644,LOG_MODIFICATION,1
2025-12-05 10:44:42,CP_0018,HEARTBEAT,1451,2025-12-05 10:41:01,221,717,04186005a107,CSMS,MeterService/1.5,1,644,NORMAL,0
2025-12-05 10:45:50,CP_0010,ENERGY_UPDATE,184,2025-12-05 10:44:42,68,718,05748c0e4752,OCPP_GATEWAY,MeterService/1.5,0,644,NORMAL,0
2025-12-05 10:50:46,CP_0028,METER_VALUE,1452,2025-12-05 10:45:50,296,719,021e3104c1fa,CSMS,EVSE-Controller/3.0,1,644,NORMAL,0
2025-12-05 10:51:10,CP_0017,HEARTBEAT,1476,2025-12-05 10:50:46,24,720,0a5651045775,EVSE,MeterService/1.5,1,644,NORMAL,0
2025-12-05 10:52:02,CP_0021,DELETED_ENTRY,0,2025-12-05 10:51:10,22023,721,000000000000,OCPP_GATEWAY,OCPP/1.6J-ChargePoint,0,644,LOG_DELETION,1
2025-12-05 10:54:12,CP_0008,CONFIG_UPDATE,1632,2025-12-05 10:52:02,130,722,0987a40374c6,OCPP_GATEWAY,MeterService/1.5,1,644,NORMAL,0
2025-12-05 10:55:24,CP_0050,SESSION_END,59,2025-12-05 10:54:12,72,723,MODIFIED_4571,AUTH_SERVICE,UnknownEditor/1.0,0,644,LOG_MODIFICATION,1
2025-12-05 10:57:03,CP_0014,HEARTBEAT,1028,2025-12-05 10:55:24,99,724,080f54059843,EVSE,MeterService/1.5,1,644,NORMAL,0
2026-07-11 03:13:59,CP_0021,FIRMWARE_CHECK,995,2025-12-05 10:57:03,-7200,725,091fa00c731f,CSMS,EVSE-Controller/3.0,1,644,TIMESTAMP_MANIPULATION,1
2025-12-05 10:58:30,CP_0042,CONFIG_UPDATE,199,2025-12-05 10:58:10,20,726,0efd4c0d5b69,EVSE,CSMS-Monitor/2.1,1,644,NORMAL,0
2025-12-05 11:03:22,CP_0025,HEARTBEAT,1436,2025-12-05 10:58:30,292,727,0cbc590754e1,EVSE,CSMS-Monitor/2.1,0,644,NORMAL,0
2025-12-05 11:06:53,CP_0017,STATUS_CHANGE,78,2025-12-05 11:03:22,211,728,MODIFIED_3625,CSMS,UnknownEditor/1.0,1,644,LOG_MODIFICATION,1
2025-12-05 11:10:31,CP_0003,HEARTBEAT,1902,2025-12-05 11:06:53,218,729,02ceb10eb271,AUTH_SERVICE,MeterService/1.5,0,644,NORMAL,0
2025-12-05 11:13:31,CP_0046,METER_VALUE,1923,2025-12-05 11:10:31,180,730,0ea6550321d8,CSMS,EVSE-Controller/3.0,1,644,NORMAL,0
2025-12-05 11:18:21,CP_0048,METER_VALUE,50,2025-12-05 11:13:31,290,731,MODIFIED_3229,EVSE,UnknownEditor/1.0,0,644,LOG_MODIFICATION,1
2025-12-05 11:21:07,CP_0021,CONNECTOR_STATUS,78,2025-12-05 11:18:21,166,732,MODIFIED_6233,CSMS,UnknownEditor/1.0,0,644,LOG_MODIFICATION,1
2025-12-05 11:22:25,CP_0017,AUTH_SUCCESS,1535,2025-12-05 11:21:07,78,733,0b03a20ec111,OCPP_GATEWAY,EVSE-Controller/3.0,1,644,NORMAL,0
2025-12-05 11:23:18,CP_0027,STATUS_CHANGE,500,2025-12-05 11:22:25,53,734,07d260079020,CSMS,OCPP/1.6J-ChargePoint,1,644,NORMAL,0
2025-12-05 11:28:13,CP_0042,CONFIG_UPDATE,1411,2025-12-05 11:23:18,295,735,052f6802f312,AUTH_SERVICE,CSMS-Monitor/2.1,1,644,NORMAL,0
2025-12-05 11:29:49,CP_0004,METER_VALUE,1393,2025-12-05 11:28:13,96,736,0863690b21d5,OCPP_GATEWAY,CSMS-Monitor/2.1,1,644,NORMAL,0
2025-12-05 11:33:07,CP_0011,CONFIG_UPDATE,368,2025-12-05 11:29:49,198,737,01c0700d05f1,AUTH_SERVICE,MeterService/1.5,0,644,NORMAL,0
2025-12-05 11:35:01,CP_0013,DELETED_ENTRY,0,2025-12-05 11:33:07,30680,738,000000000000,AUTH_SERVICE,CSMS-Monitor/2.1,0,644,LOG_DELETION,1
2025-12-05 11:37:01,CP_0019,ENERGY_UPDATE,984,2025-12-05 11:35:01,120,739,04696b080ff0,CSMS,OCPP/1.6J-ChargePoint,1,644,NORMAL,0
2025-12-05 11:39:25,CP_0016,CONFIG_UPDATE,1051,2025-12-05 11:37:01,144,740,057fbc0770a9,AUTH_SERVICE,OCPP/1.6J-ChargePoint,1,644,NORMAL,0
2025-12-05 11:43:35,CP_0009,STATUS_CHANGE,1547,2025-12-05 11:39:25,250,741,07e3020c83f8,CSMS,MeterService/1.5,0,644,NORMAL,0
2025-12-05 11:45:56,CP_0005,SESSION_END,1268,2025-12-05 11:43:35,141,742,027746025c14,OCPP_GATEWAY,CSMS-Monitor/2.1,0,644,NORMAL,0
2025-12-05 11:49:07,CP_0039,CONFIG_UPDATE,1581,2025-12-05 11:45:56,191,743,0d7f6c0e7bc8,EVSE,OCPP/1.6J-ChargePoint,1,644,NORMAL,0
2025-12-05 11:53:35,CP_0040,METER_VALUE,747,2025-12-05 11:49:07,268,744,07d74d0c441d,OCPP_GATEWAY,CSMS-Monitor/2.1,1,644,NORMAL,0
2020-02-26 03:13:59,CP_0011,FIRMWARE_CHECK,1137,2025-12-05 11:53:35,-3600,745,06f3e40903e6,CSMS,OCPP/1.6J-ChargePoint,1,644,TIMESTAMP_MANIPULATION,1
2025-12-05 11:58:48,CP_0003,HEARTBEAT,89,2025-12-05 11:55:58,170,746,MODIFIED_5312,OCPP_GATEWAY,UnknownEditor/1.0,1,644,LOG_MODIFICATION,1
2025-12-05 12:03:22,CP_0021,METER_VALUE,1956,2025-12-05 11:58:48,274,747,042a66069316,AUTH_SERVICE,CSMS-Monitor/2.1,0,644,NORMAL,0
2025-12-05 12:04:48,CP_0004,DELETED_ENTRY,0,2025-12-05 12:03:22,60803,748,000000000000,OCPP_GATEWAY,CSMS-Monitor/2.1,0,644,LOG_DELETION,1
2025-12-05 12:05:57,CP_0032,SESSION_START,1032,2025-12-05 12:04:48,69,749,073aee0cdece,AUTH_SERVICE,MeterService/1.5,0,644,NORMAL,0
2025-12-05 12:07:22,CP_0008,DELETED_ENTRY,0,2025-12-05 12:05:57,77425,750,000000000000,CSMS,CSMS-Monitor/2.1,1,644,LOG_DELETION,1
2025-12-05 12:09:20,CP_0038,SESSION_START,1205,2025-12-05 12:07:22,118,751,0dcba20aa892,CSMS,MeterService/1.5,1,644,NORMAL,0
2025-12-05 12:13:45,CP_0044,SESSION_END,87,2025-12-05 12:09:20,265,752,MODIFIED_7120,OCPP_GATEWAY,UnknownEditor/1.0,0,644,LOG_MODIFICATION,1
2025-12-05 12:15:13,CP_0002,TRUNCATED_LOG,39,2025-12-05 12:13:45,88,753,0ed12bTRUNC,AUTH_SERVICE,MeterService/1.5,1,644,LOG_TRUNCATION,1
2021-11-02 03:13:59,CP_0003,CONFIG_UPDATE,1055,2025-12-05 12:15:13,-7200,754,06b97a0d3b08,CSMS,CSMS-Monitor/2.1,1,644,TIMESTAMP_MANIPULATION,1
2025-12-05 12:18:57,CP_0036,CONFIG_UPDATE,909,2025-12-05 12:18:11,-128,693,0301b607e859,OCPP_GATEWAY,CSMS-Monitor/2.1,1,644,LOG_SEQUENCE_ANOMALY,1
2025-12-05 12:20:53,CP_0011,METER_VALUE,1724,2025-12-05 12:18:57,116,756,07f6d70615b8,CSMS,OCPP/1.6J-ChargePoint,1,644,NORMAL,0
2025-12-05 12:25:14,CP_0028,HEARTBEAT,1978,2025-12-05 12:20:53,261,757,0c7c3a0b2e9d,CSMS,EVSE-Controller/3.0,1,644,NORMAL,0
2025-12-05 12:28:32,CP_0033,ENERGY_UPDATE,1130,2025-12-05 12:25:14,198,758,08a72807bc3d,AUTH_SERVICE,EVSE-Controller/3.0,0,644,NORMAL,0
2025-12-05 12:32:18,CP_0024,DELETED_ENTRY,0,2025-12-05 12:28:32,70884,759,000000000000,AUTH_SERVICE,OCPP/1.6J-ChargePoint,1,644,LOG_DELETION,1
2025-12-05 12:35:22,CP_0030,ENERGY_UPDATE,1454,2025-12-05 12:32:18,184,760,0c81730cf1ad,CSMS,MeterService/1.5,1,644,NORMAL,0
2025-12-05 12:38:00,CP_0030,METER_VALUE,290,2025-12-05 12:35:22,158,761,0e59c0092aeb,OCPP_GATEWAY,CSMS-Monitor/2.1,1,644,NORMAL,0
2025-12-05 12:40:43,CP_0016,FIRMWARE_CHECK,1003,2025-12-05 12:38:00,163,762,0640ea0a9f58,EVSE,OCPP/1.6J-ChargePoint,1,644,NORMAL,0
2025-12-05 12:45:15,CP_0007,FIRMWARE_CHECK,998,2025-12-05 12:40:43,272,763,08225a0309a2,AUTH_SERVICE,EVSE-Controller/3.0,1,644,NORMAL,0
2025-12-05 12:47:35,CP_0038,SESSION_END,1702,2025-12-05 12:45:15,140,764,0994bb01c942,EVSE,MeterService/1.5,1,644,NORMAL,0
2025-12-05 12:49:18,CP_0026,SESSION_START,298,2025-12-05 12:47:35,103,765,082f970ccbc2,OCPP_GATEWAY,EVSE-Controller/3.0,0,644,NORMAL,0
2025-12-05 12:53:18,CP_0040,HEARTBEAT,827,2025-12-05 12:49:18,240,766,0e7c6804855c,CSMS,CSMS-Monitor/2.1,1,644,NORMAL,0
2025-12-05 12:55:40,CP_0044,SESSION_END,1016,2025-12-05 12:53:18,142,767,0a136d01d001,EVSE,MeterService/1.5,1,644,NORMAL,0
2025-12-05 12:55:56,CP_0011,CONNECTOR_STATUS,1070,2025-12-05 12:55:40,16,768,0c98430801e1,AUTH_SERVICE,EVSE-Controller/3.0,1,644,NORMAL,0
2022-11-25 03:13:59,CP_0020,SESSION_END,384,2025-12-05 12:55:56,-3600,769,03b00d01bf75,CSMS,OCPP/1.6J-ChargePoint,1,644,TIMESTAMP_MANIPULATION,1
2025-12-05 13:01:25,CP_0031,AUTH_SUCCESS,1458,2025-12-05 12:59:28,117,770,0564f4087f9d,CSMS,OCPP/1.6J-ChargePoint,1,644,NORMAL,0
2025-12-05 13:02:50,CP_0031,METER_VALUE,172,2025-12-05 13:01:25,-401,-1,0363a3042efe,CSMS,MeterService/1.5,0,644,LOG_SEQUENCE_ANOMALY,1
2025-12-05 13:05:30,CP_0037,CONFIG_UPDATE,97,2025-12-05 13:02:50,160,772,MODIFIED_9121,EVSE,UnknownEditor/1.0,0,644,LOG_MODIFICATION,1
2025-12-05 13:10:23,CP_0019,SESSION_START,1126,2025-12-05 13:05:30,293,773,07ebb7094db1,AUTH_SERVICE,CSMS-Monitor/2.1,1,644,NORMAL,0
2025-12-05 13:15:03,CP_0002,METER_VALUE,1308,2025-12-05 13:10:23,280,774,0694580a60c2,EVSE,EVSE-Controller/3.0,0,644,NORMAL,0
2025-12-05 13:19:15,CP_0008,CONNECTOR_STATUS,1403,2025-12-05 13:15:03,252,775,0bdd600712f8,AUTH_SERVICE,MeterService/1.5,1,644,NORMAL,0
2025-12-05 13:20:47,CP_0019,ENERGY_UPDATE,1089,2025-12-05 13:19:15,92,776,070706088920,CSMS,CSMS-Monitor/2.1,1,644,NORMAL,0
2025-12-05 13:24:56,CP_0009,HEARTBEAT,1608,2025-12-05 13:20:47,249,777,0ce87507c595,AUTH_SERVICE,EVSE-Controller/3.0,0,644,NORMAL,0
2025-12-05 13:26:28,CP_0040,ENERGY_UPDATE,706,2025-12-05 13:24:56,-380,1081,0c93b80d8392,EVSE,MeterService/1.5,1,644,LOG_SEQUENCE_ANOMALY,1
2025-12-05 13:30:49,CP_0007,METER_VALUE,1139,2025-12-05 13:26:28,261,779,066262054808,CSMS,OCPP/1.6J-ChargePoint,1,644,NORMAL,0
2025-12-05 13:34:02,CP_0017,STATUS_CHANGE,1514,2025-12-05 13:30:49,193,780,041045045241,EVSE,OCPP/1.6J-ChargePoint,1,644,NORMAL,0
2025-12-05 13:37:52,CP_0008,CONFIG_UPDATE,592,2025-12-05 13:34:02,230,781,0374f60a8480,CSMS,MeterService/1.5,1,644,NORMAL,0
2025-12-05 13:40:56,CP_0023,SESSION_START,1705,2025-12-05 13:37:52,184,782,0a703005ce44,CSMS,OCPP/1.6J-ChargePoint,1,644,NORMAL,0
2025-12-05 13:44:50,CP_0030,SESSION_END,344,2025-12-05 13:40:56,234,783,0e08450b4b87,EVSE,OCPP/1.6J-ChargePoint,1,644,NORMAL,0
2025-12-05 13:46:25,CP_0041,SESSION_END,1911,2025-12-05 13:44:50,95,784,04cfe3074fe5,CSMS,EVSE-Controller/3.0,0,644,NORMAL,0
2025-12-05 13:50:54,CP_0032,SESSION_END,443,2025-12-05 13:46:25,269,785,0be11e07587d,OCPP_GATEWAY,CSMS-Monitor/2.1,1,644,NORMAL,0
2025-12-05 13:52:47,CP_0029,METER_VALUE,1703,2025-12-05 13:50:54,113,786,0dd49501a19b,CSMS,MeterService/1.5,1,644,NORMAL,0
2025-12-05 13:54:24,CP_0006,FIRMWARE_CHECK,98,2025-12-05 13:52:47,97,787,MODIFIED_3483,AUTH_SERVICE,UnknownEditor/1.0,1,644,LOG_MODIFICATION,1
2025-12-05 13:58:09,CP_0015,AUTH_SUCCESS,1770,2025-12-05 13:54:24,225,788,0863150823f3,AUTH_SERVICE,MeterService/1.5,1,644,NORMAL,0
2025-12-05 14:02:05,CP_0010,GAP_DETECTED,0,2025-12-05 13:58:09,251448,4578,BULK_DEL_890,EVSE,OCPP/1.6J-ChargePoint,1,644,BULK_LOG_DELETION,1
2025-12-05 14:02:46,CP_0026,DELETED_ENTRY,0,2025-12-05 14:02:05,56291,790,000000000000,EVSE,EVSE-Controller/3.0,0,644,LOG_DELETION,1
2025-12-05 14:07:39,CP_0020,GAP_DETECTED,0,2025-12-05 14:02:46,320331,2970,BULK_DEL_657,OCPP_GATEWAY,CSMS-Monitor/2.1,0,644,BULK_LOG_DELETION,1
2026-10-06 03:13:59,CP_0045,STATUS_CHANGE,1945,2025-12-05 14:07:39,-7200,792,0e83e20e07e8,AUTH_SERVICE,CSMS-Monitor/2.1,1,644,TIMESTAMP_MANIPULATION,1
2025-12-05 14:12:49,CP_0034,FIRMWARE_CHECK,51,2025-12-05 14:11:35,74,793,MODIFIED_1383,OCPP_GATEWAY,UnknownEditor/1.0,1,644,LOG_MODIFICATION,1
2025-12-05 14:15:11,CP_0016,HEARTBEAT,1615,2025-12-05 14:12:49,142,794,084a31099c3a,EVSE,OCPP/1.6J-ChargePoint,1,644,NORMAL,0
2025-12-05 14:17:33,CP_0041,FIRMWARE_CHECK,853,2025-12-05 14:15:11,142,795,0381c3024a23,EVSE,MeterService/1.5,1,644,NORMAL,0
2025-12-05 14:17:45,CP_0030,STATUS_CHANGE,611,2025-12-05 14:17:33,12,796,0e697e0d7540,CSMS,EVSE-Controller/3.0,1,644,NORMAL,0
2025-12-05 14:20:20,CP_0043,CONFIG_UPDATE,1505,2025-12-05 14:17:45,155,797,03c3f20cf49b,AUTH_SERVICE,CSMS-Monitor/2.1,1,644,NORMAL,0
2025-12-05 14:23:17,CP_0034,CONFIG_UPDATE,522,2025-12-05 14:20:20,177,798,0eb0fd0dfb90,OCPP_GATEWAY,MeterService/1.5,1,644,NORMAL,0
2025-12-05 14:27:04,CP_0027,DELETED_ENTRY,0,2025-12-05 14:23:17,62079,799,000000000000,CSMS,MeterService/1.5,1,644,LOG_DELETION,1
2025-12-05 14:27:53,CP_0024,FIRMWARE_CHECK,952,2025-12-05 14:27:04,49,800,0af00d0a7828,AUTH_SERVICE,EVSE-Controller/3.0,0,644,NORMAL,0
2026-08-26 03:13:59,CP_0045,CONNECTOR_STATUS,1626,2025-12-05 14:27:53,-3600,801,0832560eb4f5,CSMS,CSMS-Monitor/2.1,1,644,TIMESTAMP_MANIPULATION,1
2025-12-05 14:36:20,CP_0034,SESSION_END,1550,2025-12-05 14:31:48,272,802,04ed9b08d013,ROOT_SHELL,MetadataEditor/HACK,0,666,LOG_METADATA_TAMPERING,1
2026-07-14 03:13:59,CP_0008,SESSION_END,884,2025-12-05 14:36:20,-7200,803,0aac920628c9,EVSE,CSMS-Monitor/2.1,1,644,TIMESTAMP_MANIPULATION,1
2025-12-05 14:42:39,CP_0032,SESSION_START,1748,2025-12-05 14:39:59,160,804,03cfd103ccd4,AUTH_SERVICE,OCPP/1.6J-ChargePoint,1,644,NORMAL,0
2025-12-05 14:44:39,CP_0012,GAP_DETECTED,0,2025-12-05 14:42:39,305329,5245,BULK_DEL_686,OCPP_GATEWAY,OCPP/1.6J-ChargePoint,1,644,BULK_LOG_DELETION,1
2025-12-05 14:47:27,CP_0037,CONNECTOR_STATUS,1971,2025-12-05 14:44:39,168,806,06ee590e0708,AUTH_SERVICE,MeterService/1.5,1,644,NORMAL,0
2025-12-05 14:48:47,CP_0033,CONNECTOR_STATUS,1687,2025-12-05 14:47:27,80,807,08b9890c338f,AUTH_SERVICE,CSMS-Monitor/2.1,1,644,NORMAL,0
2025-12-05 14:52:26,CP_0025,DELETED_ENTRY,0,2025-12-05 14:48:47,15203,808,000000000000,EVSE,MeterService/1.5,1,644,LOG_DELETION,1
2025-12-05 14:52:48,CP_0037,TRUNCATED_LOG,37,2025-12-05 14:52:26,22,809,0bd932TRUNC,EVSE,CSMS-Monitor/2.1,1,644,LOG_TRUNCATION,1
2025-12-05 14:57:01,CP_0033,LOG_PURGE,42981,2025-12-05 14:52:48,253,810,0c0ed50a091f,UNKNOWN_SOURCE,python-requests/2.25,0,644,FAKE_LOG_INJECTION,1
2025-12-05 15:00:58,CP_0006,FIRMWARE_CHECK,1370,2025-12-05 14:57:01,237,811,06a71c07f463,EVSE,MeterService/1.5,1,644,NORMAL,0
2025-12-05 15:02:40,CP_0027,FIRMWARE_CHECK,56,2025-12-05 15:00:58,102,812,MODIFIED_2878,AUTH_SERVICE,UnknownEditor/1.0,1,644,LOG_MODIFICATION,1
2025-12-05 15:04:03,CP_0012,DELETED_ENTRY,0,2025-12-05 15:02:40,11321,813,000000000000,OCPP_GATEWAY,MeterService/1.5,1,644,LOG_DELETION,1
2026-06-18 03:13:59,CP_0012,SESSION_START,1588,2025-12-05 15:04:03,-7200,814,02763f064b55,AUTH_SERVICE,OCPP/1.6J-ChargePoint,1,644,TIMESTAMP_MANIPULATION,1
2025-12-05 15:08:10,CP_0004,SESSION_START,67,2025-12-05 15:06:59,71,815,MODIFIED_2885,CSMS,UnknownEditor/1.0,0,644,LOG_MODIFICATION,1
2025-12-05 15:11:02,CP_0030,FIRMWARE_CHECK,961,2025-12-05 15:08:10,172,816,0292bd0945ca,EVSE,MeterService/1.5,1,644,NORMAL,0
2025-12-05 15:11:21,CP_0018,FIRMWARE_CHECK,1328,2025-12-05 15:11:02,19,817,0c53d2032668,CSMS,CSMS-Monitor/2.1,1,644,NORMAL,0
2020-04-04 03:13:59,CP_0006,FIRMWARE_CHECK,544,2025-12-05 15:11:21,999999,818,0e0d4e03cdc2,OCPP_GATEWAY,CSMS-Monitor/2.1,1,644,TIMESTAMP_MANIPULATION,1
2025-12-05 15:15:29,CP_0030,TRACE_REMOVE,49564,2025-12-05 15:15:19,10,819,0bf98d043438,UNKNOWN_SOURCE,Postman/8.0,0,644,FAKE_LOG_INJECTION,1
2025-12-05 15:18:53,CP_0023,ENERGY_UPDATE,1326,2025-12-05 15:15:29,204,820,0efa1109b0ee,OCPP_GATEWAY,OCPP/1.6J-ChargePoint,1,644,NORMAL,0
2025-12-05 15:23:36,CP_0037,SESSION_END,743,2025-12-05 15:18:53,283,821,02f61907d9cb,EVSE,CSMS-Monitor/2.1,1,644,NORMAL,0
2025-12-05 15:27:27,CP_0014,CONFIG_UPDATE,1161,2025-12-05 15:23:36,231,822,0e5bd9069e65,OCPP_GATEWAY,EVSE-Controller/3.0,0,644,NORMAL,0
2025-12-05 15:29:56,CP_0016,STATUS_CHANGE,827,2025-12-05 15:27:27,149,823,04e55708e1f6,OCPP_GATEWAY,OCPP/1.6J-ChargePoint,1,644,NORMAL,0
2025-12-05 15:30:07,CP_0039,CONNECTOR_STATUS,136,2025-12-05 15:29:56,11,824,01addb0c4a07,CSMS,MeterService/1.5,0,644,NORMAL,0
2025-12-05 15:34:52,CP_0006,SESSION_END,1231,2025-12-05 15:30:07,-604,0,0205620ed6d7,AUTH_SERVICE,OCPP/1.6J-ChargePoint,1,644,LOG_SEQUENCE_ANOMALY,1
2025-12-05 15:36:32,CP_0050,SESSION_START,383,2025-12-05 15:34:52,100,826,08edd007741d,CSMS,MeterService/1.5,1,644,NORMAL,0
2025-12-05 15:38:35,CP_0048,SESSION_START,1681,2025-12-05 15:36:32,123,827,0606260c6a2c,OCPP_GATEWAY,CSMS-Monitor/2.1,1,644,NORMAL,0
2025-12-05 15:41:20,CP_0046,ENERGY_UPDATE,607,2025-12-05 15:38:35,165,828,096d43075578,EVSE,EVSE-Controller/3.0,0,644,NORMAL,0
2025-12-05 15:43:17,CP_0001,ENERGY_UPDATE,1809,2025-12-05 15:41:20,117,829,0bbda807dcfe,EVSE,EVSE-Controller/3.0,0,644,NORMAL,0
2025-12-05 15:45:06,CP_0043,DELETED_ENTRY,0,2025-12-05 15:43:17,12126,830,000000000000,CSMS,OCPP/1.6J-ChargePoint,1,644,LOG_DELETION,1
2025-12-05 15:46:21,CP_0017,CONFIG_UPDATE,1880,2025-12-05 15:45:06,75,831,052c5e09e529,OCPP_GATEWAY,CSMS-Monitor/2.1,1,644,NORMAL,0
2025-12-05 15:51:03,CP_0040,HEARTBEAT,1522,2025-12-05 15:46:21,282,832,0a7cdc08c9e8,ADMIN_OVERRIDE,MetadataEditor/HACK,0,666,LOG_METADATA_TAMPERING,1
2025-12-05 15:54:41,CP_0018,TRUNCATED_LOG,47,2025-12-05 15:51:03,218,833,09d18fTRUNC,AUTH_SERVICE,EVSE-Controller/3.0,1,644,LOG_TRUNCATION,1
2025-12-05 15:56:45,CP_0004,HEARTBEAT,2008,2025-12-05 15:54:41,124,834,083f330a0b60,AUTH_SERVICE,EVSE-Controller/3.0,1,644,NORMAL,0
2025-12-05 16:00:15,CP_0013,STATUS_CHANGE,295,2025-12-05 15:56:45,210,835,0aaccc0e72da,EVSE,CSMS-Monitor/2.1,0,644,NORMAL,0
2025-12-05 16:01:03,CP_0016,ENERGY_UPDATE,464,2025-12-05 16:00:15,48,836,06cb21067faf,EVSE,OCPP/1.6J-ChargePoint,1,644,NORMAL,0
2025-12-05 16:05:18,CP_0028,SESSION_START,1341,2025-12-05 16:01:03,255,837,0e480a0b8bf0,OCPP_GATEWAY,EVSE-Controller/3.0,1,644,NORMAL,0
2025-12-05 16:07:30,CP_0022,DELETED_ENTRY,0,2025-12-05 16:05:18,16139,838,000000000000,CSMS,OCPP/1.6J-ChargePoint,0,644,LOG_DELETION,1
2025-12-05 16:11:28,CP_0038,SESSION_END,303,2025-12-05 16:07:30,238,839,027f32020f33,AUTH_SERVICE,EVSE-Controller/3.0,1,644,NORMAL,0
2025-12-05 16:12:43,CP_0004,CONNECTOR_STATUS,240,2025-12-05 16:11:28,75,840,0659730b4c35,AUTH_SERVICE,OCPP/1.6J-ChargePoint,1,644,NORMAL,0
2025-12-05 16:13:21,CP_0036,SESSION_START,731,2025-12-05 16:12:43,38,841,0f1fef07a111,AUTH_SERVICE,OCPP/1.6J-ChargePoint,0,644,NORMAL,0
2025-12-05 16:15:30,CP_0039,CONFIG_UPDATE,149,2025-12-05 16:13:21,129,842,08c7cc07ab29,AUTH_SERVICE,MeterService/1.5,1,644,NORMAL,0
2025-12-05 16:15:53,CP_0030,ENERGY_UPDATE,87,2025-12-05 16:15:30,23,843,MODIFIED_2106,EVSE,UnknownEditor/1.0,1,644,LOG_MODIFICATION,1
2025-12-05 16:17:07,CP_0041,GAP_DETECTED,0,2025-12-05 16:15:53,213881,2470,BULK_DEL_916,AUTH_SERVICE,MeterService/1.5,1,644,BULK_LOG_DELETION,1
2025-12-05 16:17:39,CP_0004,AUTH_SUCCESS,766,2025-12-05 16:17:07,32,845,0ae0d4087fdb,OCPP_GATEWAY,EVSE-Controller/3.0,1,644,NORMAL,0
2025-12-05 16:19:04,CP_0031,HEARTBEAT,1363,2025-12-05 16:17:39,85,846,070325062ed2,OCPP_GATEWAY,OCPP/1.6J-ChargePoint,1,644,NORMAL,0
2025-12-05 16:19:43,CP_0016,FIRMWARE_CHECK,1805,2025-12-05 16:19:04,39,847,0ee3800a7a21,EVSE,MeterService/1.5,1,644,NORMAL,0
2025-12-05 16:21:33,CP_0013,ENERGY_UPDATE,1736,2025-12-05 16:19:43,110,848,029ece06fd9f,CSMS,MeterService/1.5,0,644,NORMAL,0
2026-01-25 03:13:59,CP_0038,CONFIG_UPDATE,815,2025-12-05 16:21:33,-7200,849,0b622e0651ea,AUTH_SERVICE,EVSE-Controller/3.0,1,644,TIMESTAMP_MANIPULATION,1
2025-12-05 16:26:34,CP_0001,ENERGY_UPDATE,1547,2025-12-05 16:24:32,122,850,0535d308fd8f,CSMS,CSMS-Monitor/2.1,0,644,NORMAL,0
2025-12-05 16:29:33,CP_0048,METER_VALUE,548,2025-12-05 16:26:34,179,851,07ee4e04794a,EVSE,EVSE-Controller/3.0,1,644,NORMAL,0
2025-12-05 16:29:58,CP_0036,DELETED_ENTRY,0,2025-12-05 16:29:33,7490,852,000000000000,CSMS,EVSE-Controller/3.0,1,644,LOG_DELETION,1
2025-12-05 16:32:33,CP_0012,DELETED_ENTRY,0,2025-12-05 16:29:58,27001,853,000000000000,CSMS,EVSE-Controller/3.0,1,644,LOG_DELETION,1
2025-12-05 16:34:23,CP_0002,AUTH_SUCCESS,1854,2025-12-05 16:32:33,110,854,05b6e9032519,EVSE,CSMS-Monitor/2.1,0,644,NORMAL,0
2016-01-19 03:13:59,CP_0022,ENERGY_UPDATE,752,2025-12-05 16:34:23,999999,855,08d33c055e47,OCPP_GATEWAY,EVSE-Controller/3.0,1,644,TIMESTAMP_MANIPULATION,1
2025-12-05 16:39:21,CP_0046,SESSION_END,370,2025-12-05 16:35:29,232,856,03d638039e5c,CSMS,CSMS-Monitor/2.1,0,644,NORMAL,0
2025-12-05 16:42:42,CP_0021,CONFIG_UPDATE,1007,2025-12-05 16:39:21,201,857,0bb44405704c,EVSE,CSMS-Monitor/2.1,1,644,NORMAL,0
2025-12-05 16:44:08,CP_0021,ENERGY_UPDATE,237,2025-12-05 16:42:42,86,858,0b98e30e4173,OCPP_GATEWAY,CSMS-Monitor/2.1,0,644,NORMAL,0
2025-12-05 16:46:05,CP_0047,SESSION_END,1734,2025-12-05 16:44:08,117,859,090e7a0e2e8c,EVSE,CSMS-Monitor/2.1,0,644,NORMAL,0
2025-12-05 16:50:35,CP_0024,CONNECTOR_STATUS,1190,2025-12-05 16:46:05,270,860,08f4430463cd,OCPP_GATEWAY,EVSE-Controller/3.0,0,644,NORMAL,0
2025-12-05 16:54:58,CP_0031,HEARTBEAT,1318,2025-12-05 16:50:35,263,861,07f0e60bbc4e,EVSE,CSMS-Monitor/2.1,1,644,NORMAL,0
2025-12-05 16:56:51,CP_0029,ENERGY_UPDATE,938,2025-12-05 16:54:58,113,862,0505fc066bff,AUTH_SERVICE,MeterService/1.5,1,644,NORMAL,0
2025-12-05 17:00:12,CP_0017,FIRMWARE_CHECK,301,2025-12-05 16:56:51,201,863,03acd70d8d45,EVSE,EVSE-Controller/3.0,0,644,NORMAL,0
2025-12-05 17:04:47,CP_0023,ENERGY_UPDATE,1323,2025-12-05 17:00:12,275,864,022f2508f84d,OCPP_GATEWAY,MeterService/1.5,0,644,NORMAL,0
2025-12-05 17:08:26,CP_0024,LOG_PURGE,47293,2025-12-05 17:04:47,219,865,05e4e907a4d0,UNKNOWN_SOURCE,Postman/8.0,0,644,FAKE_LOG_INJECTION,1
2025-12-05 17:09:14,CP_0023,SESSION_END,731,2025-12-05 17:08:26,48,866,0f01ed098dda,EVSE,EVSE-Controller/3.0,1,644,NORMAL,0
2025-12-05 17:10:14,CP_0008,SESSION_END,865,2025-12-05 17:09:14,60,867,02236c0a4325,CSMS,EVSE-Controller/3.0,1,644,NORMAL,0
2025-12-05 17:13:12,CP_0017,HEARTBEAT,1654,2025-12-05 17:10:14,178,868,0e932d0dd254,OCPP_GATEWAY,CSMS-Monitor/2.1,1,644,NORMAL,0
2025-12-05 17:18:00,CP_0017,SESSION_START,1705,2025-12-05 17:13:12,288,869,065145060910,OCPP_GATEWAY,MeterService/1.5,0,644,NORMAL,0
2025-12-05 17:18:16,CP_0031,FIRMWARE_CHECK,1686,2025-12-05 17:18:00,16,870,03ea1407e2ce,CSMS,CSMS-Monitor/2.1,1,644,NORMAL,0
2025-12-05 17:22:28,CP_0015,FIRMWARE_CHECK,1330,2025-12-05 17:18:16,252,871,0e19fa0a5e23,AUTH_SERVICE,MeterService/1.5,1,644,NORMAL,0
2025-12-05 17:25:18,CP_0013,METER_VALUE,1705,2025-12-05 17:22:28,-858,0,0cb164083579,CSMS,MeterService/1.5,0,644,LOG_SEQUENCE_ANOMALY,1
2026-12-21 03:13:59,CP_0020,SESSION_START,1151,2025-12-05 17:25:18,-7200,873,0e7e070c1144,OCPP_GATEWAY,EVSE-Controller/3.0,1,644,TIMESTAMP_MANIPULATION,1
2025-12-05 17:31:18,CP_0020,STATUS_CHANGE,1330,2025-12-05 17:26:33,-610,-1,01e5d00a9b6c,EVSE,CSMS-Monitor/2.1,1,644,LOG_SEQUENCE_ANOMALY,1
2025-12-05 17:33:12,CP_0026,SESSION_END,1222,2025-12-05 17:31:18,114,875,07b575048a0f,AUTH_SERVICE,OCPP/1.6J-ChargePoint,1,644,NORMAL,0
2025-12-05 17:37:13,CP_0041,HEARTBEAT,318,2025-12-05 17:33:12,241,876,0444c60331e4,CSMS,OCPP/1.6J-ChargePoint,0,644,NORMAL,0
2025-12-05 17:39:04,CP_0005,DELETED_ENTRY,0,2025-12-05 17:37:13,11130,877,000000000000,OCPP_GATEWAY,OCPP/1.6J-ChargePoint,0,644,LOG_DELETION,1
2025-12-05 17:39:19,CP_0011,CONNECTOR_STATUS,76,2025-12-05 17:39:04,15,878,MODIFIED_9789,CSMS,UnknownEditor/1.0,1,644,LOG_MODIFICATION,1
2025-12-05 17:42:48,CP_0014,AUTH_SUCCESS,1910,2025-12-05 17:39:19,-399,0,04d113067b63,AUTH_SERVICE,MeterService/1.5,1,644,LOG_SEQUENCE_ANOMALY,1
2025-12-05 17:44:41,CP_0033,CONNECTOR_STATUS,692,2025-12-05 17:42:48,113,880,04c0cc01a51c,CSMS,MeterService/1.5,1,644,NORMAL,0
2025-12-05 17:46:57,CP_0034,TRUNCATED_LOG,48,2025-12-05 17:44:41,136,881,0aa22fTRUNC,AUTH_SERVICE,MeterService/1.5,1,644,LOG_TRUNCATION,1
2025-12-05 17:47:53,CP_0019,CONNECTOR_STATUS,838,2025-12-05 17:46:57,56,882,0cbb1f0f0213,OCPP_GATEWAY,MeterService/1.5,1,644,NORMAL,0
2025-12-05 17:51:35,CP_0016,AUTH_SUCCESS,1971,2025-12-05 17:47:53,222,883,0b68df0d41fe,AUTH_SERVICE,MeterService/1.5,0,644,NORMAL,0
2025-12-05 17:53:18,CP_0045,GAP_DETECTED,0,2025-12-05 17:51:35,229937,5788,BULK_DEL_398,EVSE,CSMS-Monitor/2.1,1,644,BULK_LOG_DELETION,1
2025-12-05 17:54:02,CP_0045,ENERGY_UPDATE,1989,2025-12-05 17:53:18,44,885,096bf3081b38,EVSE,EVSE-Controller/3.0,1,644,NORMAL,0
2025-12-05 17:55:05,CP_0033,STATUS_CHANGE,967,2025-12-05 17:54:02,63,886,08bda80429ce,OCPP_GATEWAY,CSMS-Monitor/2.1,1,644,NORMAL,0
2025-12-05 17:59:11,CP_0002,SESSION_END,1436,2025-12-05 17:55:05,246,887,0ca33d0c55f9,AUTH_SERVICE,MeterService/1.5,1,644,NORMAL,0
2025-12-05 18:02:45,CP_0013,METER_VALUE,205,2025-12-05 17:59:11,214,888,01b29a05891b,EVSE,CSMS-Monitor/2.1,1,644,NORMAL,0
2025-12-05 18:06:52,CP_0032,CONNECTOR_STATUS,267,2025-12-05 18:02:45,247,889,02d8be0a4cfd,CSMS,MeterService/1.5,1,644,NORMAL,0
2025-12-05 18:09:24,CP_0011,SYSTEM_BYPASS,16039,2025-12-05 18:06:52,152,890,01d09f0b3cd9,UNKNOWN_SOURCE,wget/1.21,0,644,FAKE_LOG_INJECTION,1
2025-12-05 18:09:39,CP_0044,DELETED_ENTRY,0,2025-12-05 18:09:24,73369,891,000000000000,CSMS,CSMS-Monitor/2.1,1,644,LOG_DELETION,1
2025-12-05 18:11:39,CP_0029,SESSION_START,1841,2025-12-05 18:09:39,120,892,0baeb90e8293,EVSE,MeterService/1.5,1,644,NORMAL,0
2025-12-05 18:15:36,CP_0004,CONFIG_UPDATE,137,2025-12-05 18:11:39,237,893,024df40de26a,AUTH_SERVICE,CSMS-Monitor/2.1,1,644,NORMAL,0
2025-12-05 18:17:48,CP_0013,SESSION_END,64,2025-12-05 18:15:36,132,894,MODIFIED_2035,EVSE,UnknownEditor/1.0,1,644,LOG_MODIFICATION,1
2025-12-05 18:19:23,CP_0047,AUTH_SUCCESS,218,2025-12-05 18:17:48,95,895,082d4009b9d3,EVSE,EVSE-Controller/3.0,1,644,NORMAL,0
2025-12-05 18:24:20,CP_0041,ENERGY_UPDATE,1407,2025-12-05 18:19:23,297,896,04d6fc0a3170,AUTH_SERVICE,MeterService/1.5,1,644,NORMAL,0
2025-12-05 18:26:28,CP_0014,SESSION_END,858,2025-12-05 18:24:20,128,897,06b323044dc7,EVSE,MeterService/1.5,1,644,NORMAL,0
2025-12-05 18:26:44,CP_0025,ENERGY_UPDATE,1067,2025-12-05 18:26:28,16,898,050c23029507,OCPP_GATEWAY,EVSE-Controller/3.0,1,644,NORMAL,0
2025-12-05 18:28:45,CP_0027,DELETED_ENTRY,0,2025-12-05 18:26:44,16018,899,000000000000,EVSE,CSMS-Monitor/2.1,1,644,LOG_DELETION,1
2025-12-05 18:31:41,CP_0041,METER_VALUE,1516,2025-12-05 18:28:45,176,900,0dde4e0ca01a,CSMS,EVSE-Controller/3.0,1,644,NORMAL,0
2025-12-05 18:34:33,CP_0043,CONNECTOR_STATUS,266,2025-12-05 18:31:41,172,901,06e33701ceea,AUTH_SERVICE,MeterService/1.5,1,644,NORMAL,0
2025-12-05 18:39:00,CP_0038,SESSION_START,604,2025-12-05 18:34:33,267,902,01dd830b6330,EVSE,EVSE-Controller/3.0,1,644,NORMAL,0
2025-12-05 18:42:49,CP_0049,ENERGY_UPDATE,1397,2025-12-05 18:39:00,229,903,02cbce027c11,CSMS,EVSE-Controller/3.0,0,644,NORMAL,0
2025-12-05 18:45:30,CP_0013,AUTH_SUCCESS,897,2025-12-05 18:42:49,161,904,04cbc90bcc6a,EVSE,CSMS-Monitor/2.1,0,644,NORMAL,0
2025-12-05 18:48:28,CP_0009,HEARTBEAT,778,2025-12-05 18:45:30,178,905,0bd2d10e1e0e,EVSE,MeterService/1.5,1,644,NORMAL,0
2025-12-05 18:48:50,CP_0015,STATUS_CHANGE,829,2025-12-05 18:48:28,22,906,0566e004d1a7,EVSE,CSMS-Monitor/2.1,1,644,NORMAL,0
2026-04-12 03:13:59,CP_0034,STATUS_CHANGE,503,2025-12-05 18:48:50,-3600,907,089a890b9a36,EVSE,OCPP/1.6J-ChargePoint,0,644,TIMESTAMP_MANIPULATION,1
2025-12-05 18:53:37,CP_0014,AUTH_SUCCESS,315,2025-12-05 18:52:15,82,908,044e000b020a,CSMS,CSMS-Monitor/2.1,1,644,NORMAL,0
2025-12-05 18:57:25,CP_0047,CONNECTOR_STATUS,765,2025-12-05 18:53:37,228,909,0427040d1299,CSMS,CSMS-Monitor/2.1,0,644,NORMAL,0
2025-12-05 18:59:42,CP_0020,DELETED_ENTRY,0,2025-12-05 18:57:25,14087,910,000000000000,CSMS,EVSE-Controller/3.0,0,644,LOG_DELETION,1
2025-12-05 19:02:56,CP_0026,METER_VALUE,471,2025-12-05 18:59:42,194,911,090eaa089680,ROOT_SHELL,MetadataEditor/HACK,0,755,LOG_METADATA_TAMPERING,1
2025-12-05 19:06:21,CP_0028,SESSION_END,1682,2025-12-05 19:02:56,205,912,06545f0b0c7e,CSMS,CSMS-Monitor/2.1,1,644,NORMAL,0
2025-12-05 19:09:07,CP_0030,CONNECTOR_STATUS,95,2025-12-05 19:06:21,166,913,MODIFIED_3238,AUTH_SERVICE,UnknownEditor/1.0,1,644,LOG_MODIFICATION,1
2025-12-05 19:10:54,CP_0001,DELETED_ENTRY,0,2025-12-05 19:09:07,58102,914,000000000000,OCPP_GATEWAY,MeterService/1.5,0,644,LOG_DELETION,1
2025-12-05 19:14:15,CP_0025,GAP_DETECTED,0,2025-12-05 19:10:54,569585,2433,BULK_DEL_494,EVSE,MeterService/1.5,1,644,BULK_LOG_DELETION,1
2025-12-05 19:19:14,CP_0011,ENERGY_UPDATE,1690,2025-12-05 19:14:15,299,916,0881b3059c29,OCPP_GATEWAY,MeterService/1.5,1,644,NORMAL,0
2025-12-05 19:19:53,CP_0042,METER_VALUE,2025,2025-12-05 19:19:14,39,917,084f7e0d4be7,CSMS,CSMS-Monitor/2.1,0,644,NORMAL,0
2025-12-05 19:23:08,CP_0041,DELETED_ENTRY,0,2025-12-05 19:19:53,22915,918,000000000000,CSMS,EVSE-Controller/3.0,0,644,LOG_DELETION,1
2025-12-05 19:25:28,CP_0016,CONFIG_UPDATE,1312,2025-12-05 19:23:08,140,919,0c20a70efd79,CSMS,OCPP/1.6J-ChargePoint,1,644,NORMAL,0
2025-12-05 19:26:25,CP_0042,METER_VALUE,942,2025-12-05 19:25:28,57,920,0cd2af0ae789,EVSE,CSMS-Monitor/2.1,0,644,NORMAL,0
2025-12-05 19:27:59,CP_0028,HEARTBEAT,1544,2025-12-05 19:26:25,94,921,065c84098946,AUTH_SERVICE,EVSE-Controller/3.0,0,644,NORMAL,0
2025-12-05 19:28:54,CP_0007,CONFIG_UPDATE,1718,2025-12-05 19:27:59,55,922,0e4952070942,CSMS,EVSE-Controller/3.0,1,644,NORMAL,0
2025-12-05 19:32:27,CP_0045,GAP_DETECTED,0,2025-12-05 19:28:54,123017,4844,BULK_DEL_637,AUTH_SERVICE,OCPP/1.6J-ChargePoint,1,644,BULK_LOG_DELETION,1
2025-12-05 19:36:10,CP_0042,HEARTBEAT,1629,2025-12-05 19:32:27,223,924,086bcb04418a,CSMS,EVSE-Controller/3.0,1,644,NORMAL,0
2025-12-05 19:37:28,CP_0013,CONNECTOR_STATUS,500,2025-12-05 19:36:10,78,925,099154034a29,AUTH_SERVICE,CSMS-Monitor/2.1,1,644,NORMAL,0
2025-12-05 19:39:20,CP_0004,AUTH_SUCCESS,1785,2025-12-05 19:37:28,112,926,0dac29049895,OCPP_GATEWAY,MeterService/1.5,0,644,NORMAL,0
2026-01-19 03:13:59,CP_0041,AUTH_SUCCESS,291,2025-12-05 19:39:20,999999,927,06374402e5ae,AUTH_SERVICE,OCPP/1.6J-ChargePoint,1,644,TIMESTAMP_MANIPULATION,1
2025-12-05 19:44:43,CP_0044,SESSION_START,83,2025-12-05 19:40:25,258,928,MODIFIED_4458,EVSE,UnknownEditor/1.0,1,644,LOG_MODIFICATION,1
2025-12-05 19:48:05,CP_0039,FIRMWARE_CHECK,1687,2025-12-05 19:44:43,202,929,05c77d094cfa,AUTH_SERVICE,EVSE-Controller/3.0,0,644,NORMAL,0
2025-12-05 19:51:07,CP_0024,STATUS_CHANGE,773,2025-12-05 19:48:05,182,930,0e986e055c03,OCPP_GATEWAY,MeterService/1.5,0,644,NORMAL,0
2019-01-22 03:13:59,CP_0022,SESSION_END,134,2025-12-05 19:51:07,-7200,931,08d62a0cb2e5,AUTH_SERVICE,CSMS-Monitor/2.1,1,644,TIMESTAMP_MANIPULATION,1
2025-12-05 19:56:36,CP_0024,CONNECTOR_STATUS,1394,2025-12-05 19:54:19,137,932,0c813d0c1161,AUTH_SERVICE,MeterService/1.5,1,644,NORMAL,0
2025-12-05 19:56:47,CP_0041,STATUS_CHANGE,162,2025-12-05 19:56:36,11,933,0baa93074a06,EVSE,EVSE-Controller/3.0,0,644,NORMAL,0
2025-12-05 19:58:56,CP_0039,CONNECTOR_STATUS,947,2025-12-05 19:56:47,129,934,0d5a680b53cd,EVSE,EVSE-Controller/3.0,0,644,NORMAL,0
2025-12-05 20:03:09,CP_0043,SESSION_END,1631,2025-12-05 19:58:56,253,935,07af01063a49,CSMS,CSMS-Monitor/2.1,1,644,NORMAL,0
2025-12-05 20:04:24,CP_0032,SESSION_END,745,2025-12-05 20:03:09,75,936,0ed7f20c4b7c,AUTH_SERVICE,CSMS-Monitor/2.1,0,644,NORMAL,0
2025-12-05 20:05:33,CP_0031,FIRMWARE_CHECK,621,2025-12-05 20:04:24,69,937,056b6904e981,CSMS,OCPP/1.6J-ChargePoint,1,644,NORMAL,0
2025-12-05 20:09:25,CP_0046,SESSION_START,456,2025-12-05 20:05:33,232,938,06bff807a966,OCPP_GATEWAY,CSMS-Monitor/2.1,1,644,NORMAL,0
2018-07-20 03:13:59,CP_0043,AUTH_SUCCESS,2017,2025-12-05 20:09:25,999999,939,0a141d0ba9a3,AUTH_SERVICE,OCPP/1.6J-ChargePoint,1,644,TIMESTAMP_MANIPULATION,1
2025-12-05 20:11:21,CP_0042,STATUS_CHANGE,900,2025-12-05 20:10:38,43,940,0d01450d69d2,AUTH_SERVICE,MeterService/1.5,1,644,NORMAL,0
2025-12-05 20:12:30,CP_0019,METER_VALUE,70,2025-12-05 20:11:21,69,941,MODIFIED_3087,CSMS,UnknownEditor/1.0,1,644,LOG_MODIFICATION,1
2025-12-05 20:12:40,CP_0020,SESSION_START,1336,2025-12-05 20:12:30,10,942,0a1874049048,AUTH_SERVICE,MeterService/1.5,1,644,NORMAL,0
2025-12-05 20:15:56,CP_0044,AUTH_SUCCESS,1192,2025-12-05 20:12:40,196,943,0c25500b26d9,CSMS,OCPP/1.6J-ChargePoint,0,644,NORMAL,0
2025-12-05 20:16:10,CP_0035,CONNECTOR_STATUS,775,2025-12-05 20:15:56,14,944,03d7510e9591,OCPP_GATEWAY,CSMS-Monitor/2.1,0,644,NORMAL,0
2017-04-15 03:13:59,CP_0039,HEARTBEAT,426,2025-12-05 20:16:10,-3600,945,0d7a950c2be6,EVSE,EVSE-Controller/3.0,1,644,TIMESTAMP_MANIPULATION,1
2025-12-05 20:20:05,CP_0046,CONFIG_UPDATE,1107,2025-12-05 20:17:35,150,946,0b9f840ec8ed,CSMS,MeterService/1.5,1,644,NORMAL,0
2025-12-05 20:23:27,CP_0004,STATUS_CHANGE,440,2025-12-05 20:20:05,202,947,0ec5a40cfe7f,CSMS,CSMS-Monitor/2.1,1,644,NORMAL,0
2025-12-05 20:25:08,CP_0032,METER_VALUE,740,2025-12-05 20:23:27,101,948,0e90ea0c12ea,CSMS,OCPP/1.6J-ChargePoint,0,644,NORMAL,0
2025-12-05 20:28:10,CP_0028,CONNECTOR_STATUS,841,2025-12-05 20:25:08,182,949,0da63807c9a5,AUTH_SERVICE,OCPP/1.6J-ChargePoint,1,644,NORMAL,0
2025-12-05 20:29:59,CP_0045,AUTH_SUCCESS,91,2025-12-05 20:28:10,109,950,MODIFIED_8496,OCPP_GATEWAY,UnknownEditor/1.0,1,644,LOG_MODIFICATION,1
2025-12-05 20:31:19,CP_0029,CONNECTOR_STATUS,724,2025-12-05 20:29:59,80,951,03d7d104e1d3,CSMS,CSMS-Monitor/2.1,1,644,NORMAL,0
2025-12-05 20:32:21,CP_0044,AUTH_SUCCESS,80,2025-12-05 20:31:19,62,952,MODIFIED_6825,CSMS,UnknownEditor/1.0,1,644,LOG_MODIFICATION,1
2025-12-05 20:32:57,CP_0008,FIRMWARE_CHECK,1459,2025-12-05 20:32:21,36,953,06f1100b0529,AUTH_SERVICE,CSMS-Monitor/2.1,0,644,NORMAL,0
2025-12-05 20:35:12,CP_0003,SESSION_END,621,2025-12-05 20:32:57,135,954,07df48095809,OCPP_GATEWAY,CSMS-Monitor/2.1,0,644,NORMAL,0
2025-12-05 20:36:07,CP_0050,CONNECTOR_STATUS,1899,2025-12-05 20:35:12,-881,897,0e9df30bee4c,AUTH_SERVICE,EVSE-Controller/3.0,0,644,LOG_SEQUENCE_ANOMALY,1
2025-12-05 20:36:59,CP_0008,CONNECTOR_STATUS,1441,2025-12-05 20:36:07,52,956,0c39ff09ae8e,CSMS,OCPP/1.6J-ChargePoint,0,644,NORMAL,0
2025-12-05 20:37:57,CP_0038,SESSION_END,70,2025-12-05 20:36:59,58,957,MODIFIED_2629,AUTH_SERVICE,UnknownEditor/1.0,1,644,LOG_MODIFICATION,1
2025-12-05 20:42:42,CP_0012,METER_VALUE,1792,2025-12-05 20:37:57,-229,881,0cbcdd01d781,AUTH_SERVICE,MeterService/1.5,1,644,LOG_SEQUENCE_ANOMALY,1
2025-12-05 20:44:38,CP_0043,SESSION_END,498,2025-12-05 20:42:42,116,959,0b1c8c0ca63a,CSMS,OCPP/1.6J-ChargePoint,0,644,NORMAL,0
2025-12-05 20:45:50,CP_0003,TRUNCATED_LOG,49,2025-12-05 20:44:38,72,960,04d357TRUNC,CSMS,OCPP/1.6J-ChargePoint,1,644,LOG_TRUNCATION,1
2025-12-05 20:47:03,CP_0033,DELETED_ENTRY,0,2025-12-05 20:45:50,43000,961,000000000000,AUTH_SERVICE,OCPP/1.6J-ChargePoint,1,644,LOG_DELETION,1
2025-12-05 20:47:36,CP_0034,HEARTBEAT,1477,2025-12-05 20:47:03,33,962,0a124e08a504,CSMS,MeterService/1.5,1,644,NORMAL,0
2025-12-05 20:50:46,CP_0039,DEBUG_OVERRIDE,14284,2025-12-05 20:47:36,190,963,04e2200c8863,UNKNOWN_SOURCE,python-requests/2.25,0,644,FAKE_LOG_INJECTION,1
2025-12-05 20:52:46,CP_0009,FIRMWARE_CHECK,54,2025-12-05 20:50:46,120,964,MODIFIED_7914,OCPP_GATEWAY,UnknownEditor/1.0,1,644,LOG_MODIFICATION,1
2025-12-05 20:55:06,CP_0017,METER_VALUE,1458,2025-12-05 20:52:46,140,965,04239407ed44,AUTH_SERVICE,OCPP/1.6J-ChargePoint,1,644,NORMAL,0
2025-12-05 20:58:53,CP_0045,AUTH_SUCCESS,1225,2025-12-05 20:55:06,227,966,04c93c02a7a1,OCPP_GATEWAY,CSMS-Monitor/2.1,1,644,NORMAL,0
2025-12-05 21:03:51,CP_0043,FIRMWARE_CHECK,1366,2025-12-05 20:58:53,298,967,04268b083da9,CSMS,EVSE-Controller/3.0,0,644,NORMAL,0
2025-12-05 21:07:15,CP_0002,CONFIG_UPDATE,634,2025-12-05 21:03:51,204,968,02c42a05d90e,EVSE,OCPP/1.6J-ChargePoint,0,644,NORMAL,0
2025-12-05 21:07:58,CP_0022,SESSION_END,871,2025-12-05 21:07:15,43,969,06dcb60df99a,OCPP_GATEWAY,CSMS-Monitor/2.1,1,644,NORMAL,0
2025-12-05 21:08:58,CP_0025,FIRMWARE_CHECK,56,2025-12-05 21:07:58,60,970,MODIFIED_9021,EVSE,UnknownEditor/1.0,1,644,LOG_MODIFICATION,1
2025-12-05 21:11:32,CP_0036,FIRMWARE_CHECK,72,2025-12-05 21:08:58,154,971,MODIFIED_3960,CSMS,UnknownEditor/1.0,0,644,LOG_MODIFICATION,1
2025-12-05 21:16:24,CP_0039,METER_VALUE,1104,2025-12-05 21:11:32,292,972,0b00ba039129,OCPP_GATEWAY,OCPP/1.6J-ChargePoint,1,644,NORMAL,0
2022-12-16 03:13:59,CP_0025,CONFIG_UPDATE,1634,2025-12-05 21:16:24,-7200,973,05cdc5025f28,OCPP_GATEWAY,CSMS-Monitor/2.1,0,644,TIMESTAMP_MANIPULATION,1
2025-12-05 21:20:58,CP_0030,FIRMWARE_CHECK,715,2025-12-05 21:17:47,191,974,05f065085ec0,CSMS,EVSE-Controller/3.0,1,644,NORMAL,0
2025-12-05 21:23:44,CP_0027,STATUS_CHANGE,1859,2025-12-05 21:20:58,166,975,02f7d70bae42,EVSE,OCPP/1.6J-ChargePoint,1,644,NORMAL,0
2025-12-05 21:24:41,CP_0011,CONFIG_UPDATE,245,2025-12-05 21:23:44,57,976,02e1150d6ba1,OCPP_GATEWAY,MeterService/1.5,1,644,NORMAL,0
2025-12-05 21:28:28,CP_0044,FIRMWARE_CHECK,2037,2025-12-05 21:24:41,227,977,0d37f803b56f,AUTH_SERVICE,MeterService/1.5,1,644,NORMAL,0
2025-12-05 21:32:05,CP_0001,CONFIG_UPDATE,517,2025-12-05 21:28:28,217,978,0ed4070d75e6,EVSE,MeterService/1.5,1,644,NORMAL,0
2025-12-05 21:34:20,CP_0048,FIRMWARE_CHECK,1528,2025-12-05 21:32:05,135,979,0b45e102341d,AUTH_SERVICE,CSMS-Monitor/2.1,1,644,NORMAL,0
2025-12-05 21:35:59,CP_0005,STATUS_CHANGE,1847,2025-12-05 21:34:20,99,980,03a8b209bead,OCPP_GATEWAY,OCPP/1.6J-ChargePoint,0,644,NORMAL,0
2025-12-05 21:40:22,CP_0025,AUTH_SUCCESS,892,2025-12-05 21:35:59,263,981,03566d06eee7,CSMS,OCPP/1.6J-ChargePoint,1,644,NORMAL,0
2025-12-05 21:43:05,CP_0031,HEARTBEAT,670,2025-12-05 21:40:22,163,982,04ef57018fc6,AUTH_SERVICE,CSMS-Monitor/2.1,1,644,NORMAL,0
2025-12-05 21:47:38,CP_0003,CONNECTOR_STATUS,1955,2025-12-05 21:43:05,273,983,0b68ec0f1979,AUTH_SERVICE,OCPP/1.6J-ChargePoint,1,644,NORMAL,0
2025-12-05 21:47:51,CP_0040,CONNECTOR_STATUS,800,2025-12-05 21:47:38,13,984,064cab07302b,EVSE,OCPP/1.6J-ChargePoint,1,644,NORMAL,0
2025-12-05 21:49:36,CP_0026,STATUS_CHANGE,146,2025-12-05 21:47:51,105,985,0325b4086b32,AUTH_SERVICE,CSMS-Monitor/2.1,1,644,NORMAL,0
2025-12-05 21:54:16,CP_0033,AUTH_SUCCESS,969,2025-12-05 21:49:36,280,986,0381e2095310,EVSE,CSMS-Monitor/2.1,1,644,NORMAL,0
2025-12-05 21:56:21,CP_0031,METER_VALUE,894,2025-12-05 21:54:16,125,987,06507f075b99,AUTH_SERVICE,CSMS-Monitor/2.1,1,644,NORMAL,0
2025-12-05 22:00:15,CP_0043,DELETED_ENTRY,0,2025-12-05 21:56:21,29613,988,000000000000,AUTH_SERVICE,OCPP/1.6J-ChargePoint,1,644,LOG_DELETION,1
2025-12-05 22:02:50,CP_0003,DELETED_ENTRY,0,2025-12-05 22:00:15,29682,989,000000000000,OCPP_GATEWAY,OCPP/1.6J-ChargePoint,1,644,LOG_DELETION,1
2025-12-05 22:07:05,CP_0043,HEARTBEAT,371,2025-12-05 22:02:50,255,990,08436e0959d8,AUTH_SERVICE,CSMS-Monitor/2.1,1,644,NORMAL,0
2025-12-05 22:10:39,CP_0033,METER_VALUE,397,2025-12-05 22:07:05,214,991,03481703407f,EVSE,CSMS-Monitor/2.1,1,644,NORMAL,0
2025-12-05 22:10:55,CP_0050,HEARTBEAT,80,2025-12-05 22:10:39,16,992,MODIFIED_8116,OCPP_GATEWAY,UnknownEditor/1.0,1,644,LOG_MODIFICATION,1
2025-12-05 22:13:29,CP_0032,SESSION_END,1686,2025-12-05 22:10:55,154,993,08639c057d65,CSMS,CSMS-Monitor/2.1,1,644,NORMAL,0
2025-12-05 22:16:02,CP_0050,SESSION_END,1897,2025-12-05 22:13:29,153,994,05be0b0cbdbd,CSMS,MeterService/1.5,1,644,NORMAL,0
2025-12-05 22:20:14,CP_0046,SESSION_END,1563,2025-12-05 22:16:02,252,995,0d369309902f,CSMS,CSMS-Monitor/2.1,1,644,NORMAL,0
2025-12-05 22:22:21,CP_0008,AUTH_SUCCESS,949,2025-12-05 22:20:14,127,996,0223c605e85c,CSMS,CSMS-Monitor/2.1,0,644,NORMAL,0
2025-12-05 22:24:13,CP_0006,DELETED_ENTRY,0,2025-12-05 22:22:21,47663,997,000000000000,OCPP_GATEWAY,CSMS-Monitor/2.1,1,644,LOG_DELETION,1
2025-12-05 22:28:01,CP_0031,SESSION_START,1172,2025-12-05 22:24:13,228,998,085bea0bd3ed,EVSE,EVSE-Controller/3.0,1,644,NORMAL,0
2025-12-05 22:30:28,CP_0024,HEARTBEAT,846,2025-12-05 22:28:01,147,999,0ce94708370e,CSMS,EVSE-Controller/3.0,1,644,NORMAL,0
2025-12-05 22:32:11,CP_0003,SESSION_START,234,2025-12-05 22:30:28,103,1000,0c17bf0d7123,OCPP_GATEWAY,CSMS-Monitor/2.1,1,644,NORMAL,0
