timestamp,charge_point_id,message_type,source_id,claimed_source_id,is_verified,message_hash,expected_hash,hash_match,session_id,transaction_id,message_sequence,time_since_last_message,is_replay,is_critical_command,authentication_method,encryption_status,source_ip_match,protocol_version,message_size_bytes,response_time_ms,anomaly_type,label
2025-12-31 17:00:00,CP_004,RemoteStartTransaction,SRC_017,SRC_017,0,cbe77594e176f67c,cbe77594e176f67c,1,SESSION_22817,24098,4,22823.0,1,1,password,TLS1.2,1,OCPP1.6,1776,120.6,replay_attack,1
2026-01-01 00:43:06,CP_014,RemoteStopTransaction,SRC_014,SRC_014,1,6e919f9d0abd0e70,6e919f9d0abd0e70,1,SESSION_26209,72440,55,16.29,0,1,certificate,TLS1.2,1,OCPP1.6,583,125.55,none,0
2026-01-01 05:25:12,CP_009,StatusNotification,SRC_005,SRC_005,1,5956ec0955520389,5956ec0955520389,1,SESSION_19431,68323,883,1.52,0,0,token,TLS1.2,1,OCPP1.6,1312,87.79,none,0
2026-01-01 05:11:25,CP_019,StartTransaction,SRC_003,SRC_003,1,ea46fe503f7ceb4a,ea46fe503f7ceb4a,1,SESSION_98283,80350,532,15.36,0,0,token,TLS1.2,1,OCPP1.6,1337,103.65,none,0
2026-01-01 04:19:36,CP_012,StatusNotification,SRC_016,SRC_016,1,b3c2e09d8abc23ca,b3c2e09d8abc23ca,1,SESSION_75761,88467,534,8.75,0,0,token,TLS1.2,1,OCPP1.6,1773,167.28,none,0
2026-01-01 00:07:55,CP_009,RemoteStartTransaction,SRC_003,SRC_003,1,ff542813dd785034,ff542813dd785034,1,SESSION_85990,20769,595,8.19,0,1,certificate,TLS1.3,1,OCPP1.6,1781,19.84,none,0
2026-01-01 00:06:36,CP_009,RemoteStopTransaction,SRC_014,SRC_014,1,e58843f210b9651e,e58843f210b9651e,1,SESSION_82830,59482,848,8.96,0,1,certificate,TLS1.3,1,OCPP1.6,655,116.59,none,0
2026-01-01 02:27:20,CP_019,ChangeConfiguration,SRC_005,SRC_005,1,b435a13ddd6d6b58,b435a13ddd6d6b58,1,SESSION_68081,35840,340,6.05,0,1,token,TLS1.3,1,OCPP1.6,954,196.41,none,0
2026-01-01 08:03:28,CP_016,RemoteStopTransaction,SRC_014,SRC_014,0,93365c3d8e2cd337,72f012ab2d540d03,0,SESSION_61585,87148,722,11.0,0,1,token,TLS1.3,1,OCPP1.6,473,175.73,message_tampering,1
2026-01-01 09:39:01,CP_004,Reset,SRC_FAKE_007,SRC_018,0,424f0e47276f97de,424f0e47276f97de,1,SESSION_49883,84146,159,19.11,0,1,none,TLS1.2,0,OCPP1.6,1064,92.93,fake_source_id,1
2025-12-31 23:00:00,CP_006,Reset,SRC_008,SRC_008,0,11484a06b4ef4918,11484a06b4ef4918,1,SESSION_42924,85848,53,4597.9,1,1,token,TLS1.2,1,OCPP1.6,851,52.45,replay_attack,1
2026-01-01 03:39:12,CP_020,RemoteStopTransaction,SRC_016,SRC_016,1,4897f83f99dd24bc,4897f83f99dd24bc,1,SESSION_82268,55240,36,20.16,0,1,token,TLS1.3,1,OCPP1.6,1076,91.89,none,0
2026-01-01 02:27:20,CP_006,Reset,SRC_020,SRC_020,1,72803560a9dfe988,72803560a9dfe988,1,SESSION_57853,42784,614,14.32,0,1,token,TLS1.3,1,OCPP1.6,1851,70.45,none,0
2026-01-01 05:00:38,CP_009,DataTransfer,SRC_009,SRC_009,1,e771234bd12c4798,e771234bd12c4798,1,SESSION_19288,66393,331,20.24,0,0,token,TLS1.2,1,OCPP1.6,1618,102.6,none,0
2026-01-01 00:33:00,CP_005,Heartbeat,SRC_020,SRC_020,0,76cf8bb151d21677,76cf8bb151d21677,1,SESSION_91638,42810,981,11.58,0,0,certificate,broken,1,OCPP2.0_fake,37397,115.14,protocol_manipulation,1
2026-01-01 00:43:28,CP_014,FirmwareStatusNotification,SRC_019,SRC_019,1,ba9b8a12d884291f,ba9b8a12d884291f,1,SESSION_96613,16317,908,2.43,0,0,password,TLS1.2,1,OCPP1.6,1877,142.29,none,0
2026-01-01 07:35:06,CP_003,UnlockConnector,SRC_FAKE_005,SRC_002,0,963e1b7bce4d14bc,963e1b7bce4d14bc,1,SESSION_59887,39763,301,17.75,0,1,none,TLS1.2,0,OCPP1.6,403,163.74,fake_source_id,1
2026-01-01 00:16:45,CP_020,RemoteStopTransaction,SRC_006,SRC_006,1,f80232b52b01c47f,f80232b52b01c47f,1,SESSION_82745,42613,227,16.23,0,1,token,TLS1.3,1,OCPP1.6,220,82.79,none,0
2026-01-01 10:59:24,CP_012,RemoteStopTransaction,SRC_006,SRC_006,0,9e797f995a8cf984,9e797f995a8cf984,1,SESSION_68116,93283,241,14.45,0,1,expired_token,TLS1.2,0,OCPP1.6,1299,122.75,identity_spoofing,1
2026-01-01 00:56:06,CP_020,ChangeConfiguration,SRC_010,SRC_010,1,5c76a66660ebe9bb,5c76a66660ebe9bb,1,SESSION_45049,88674,305,23.01,0,1,certificate,TLS1.3,1,OCPP1.6,770,137.55,none,0
2026-01-01 01:24:06,CP_006,StatusNotification,SRC_015,SRC_015,1,6e669d6fc4fae45a,6e669d6fc4fae45a,1,SESSION_84303,26999,482,11.11,0,0,certificate,TLS1.3,1,OCPP1.6,868,15.57,none,0
2026-01-01 01:23:24,CP_013,UnlockConnector,SRC_010,SRC_010,1,9205da2bd89e041b,9205da2bd89e041b,1,SESSION_36471,35479,206,10.85,0,1,token,TLS1.2,1,OCPP1.6,344,33.15,none,0
2026-01-01 01:59:23,CP_011,MeterValues,SRC_020,SRC_020,1,f55671d9b47d99e4,f55671d9b47d99e4,1,SESSION_12572,27965,581,2.84,0,0,token,TLS1.2,1,OCPP1.6,1788,125.04,none,0
2026-01-01 13:59:46,CP_001,ChangeConfiguration,SRC_015,SRC_015,0,baa732564e3426a9,baa732564e3426a9,1,SESSION_88593,57812,187,16.54,0,1,none,weak,0,OCPP1.6,1707,1.3,message_injection,1
2026-01-01 05:47:12,CP_003,FirmwareStatusNotification,SRC_010,SRC_010,1,b2af5a6a062c670a,b2af5a6a062c670a,1,SESSION_52723,64906,94,12.64,0,0,password,TLS1.2,1,OCPP1.6,1206,102.73,none,0
2026-01-01 07:25:54,CP_004,Authorize,SRC_014,SRC_014,1,82bc958bf34b76dc,82bc958bf34b76dc,1,SESSION_68720,97328,831,6.52,0,0,certificate,TLS1.3,1,OCPP1.6,195,117.54,none,0
2026-01-01 06:07:23,CP_005,UnlockConnector,SRC_012,SRC_012,1,4f276fa24eaa75a0,4f276fa24eaa75a0,1,SESSION_47627,50910,893,19.03,0,1,certificate,TLS1.3,1,OCPP1.6,1729,172.18,none,0
2026-01-01 01:50:00,CP_009,DataTransfer,SRC_016,SRC_016,1,344a4f2ea9f398f7,344a4f2ea9f398f7,1,SESSION_69148,48924,378,28.15,0,0,certificate,TLS1.2,1,OCPP1.6,700,169.73,none,0
2026-01-01 03:54:59,CP_016,StatusNotification,SRC_010,SRC_010,1,43e4b3683dfb2b34,43e4b3683dfb2b34,1,SESSION_98695,1662,434,7.15,0,0,token,TLS1.3,1,OCPP1.6,456,10.65,none,0
2026-01-01 01:41:20,CP_005,RemoteStartTransaction,SRC_011,SRC_011,0,2ea463779188335d,713df55a83b1f184,0,SESSION_93906,80210,513,19.16,0,1,password,TLS1.2,1,OCPP1.6,422,70.72,message_tampering,1
2026-01-01 03:47:19,CP_008,StartTransaction,SRC_020,SRC_020,1,a2b3c04ff8965494,a2b3c04ff8965494,1,SESSION_92647,73759,47,11.57,0,0,token,TLS1.3,1,OCPP1.6,414,10.26,none,0
2026-01-01 03:47:30,CP_001,DataTransfer,SRC_007,SRC_007,1,9ae484845e8fbee4,9ae484845e8fbee4,1,SESSION_67700,91864,956,16.57,0,0,certificate,TLS1.2,1,OCPP1.6,1220,178.29,none,0
2026-01-01 02:41:30,CP_019,Authorize,SRC_018,SRC_018,1,eabefa72d10c12b2,eabefa72d10c12b2,1,SESSION_38505,66361,33,4.02,0,0,certificate,TLS1.2,1,OCPP1.6,1125,59.33,none,0
2026-01-01 02:38:50,CP_013,FirmwareStatusNotification,SRC_003,SRC_003,0,58aac180c3b57af4,58aac180c3b57af4,1,SESSION_78394,72917,894,9.75,0,0,password,broken,1,OCPP1.5,49,102.26,protocol_manipulation,1
2026-01-01 03:05:23,CP_003,UnlockConnector,SRC_018,SRC_018,1,8bd587efdc7602f2,8bd587efdc7602f2,1,SESSION_77821,90707,271,29.67,0,1,certificate,TLS1.2,1,OCPP1.6,1204,186.7,none,0
2026-01-01 00:15:30,CP_003,DataTransfer,SRC_012,SRC_012,1,9dedc61e0e6b48f8,9dedc61e0e6b48f8,1,SESSION_10408,77485,732,22.76,0,0,password,TLS1.3,1,OCPP1.6,1330,34.3,none,0
2026-01-01 02:31:01,CP_002,MeterValues,SRC_019,SRC_019,1,e3f2ea2c56a68954,e3f2ea2c56a68954,1,SESSION_42846,12555,237,7.57,0,0,password,TLS1.3,1,OCPP1.6,1533,188.57,none,0
2026-01-01 00:27:24,CP_004,Heartbeat,SRC_005,SRC_005,1,56f47724ac3130e5,56f47724ac3130e5,1,SESSION_92501,32111,222,5.06,0,0,token,TLS1.2,1,OCPP1.6,1575,178.71,none,0
2026-01-01 06:47:37,CP_015,StatusNotification,SRC_010,SRC_010,1,7c62a0a98eb832cd,7c62a0a98eb832cd,1,SESSION_99228,33710,108,12.23,0,0,certificate,TLS1.2,1,OCPP1.6,1077,62.02,none,0
2026-01-01 02:49:36,CP_004,StopTransaction,SRC_017,SRC_017,1,742ebad2771c518a,742ebad2771c518a,1,SESSION_84006,68520,366,14.74,0,0,token,TLS1.3,1,OCPP1.6,339,80.09,none,0
2026-01-01 02:05:21,CP_005,UnlockConnector,SRC_017,SRC_017,1,19251f8f5e6b4e1c,19251f8f5e6b4e1c,1,SESSION_55715,18490,691,11.65,0,1,certificate,TLS1.3,1,OCPP1.6,1678,72.58,none,0
2026-01-01 06:43:51,CP_004,DiagnosticsStatusNotification,SRC_010,SRC_010,1,72ae67bf495e2434,72ae67bf495e2434,1,SESSION_64750,90321,198,18.9,0,0,password,TLS1.2,1,OCPP1.6,1544,145.37,none,0
2026-01-01 11:32:28,CP_007,UnlockConnector,SRC_017,SRC_017,0,d4aac298765ad755,d4aac298765ad755,1,SESSION_69595,76430,496,13.89,0,1,none,none,0,OCPP1.6,1009,3.21,message_injection,1
2026-01-01 02:17:54,CP_013,StopTransaction,SRC_009,SRC_009,1,a6f69669c95214d5,a6f69669c95214d5,1,SESSION_19632,63434,219,3.17,0,0,token,TLS1.3,1,OCPP1.6,1546,76.76,none,0
2026-01-01 09:12:38,CP_007,StatusNotification,SRC_017,SRC_017,1,25fc089de73d31f8,25fc089de73d31f8,1,SESSION_74283,41778,913,8.48,0,0,token,TLS1.2,1,OCPP1.6,1369,48.52,none,0
2026-01-01 00:02:40,CP_005,MeterValues,SRC_019,SRC_019,1,47ba140d0c3d27d1,47ba140d0c3d27d1,1,SESSION_72368,27244,16,21.24,0,0,password,TLS1.3,1,OCPP1.6,157,58.82,none,0
2026-01-01 01:57:18,CP_003,Authorize,SRC_005,SRC_005,1,403d227b37db82d0,403d227b37db82d0,1,SESSION_56870,81899,842,2.59,0,0,certificate,TLS1.2,1,OCPP1.6,1038,178.64,none,0
2026-01-01 06:52:55,CP_010,BootNotification,SRC_004,SRC_004,0,f6ba803b37e44d84,f6ba803b37e44d84,1,SESSION_41458,12936,261,8.86,0,0,token,none,1,OCPP2.0_fake,29015,160.51,protocol_manipulation,1
2026-01-01 01:25:04,CP_005,UnlockConnector,SRC_007,SRC_007,1,e5235580573b4005,e5235580573b4005,1,SESSION_82817,93456,821,11.21,0,1,token,TLS1.2,1,OCPP1.6,616,180.26,none,0
2025-12-31 14:00:00,CP_019,RemoteStartTransaction,SRC_001,SRC_001,0,416f0ac4f869deb0,416f0ac4f869deb0,1,SESSION_19220,30493,91,29448.4,1,1,token,TLS1.2,1,OCPP1.6,1030,151.74,replay_attack,1
2026-01-01 01:53:45,CP_006,DataTransfer,SRC_013,SRC_013,1,7a0affb63b5fde2e,7a0affb63b5fde2e,1,SESSION_73774,67431,43,18.74,0,0,certificate,TLS1.3,1,OCPP1.6,1770,42.87,none,0
2026-01-01 01:04:00,CP_018,BootNotification,SRC_008,SRC_008,0,015fea2c1798603d,015fea2c1798603d,1,SESSION_85318,75884,446,13.94,0,0,token,none,1,OCPP1.5,20,104.66,protocol_manipulation,1
2025-12-31 10:00:00,CP_016,Reset,SRC_009,SRC_009,0,3850a9b84d003fca,3850a9b84d003fca,1,SESSION_33541,16431,74,41820.88,1,1,token,TLS1.3,1,OCPP1.6,1503,21.96,replay_attack,1
2026-01-01 08:15:00,CP_008,DiagnosticsStatusNotification,SRC_016,SRC_016,1,28cb0b2d43ec136a,28cb0b2d43ec136a,1,SESSION_83994,37161,119,5.55,0,0,token,TLS1.3,1,OCPP1.6,1129,134.71,none,0
2026-01-01 05:37:20,CP_008,ChangeConfiguration,SRC_014,SRC_014,0,2dade65b9d91cabb,2dade65b9d91cabb,1,SESSION_35669,8450,651,23.93,0,1,none,weak,0,OCPP1.6,492,2.23,message_injection,1
2026-01-01 03:22:00,CP_018,StartTransaction,SRC_018,SRC_018,1,07d3dcde4e2e00b7,07d3dcde4e2e00b7,1,SESSION_42870,33789,183,20.04,0,0,token,TLS1.3,1,OCPP1.6,1711,106.7,none,0
2026-01-01 02:52:15,CP_003,RemoteStartTransaction,SRC_006,SRC_006,1,5f41d1f0ed8fd478,5f41d1f0ed8fd478,1,SESSION_98291,9860,951,12.35,0,1,password,TLS1.3,1,OCPP1.6,1409,169.76,none,0
2026-01-01 03:31:12,CP_010,BootNotification,SRC_017,SRC_017,1,867912c271b96ebc,867912c271b96ebc,1,SESSION_91614,9459,59,9.63,0,0,certificate,TLS1.2,1,OCPP1.6,161,178.38,none,0
2026-01-01 05:26:20,CP_003,StartTransaction,SRC_005,SRC_005,1,02e6f9112a765872,02e6f9112a765872,1,SESSION_45272,63905,96,20.14,0,0,token,TLS1.2,1,OCPP1.6,1940,128.22,none,0
2026-01-01 07:23:48,CP_006,StatusNotification,SRC_014,SRC_014,0,bbc0786c28e77371,bbc0786c28e77371,1,SESSION_80014,95097,433,13.23,0,0,token,broken,1,OCPP1.5,25,159.0,protocol_manipulation,1
2026-01-01 04:13:00,CP_002,RemoteStopTransaction,SRC_009,SRC_009,0,a2132ebc80635e7b,fdb31b00bcf5cc99,0,SESSION_29560,29873,655,8.48,0,1,password,TLS1.2,1,OCPP1.6,692,142.61,message_tampering,1
2026-01-01 01:44:58,CP_013,RemoteStopTransaction,SRC_012,SRC_012,1,242a63ee32488046,242a63ee32488046,1,SESSION_80672,68501,291,15.68,0,1,password,TLS1.3,1,OCPP1.6,1637,53.44,none,0
2026-01-01 00:02:45,CP_019,StopTransaction,SRC_004,SRC_004,1,da62176bbfd16caf,da62176bbfd16caf,1,SESSION_35889,11326,798,25.61,0,0,certificate,TLS1.3,1,OCPP1.6,737,132.69,none,0
2026-01-01 08:02:18,CP_005,Heartbeat,SRC_008,SRC_008,1,540cdf4294f28d81,540cdf4294f28d81,1,SESSION_48202,36004,735,6.26,0,0,password,TLS1.2,1,OCPP1.6,520,122.94,none,0
2026-01-01 13:33:33,CP_016,RemoteStartTransaction,SRC_014,SRC_014,0,d758ae53641df8fa,d758ae53641df8fa,1,SESSION_18726,5674,305,9.34,0,1,invalid_cert,TLS1.2,0,OCPP1.6,1323,84.65,identity_spoofing,1
2026-01-01 02:01:33,CP_019,StatusNotification,SRC_015,SRC_015,1,bb8ee20aa901ed87,bb8ee20aa901ed87,1,SESSION_12449,23411,279,14.32,0,0,token,TLS1.2,1,OCPP1.6,1210,44.44,none,0
2026-01-01 00:48:20,CP_011,RemoteStartTransaction,SRC_008,SRC_008,1,b3b9f6d3e1bc6b5f,b3b9f6d3e1bc6b5f,1,SESSION_59828,84193,921,4.41,0,1,token,TLS1.3,1,OCPP1.6,1467,180.63,none,0
2026-01-01 01:00:15,CP_020,RemoteStartTransaction,SRC_FAKE_003,SRC_013,0,695ed98f6c9b442c,695ed98f6c9b442c,1,SESSION_33601,89745,484,8.39,0,1,none,TLS1.3,0,OCPP1.6,377,116.68,fake_source_id,1
2026-01-01 01:36:15,CP_005,StatusNotification,SRC_009,SRC_009,1,33c91b0349083e20,33c91b0349083e20,1,SESSION_35255,69450,25,14.58,0,0,token,TLS1.3,1,OCPP1.6,1030,142.35,none,0
2026-01-01 02:44:40,CP_001,Authorize,SRC_006,SRC_006,1,7d6cb6ad175aefa1,7d6cb6ad175aefa1,1,SESSION_49829,87575,552,20.61,0,0,token,TLS1.2,1,OCPP1.6,1641,174.2,none,0
2026-01-01 04:15:18,CP_010,RemoteStopTransaction,SRC_005,SRC_005,1,ad8e566cc2ae544b,ad8e566cc2ae544b,1,SESSION_30358,57551,943,29.35,0,1,token,TLS1.3,1,OCPP1.6,411,198.35,none,0
2026-01-01 00:41:26,CP_016,Authorize,SRC_008,SRC_008,1,e257260d6c8fe637,e257260d6c8fe637,1,SESSION_70056,82796,396,14.29,0,0,token,TLS1.2,1,OCPP1.6,1057,150.34,none,0
2026-01-01 00:36:25,CP_008,BootNotification,SRC_010,SRC_010,1,48b395924a9a2e17,48b395924a9a2e17,1,SESSION_26725,24232,793,17.33,0,0,token,TLS1.2,1,OCPP1.6,1871,53.55,none,0
2026-01-01 03:57:36,CP_018,BootNotification,SRC_015,SRC_015,1,4b402706fb5b95b8,4b402706fb5b95b8,1,SESSION_81176,87461,912,17.46,0,0,certificate,TLS1.3,1,OCPP1.6,464,113.76,none,0
2026-01-01 02:17:42,CP_015,RemoteStartTransaction,SRC_020,SRC_020,1,3166bb7e25eca9ea,3166bb7e25eca9ea,1,SESSION_48643,16628,596,9.15,0,1,certificate,TLS1.2,1,OCPP1.6,1376,100.58,none,0
2026-01-01 03:20:24,CP_016,StatusNotification,SRC_008,SRC_008,1,56db4cb211e676ac,56db4cb211e676ac,1,SESSION_35518,78154,981,23.83,0,0,password,TLS1.2,1,OCPP1.6,461,83.4,none,0
2026-01-01 00:42:33,CP_003,ChangeConfiguration,SRC_004,SRC_004,0,6602d538894a8994,6602d538894a8994,1,SESSION_49107,60537,924,23.78,0,1,none,none,0,OCPP1.6,502,9.08,message_injection,1
2026-01-01 05:05:40,CP_012,Reset,SRC_016,SRC_016,1,210889442d7a317f,210889442d7a317f,1,SESSION_63188,75018,341,11.99,0,1,token,TLS1.2,1,OCPP1.6,118,71.03,none,0
2026-01-01 01:29:42,CP_012,RemoteStopTransaction,SRC_017,SRC_017,1,432a6e7945f5f98d,432a6e7945f5f98d,1,SESSION_21123,6707,701,6.88,0,1,password,TLS1.2,1,OCPP1.6,1188,11.93,none,0
2026-01-01 06:00:00,CP_011,StartTransaction,SRC_017,SRC_017,1,7c97301fe519b98f,7c97301fe519b98f,1,SESSION_61513,84633,716,2.25,0,0,certificate,TLS1.3,1,OCPP1.6,459,43.16,none,0
2026-01-01 00:03:49,CP_004,Heartbeat,SRC_015,SRC_015,1,987419bc9a572fe9,987419bc9a572fe9,1,SESSION_12666,12653,483,15.84,0,0,password,TLS1.3,1,OCPP1.6,834,66.14,none,0
2026-01-01 01:23:11,CP_011,DataTransfer,SRC_020,SRC_020,1,99710ff3d8f9fe2c,99710ff3d8f9fe2c,1,SESSION_17067,82746,313,10.06,0,0,password,TLS1.2,1,OCPP1.6,1989,69.03,none,0
2026-01-01 11:17:36,CP_001,Reset,SRC_001,SRC_001,0,49b0fe51fd666515,49b0fe51fd666515,1,SESSION_59273,35246,636,19.57,0,1,expired_token,TLS1.3,0,OCPP1.6,1210,93.79,identity_spoofing,1
2025-12-31 04:00:00,CP_020,RemoteStartTransaction,SRC_017,SRC_017,0,f739980f5f01565c,f739980f5f01565c,1,SESSION_60591,35265,54,38638.89,1,1,certificate,TLS1.3,1,OCPP1.6,1586,33.8,replay_attack,1
2026-01-01 02:22:34,CP_009,StartTransaction,SRC_020,SRC_020,1,4577ba889b05de54,4577ba889b05de54,1,SESSION_79569,5522,182,4.67,0,0,password,TLS1.2,1,OCPP1.6,1588,49.83,none,0
2026-01-01 05:35:26,CP_008,RemoteStartTransaction,SRC_006,SRC_006,1,99b2454f7e564230,99b2454f7e564230,1,SESSION_49183,70335,236,9.77,0,1,token,TLS1.2,1,OCPP1.6,776,198.85,none,0
2026-01-01 00:11:39,CP_019,Authorize,SRC_002,SRC_002,1,deb0897d5a5a9768,deb0897d5a5a9768,1,SESSION_78237,76364,937,25.88,0,0,password,TLS1.3,1,OCPP1.6,196,178.72,none,0
2026-01-01 01:57:36,CP_007,RemoteStopTransaction,SRC_013,SRC_013,1,6e3015f59fc1db6a,6e3015f59fc1db6a,1,SESSION_31674,36612,711,28.86,0,1,password,TLS1.2,1,OCPP1.6,1618,193.56,none,0
2026-01-01 05:17:54,CP_003,BootNotification,SRC_017,SRC_017,1,005a265e7627c197,005a265e7627c197,1,SESSION_23183,78575,879,16.46,0,0,token,TLS1.3,1,OCPP1.6,435,136.92,none,0
2025-12-31 01:00:00,CP_002,RemoteStartTransaction,SRC_006,SRC_006,0,9738b1b0f3a7231a,9738b1b0f3a7231a,1,SESSION_46765,71322,24,65139.35,1,1,password,TLS1.2,1,OCPP1.6,240,60.96,replay_attack,1
2026-01-01 07:39:30,CP_006,RemoteStartTransaction,SRC_012,SRC_012,0,745fd39d76c31a91,745fd39d76c31a91,1,SESSION_86812,60143,252,10.69,0,1,invalid_cert,TLS1.2,0,OCPP1.6,874,141.91,identity_spoofing,1
2026-01-01 01:41:08,CP_016,ChangeConfiguration,SRC_018,SRC_018,1,e62101cb74352a40,e62101cb74352a40,1,SESSION_11345,56366,463,9.46,0,1,certificate,TLS1.2,1,OCPP1.6,255,147.24,none,0
2026-01-01 01:26:38,CP_006,BootNotification,SRC_005,SRC_005,1,613572bf3091b51d,613572bf3091b51d,1,SESSION_31447,3875,900,23.73,0,0,certificate,TLS1.3,1,OCPP1.6,1813,72.86,none,0
2026-01-01 07:47:30,CP_020,MeterValues,SRC_014,SRC_014,1,2613990c8c8d4e0e,2613990c8c8d4e0e,1,SESSION_11463,70607,301,7.15,0,0,password,TLS1.3,1,OCPP1.6,820,25.25,none,0
2026-01-01 00:33:45,CP_005,RemoteStartTransaction,SRC_004,SRC_004,1,4a521af0866fd8f4,4a521af0866fd8f4,1,SESSION_50970,76949,818,2.54,0,1,token,TLS1.3,1,OCPP1.6,419,145.06,none,0
2026-01-01 01:39:00,CP_020,Heartbeat,SRC_016,SRC_016,1,8b92c123ebacb972,8b92c123ebacb972,1,SESSION_48666,62754,256,11.77,0,0,password,TLS1.2,1,OCPP1.6,177,157.54,none,0
2026-01-01 01:34:12,CP_001,StopTransaction,SRC_003,SRC_003,1,aafc727fec18de24,aafc727fec18de24,1,SESSION_78688,75371,608,17.13,0,0,certificate,TLS1.3,1,OCPP1.6,210,21.0,none,0
2025-12-31 03:00:00,CP_017,RemoteStopTransaction,SRC_003,SRC_003,0,ade206629b3e4e73,ade206629b3e4e73,1,SESSION_73578,52425,54,30962.22,1,1,certificate,TLS1.2,1,OCPP1.6,1431,109.37,replay_attack,1
2026-01-01 00:38:20,CP_013,DataTransfer,SRC_001,SRC_001,1,a3f5e00f181a6a81,a3f5e00f181a6a81,1,SESSION_15851,77383,704,25.59,0,0,token,TLS1.3,1,OCPP1.6,1064,32.31,none,0
2026-01-01 01:42:36,CP_007,RemoteStopTransaction,SRC_009,SRC_009,1,c738ab47191f9dad,c738ab47191f9dad,1,SESSION_90250,95473,494,25.09,0,1,certificate,TLS1.2,1,OCPP1.6,1735,77.34,none,0
2026-01-01 02:34:12,CP_002,RemoteStartTransaction,SRC_012,SRC_012,0,39629c2a02b3e801,ded28f02c2d29a8d,0,SESSION_66036,20548,465,27.06,0,1,password,TLS1.2,1,OCPP1.6,756,89.19,message_tampering,1
2026-01-01 02:48:48,CP_019,ChangeConfiguration,SRC_008,SRC_008,1,59054035c4583273,59054035c4583273,1,SESSION_76544,37174,443,17.05,0,1,password,TLS1.3,1,OCPP1.6,1059,28.27,none,0
2026-01-01 04:12:10,CP_001,RemoteStartTransaction,SRC_013,SRC_013,1,2901b77fbeb0e334,2901b77fbeb0e334,1,SESSION_93935,22153,887,28.09,0,1,certificate,TLS1.2,1,OCPP1.6,1290,147.24,none,0
2026-01-01 00:14:48,CP_011,StopTransaction,SRC_008,SRC_008,1,3a71e76996d46422,3a71e76996d46422,1,SESSION_62151,71026,982,7.56,0,0,password,TLS1.2,1,OCPP1.6,301,182.78,none,0
2025-12-31 11:00:00,CP_017,Reset,SRC_017,SRC_017,0,418240d310460253,418240d310460253,1,SESSION_11891,16990,17,63880.15,1,1,certificate,TLS1.2,1,OCPP1.6,1875,68.16,replay_attack,1
2026-01-01 02:57:20,CP_001,Authorize,SRC_004,SRC_004,1,aa20295ad1f2afff,aa20295ad1f2afff,1,SESSION_78587,78404,292,5.16,0,0,password,TLS1.3,1,OCPP1.6,286,99.48,none,0
2026-01-01 08:50:36,CP_016,Reset,SRC_016,SRC_016,0,05ae4ddda40a972e,a5045e22f531a54b,0,SESSION_82578,86709,511,10.25,0,1,token,TLS1.2,1,OCPP1.6,255,141.47,message_tampering,1
2026-01-01 03:05:51,CP_017,UnlockConnector,SRC_016,SRC_016,1,801d9ee12d80ba0d,801d9ee12d80ba0d,1,SESSION_59301,57781,518,18.43,0,1,token,TLS1.3,1,OCPP1.6,1851,176.17,none,0
2026-01-01 01:08:12,CP_020,Heartbeat,SRC_020,SRC_020,1,9c76479dd7c45f4b,9c76479dd7c45f4b,1,SESSION_52079,57669,521,7.84,0,0,token,TLS1.2,1,OCPP1.6,1702,24.81,none,0
2026-01-01 00:53:40,CP_020,DataTransfer,SRC_012,SRC_012,1,27dcbf23963a8311,27dcbf23963a8311,1,SESSION_19436,49664,741,3.79,0,0,password,TLS1.3,1,OCPP1.6,533,12.95,none,0
2026-01-01 01:14:55,CP_002,RemoteStopTransaction,SRC_016,SRC_016,1,c9ffeb4bc431c397,c9ffeb4bc431c397,1,SESSION_24889,24629,574,9.43,0,1,password,TLS1.2,1,OCPP1.6,763,78.59,none,0
2026-01-01 00:38:30,CP_007,DiagnosticsStatusNotification,SRC_019,SRC_019,1,94411bf3b5205546,94411bf3b5205546,1,SESSION_25380,83341,58,11.19,0,0,password,TLS1.3,1,OCPP1.6,369,53.98,none,0
2026-01-01 02:47:10,CP_003,StatusNotification,SRC_002,SRC_002,1,3c819fc0ea7b587d,3c819fc0ea7b587d,1,SESSION_11204,82139,596,22.27,0,0,token,TLS1.3,1,OCPP1.6,927,55.95,none,0
2026-01-01 02:35:00,CP_014,Heartbeat,SRC_004,SRC_004,1,fab73de432326b94,fab73de432326b94,1,SESSION_12813,59965,919,2.36,0,0,certificate,TLS1.3,1,OCPP1.6,1753,194.14,none,0
2026-01-01 05:50:30,CP_019,UnlockConnector,SRC_FAKE_003,SRC_016,0,56f740f1119b6f29,56f740f1119b6f29,1,SESSION_55809,85869,756,12.75,0,1,none,TLS1.3,0,OCPP1.6,427,193.6,fake_source_id,1
2026-01-01 02:12:04,CP_015,BootNotification,SRC_018,SRC_018,1,a0fa41d44a5d4538,a0fa41d44a5d4538,1,SESSION_70214,86051,494,29.0,0,0,token,TLS1.3,1,OCPP1.6,689,80.26,none,0
2026-01-01 03:19:36,CP_014,BootNotification,SRC_002,SRC_002,1,1f7bf3aaed7f43ee,1f7bf3aaed7f43ee,1,SESSION_44224,76596,330,28.81,0,0,password,TLS1.2,1,OCPP1.6,1246,76.49,none,0
2026-01-01 03:23:00,CP_002,UnlockConnector,SRC_010,SRC_010,1,4a19bbf8cc041a3a,4a19bbf8cc041a3a,1,SESSION_42677,81699,724,21.25,0,1,password,TLS1.3,1,OCPP1.6,1885,84.01,none,0
2026-01-01 05:41:28,CP_012,Reset,SRC_018,SRC_018,0,b7fddc7e9f78b2d3,c2072e9cef01d78d,0,SESSION_67815,41648,850,22.71,0,1,certificate,TLS1.2,1,OCPP1.6,1564,126.86,message_tampering,1
2026-01-01 05:10:56,CP_015,StartTransaction,SRC_013,SRC_013,1,4675e22dc52b06db,4675e22dc52b06db,1,SESSION_93304,14152,11,2.97,0,0,password,TLS1.2,1,OCPP1.6,1469,44.92,none,0
2026-01-01 00:18:00,CP_013,Reset,SRC_014,SRC_014,1,fb5dae4f33490d0f,fb5dae4f33490d0f,1,SESSION_76563,49311,229,4.07,0,1,password,TLS1.2,1,OCPP1.6,437,138.32,none,0
2026-01-01 01:26:17,CP_017,DiagnosticsStatusNotification,SRC_011,SRC_011,1,4a53fcc1f82d7654,4a53fcc1f82d7654,1,SESSION_46126,47675,418,4.42,0,0,password,TLS1.3,1,OCPP1.6,1942,144.05,none,0
2026-01-01 09:04:20,CP_014,ChangeConfiguration,SRC_FAKE_001,SRC_010,0,9819b33ac6592c4c,9819b33ac6592c4c,1,SESSION_12053,78217,902,23.56,0,1,none,TLS1.2,0,OCPP1.6,1234,105.42,fake_source_id,1
2026-01-01 02:46:00,CP_010,UnlockConnector,SRC_003,SRC_003,1,54a7ebb7c09d6abc,54a7ebb7c09d6abc,1,SESSION_61548,23517,673,16.19,0,1,token,TLS1.3,1,OCPP1.6,1294,150.78,none,0
2026-01-01 01:51:00,CP_018,MeterValues,SRC_003,SRC_003,1,b2bbc2398e7cf1b1,b2bbc2398e7cf1b1,1,SESSION_29270,42500,442,7.68,0,0,certificate,TLS1.2,1,OCPP1.6,1738,139.43,none,0
2026-01-01 00:45:18,CP_017,Reset,SRC_012,SRC_012,1,cb530dcb93bbd349,cb530dcb93bbd349,1,SESSION_53746,77869,790,12.53,0,1,certificate,TLS1.3,1,OCPP1.6,884,142.21,none,0
2026-01-01 00:48:12,CP_013,FirmwareStatusNotification,SRC_016,SRC_016,0,21a25c81bd4d80e5,21a25c81bd4d80e5,1,SESSION_66652,66154,784,25.95,0,0,token,broken,1,unknown,9,51.02,protocol_manipulation,1
2026-01-01 11:10:48,CP_016,Reset,SRC_007,SRC_007,0,dabccf243cb94995,467e64eab5122e9f,0,SESSION_29608,66853,392,26.32,0,1,password,TLS1.3,1,OCPP1.6,1230,28.82,message_tampering,1
2026-01-01 02:28:00,CP_016,DataTransfer,SRC_019,SRC_019,1,87fc07575c1011ab,87fc07575c1011ab,1,SESSION_14668,58978,167,9.3,0,0,password,TLS1.3,1,OCPP1.6,452,187.03,none,0
2026-01-01 00:27:30,CP_003,StopTransaction,SRC_015,SRC_015,1,048ba134b5521c84,048ba134b5521c84,1,SESSION_37569,90704,918,5.28,0,0,token,TLS1.2,1,OCPP1.6,313,66.89,none,0
2026-01-01 01:17:38,CP_010,Authorize,SRC_010,SRC_010,1,d7da24023c6d779e,d7da24023c6d779e,1,SESSION_23530,47473,262,11.32,0,0,token,TLS1.3,1,OCPP1.6,1950,95.54,none,0
2025-12-31 16:00:00,CP_014,Reset,SRC_013,SRC_013,0,cebd726378440d08,cebd726378440d08,1,SESSION_74859,68829,34,46177.16,1,1,token,TLS1.3,1,OCPP1.6,1415,97.13,replay_attack,1
2026-01-01 02:40:36,CP_007,RemoteStopTransaction,SRC_011,SRC_011,1,bbaa00d1a9a54f8b,bbaa00d1a9a54f8b,1,SESSION_33324,4444,149,12.87,0,1,certificate,TLS1.3,1,OCPP1.6,1352,142.89,none,0
2026-01-01 01:53:38,CP_012,StopTransaction,SRC_016,SRC_016,1,343be6407991c07b,343be6407991c07b,1,SESSION_25904,38784,872,29.43,0,0,token,TLS1.3,1,OCPP1.6,291,92.57,none,0
2025-12-31 05:00:00,CP_016,Reset,SRC_020,SRC_020,0,d203d1b1157a733f,d203d1b1157a733f,1,SESSION_80396,58948,76,61835.13,1,1,token,TLS1.2,1,OCPP1.6,1419,39.33,replay_attack,1
2026-01-01 07:06:32,CP_020,Heartbeat,SRC_007,SRC_007,1,400e592194c86491,400e592194c86491,1,SESSION_64825,12653,916,18.96,0,0,token,TLS1.3,1,OCPP1.6,1927,16.87,none,0
2026-01-01 01:26:59,CP_003,Heartbeat,SRC_015,SRC_015,1,2a655582bd5cf059,2a655582bd5cf059,1,SESSION_99083,45117,481,1.4,0,0,token,TLS1.2,1,OCPP1.6,766,153.06,none,0
2026-01-01 00:47:08,CP_007,UnlockConnector,SRC_FAKE_004,SRC_003,0,cede1f57f9f5ecbc,cede1f57f9f5ecbc,1,SESSION_66446,43500,531,22.51,0,1,none,TLS1.3,0,OCPP1.6,609,145.02,fake_source_id,1
2026-01-01 01:04:31,CP_018,StopTransaction,SRC_012,SRC_012,1,d8522c36052b6972,d8522c36052b6972,1,SESSION_85383,2085,429,1.3,0,0,token,TLS1.2,1,OCPP1.6,920,196.36,none,0
2026-01-01 13:32:30,CP_012,StartTransaction,SRC_002,SRC_002,0,a3f5c9a00ed02452,a3f5c9a00ed02452,1,SESSION_25789,61853,371,8.07,0,0,token,none,1,unknown,24,30.69,protocol_manipulation,1
2026-01-01 02:42:00,CP_011,StatusNotification,SRC_010,SRC_010,1,058117bff787b9fa,058117bff787b9fa,1,SESSION_87449,8048,430,25.02,0,0,password,TLS1.3,1,OCPP1.6,342,198.07,none,0
2026-01-01 03:51:18,CP_011,MeterValues,SRC_019,SRC_019,1,afcc08226254036c,afcc08226254036c,1,SESSION_14549,92512,834,4.35,0,0,token,TLS1.2,1,OCPP1.6,971,19.08,none,0
2026-01-01 05:50:35,CP_004,RemoteStartTransaction,SRC_002,SRC_002,1,feb47775b611be3d,feb47775b611be3d,1,SESSION_87211,30513,915,20.84,0,1,token,TLS1.2,1,OCPP1.6,1111,52.36,none,0
2026-01-01 10:07:03,CP_014,Heartbeat,SRC_010,SRC_010,1,2d5a408ab79f7817,2d5a408ab79f7817,1,SESSION_36954,38322,551,21.56,0,0,token,TLS1.3,1,OCPP1.6,145,77.91,none,0
2026-01-01 09:41:32,CP_020,UnlockConnector,SRC_011,SRC_011,0,bb35f0d5ed03e274,87bbb2087b31d709,0,SESSION_71361,72776,792,25.97,0,1,password,TLS1.2,1,OCPP1.6,765,95.18,message_tampering,1
2026-01-01 03:45:54,CP_009,Reset,SRC_002,SRC_002,1,5988157375b3affb,5988157375b3affb,1,SESSION_39038,86628,472,3.2,0,1,password,TLS1.2,1,OCPP1.6,1327,53.25,none,0
2026-01-01 02:48:00,CP_016,Reset,SRC_017,SRC_017,1,ae4bbb627ecf6270,ae4bbb627ecf6270,1,SESSION_66822,53789,197,2.2,0,1,certificate,TLS1.2,1,OCPP1.6,1843,58.5,none,0
2026-01-01 03:22:35,CP_008,ChangeConfiguration,SRC_015,SRC_015,0,55c241d1ff9ea1ea,55c241d1ff9ea1ea,1,SESSION_52877,74247,980,22.61,0,1,invalid_cert,TLS1.2,0,OCPP1.6,1402,184.49,identity_spoofing,1
2026-01-01 03:10:48,CP_001,DiagnosticsStatusNotification,SRC_010,SRC_010,1,98be9db4131aefea,98be9db4131aefea,1,SESSION_89620,21239,160,6.42,0,0,token,TLS1.2,1,OCPP1.6,719,28.91,none,0
2026-01-01 08:58:12,CP_001,BootNotification,SRC_008,SRC_008,1,d66f11c74a4663df,d66f11c74a4663df,1,SESSION_54162,27377,314,28.62,0,0,password,TLS1.2,1,OCPP1.6,1892,11.31,none,0
2026-01-01 04:51:33,CP_020,Authorize,SRC_008,SRC_008,1,8efe99f85a228d88,8efe99f85a228d88,1,SESSION_21495,10076,210,17.93,0,0,token,TLS1.3,1,OCPP1.6,621,170.41,none,0
2026-01-01 02:44:05,CP_004,Reset,SRC_012,SRC_012,0,63d296f145dc5232,63d296f145dc5232,1,SESSION_49521,35236,159,1.67,0,1,none,weak,0,OCPP1.6,884,1.19,message_injection,1
2026-01-01 10:49:48,CP_008,ChangeConfiguration,SRC_FAKE_002,SRC_013,0,10ed6462b91731c3,10ed6462b91731c3,1,SESSION_47159,96188,252,17.5,0,1,none,TLS1.3,0,OCPP1.6,1719,130.05,fake_source_id,1
2026-01-01 00:42:54,CP_010,RemoteStopTransaction,SRC_011,SRC_011,1,c50c5c8b6f9e30ca,c50c5c8b6f9e30ca,1,SESSION_31937,42183,64,11.56,0,1,password,TLS1.3,1,OCPP1.6,946,53.14,none,0
2026-01-01 01:10:55,CP_004,ChangeConfiguration,SRC_013,SRC_013,1,c9f421c93bf34be4,c9f421c93bf34be4,1,SESSION_74728,78796,594,26.01,0,1,password,TLS1.3,1,OCPP1.6,524,119.23,none,0
2025-12-31 08:00:00,CP_003,Reset,SRC_001,SRC_001,0,374f9037cdc1c9f6,374f9037cdc1c9f6,1,SESSION_86820,35881,46,70572.54,1,1,token,TLS1.3,1,OCPP1.6,569,80.37,replay_attack,1
2026-01-01 00:15:09,CP_017,DiagnosticsStatusNotification,SRC_012,SRC_012,1,b778dcafe3db8a98,b778dcafe3db8a98,1,SESSION_36011,8508,947,7.04,0,0,certificate,TLS1.2,1,OCPP1.6,1442,86.82,none,0
2026-01-01 01:53:18,CP_015,StopTransaction,SRC_008,SRC_008,1,bd5edd2c7eded930,bd5edd2c7eded930,1,SESSION_68199,75218,819,27.45,0,0,certificate,TLS1.2,1,OCPP1.6,153,116.89,none,0
2026-01-01 02:49:00,CP_005,Authorize,SRC_013,SRC_013,1,ab65619e57a0b1e2,ab65619e57a0b1e2,1,SESSION_97072,34370,957,22.04,0,0,certificate,TLS1.2,1,OCPP1.6,1196,131.17,none,0
2026-01-01 05:12:00,CP_006,FirmwareStatusNotification,SRC_017,SRC_017,1,c3ad7fcb08dd5f15,c3ad7fcb08dd5f15,1,SESSION_28374,36959,260,7.48,0,0,token,TLS1.3,1,OCPP1.6,1285,190.2,none,0
2026-01-01 11:43:03,CP_010,Reset,SRC_013,SRC_013,0,3dde242b8375e51d,3dde242b8375e51d,1,SESSION_99290,59821,740,29.31,0,1,token,none,1,unknown,43156,66.5,protocol_manipulation,1
2026-01-01 00:50:16,CP_003,UnlockConnector,SRC_020,SRC_020,0,37fe04106b7d1298,13cb240984c5fa5b,0,SESSION_76081,83197,3,22.11,0,1,password,TLS1.3,1,OCPP1.6,1902,196.25,message_tampering,1
2026-01-01 03:05:32,CP_006,RemoteStartTransaction,SRC_016,SRC_016,1,4c64c53b454238a0,4c64c53b454238a0,1,SESSION_54385,57286,302,23.76,0,1,certificate,TLS1.3,1,OCPP1.6,1743,146.63,none,0
2026-01-01 00:05:18,CP_007,FirmwareStatusNotification,SRC_012,SRC_012,1,fc6d900ed3fe1e34,fc6d900ed3fe1e34,1,SESSION_21477,71134,919,28.6,0,0,certificate,TLS1.3,1,OCPP1.6,1201,107.42,none,0
2026-01-01 06:35:22,CP_010,MeterValues,SRC_008,SRC_008,1,de4214469d871681,de4214469d871681,1,SESSION_50970,8077,606,8.33,0,0,token,TLS1.2,1,OCPP1.6,307,81.42,none,0
2026-01-01 03:23:30,CP_001,BootNotification,SRC_016,SRC_016,1,d7ac043c054f6073,d7ac043c054f6073,1,SESSION_18516,74750,895,8.36,0,0,certificate,TLS1.2,1,OCPP1.6,1607,168.2,none,0
2026-01-01 01:23:10,CP_020,DataTransfer,SRC_006,SRC_006,0,7f13ca6d62e8d325,7f13ca6d62e8d325,1,SESSION_69706,3654,626,26.56,0,0,certificate,none,1,unknown,26647,161.24,protocol_manipulation,1
2026-01-01 05:16:23,CP_017,Authorize,SRC_008,SRC_008,1,7511fc6d6aa611dc,7511fc6d6aa611dc,1,SESSION_58482,73765,836,14.57,0,0,password,TLS1.2,1,OCPP1.6,718,23.97,none,0
2026-01-01 01:23:30,CP_009,DataTransfer,SRC_005,SRC_005,1,9cdadcc21fb59a48,9cdadcc21fb59a48,1,SESSION_51795,49040,488,18.81,0,0,token,TLS1.2,1,OCPP1.6,215,39.18,none,0
2026-01-01 02:41:20,CP_002,Heartbeat,SRC_016,SRC_016,1,1c2b7997e7c49670,1c2b7997e7c49670,1,SESSION_22711,57664,703,18.94,0,0,password,TLS1.3,1,OCPP1.6,656,183.31,none,0
2026-01-01 00:00:17,CP_007,StartTransaction,SRC_018,SRC_018,1,2ea66669cce660da,2ea66669cce660da,1,SESSION_78517,31114,908,16.98,0,0,password,TLS1.2,1,OCPP1.6,221,22.36,none,0
2026-01-01 15:07:00,CP_020,UnlockConnector,SRC_013,SRC_013,0,f57dab2aca3a92d7,f57dab2aca3a92d7,1,SESSION_17285,89221,538,8.48,0,1,invalid_cert,TLS1.2,0,OCPP1.6,549,23.13,identity_spoofing,1
2026-01-01 02:49:00,CP_017,UnlockConnector,SRC_013,SRC_013,0,bd19104997c22248,b9ff6652ccc3e598,0,SESSION_23769,32923,291,14.47,0,1,certificate,TLS1.2,1,OCPP1.6,202,92.14,message_tampering,1
2026-01-01 00:32:17,CP_020,UnlockConnector,SRC_011,SRC_011,1,ebf334fca3a31036,ebf334fca3a31036,1,SESSION_66662,27492,669,23.42,0,1,token,TLS1.3,1,OCPP1.6,394,188.09,none,0
2026-01-01 03:22:08,CP_020,DataTransfer,SRC_010,SRC_010,1,dc29858a6bde013f,dc29858a6bde013f,1,SESSION_66770,33647,612,5.46,0,0,certificate,TLS1.2,1,OCPP1.6,1945,133.45,none,0
2026-01-01 00:26:35,CP_007,DataTransfer,SRC_017,SRC_017,1,55c7c9495ae86c7f,55c7c9495ae86c7f,1,SESSION_48166,76160,181,26.87,0,0,password,TLS1.3,1,OCPP1.6,267,37.06,none,0
2026-01-01 02:03:00,CP_005,RemoteStartTransaction,SRC_015,SRC_015,1,685623c9cc3c077a,685623c9cc3c077a,1,SESSION_66607,13260,978,11.17,0,1,certificate,TLS1.2,1,OCPP1.6,1476,13.2,none,0
2026-01-01 02:58:12,CP_012,Heartbeat,SRC_013,SRC_013,1,bd7b447564cd55ca,bd7b447564cd55ca,1,SESSION_31134,33367,451,20.93,0,0,token,TLS1.2,1,OCPP1.6,1661,129.51,none,0
2026-01-01 04:28:20,CP_016,UnlockConnector,SRC_014,SRC_014,1,7312433c339ae099,7312433c339ae099,1,SESSION_83150,69666,591,14.12,0,1,token,TLS1.2,1,OCPP1.6,1226,56.76,none,0
2026-01-01 01:58:04,CP_005,MeterValues,SRC_014,SRC_014,1,2e8aca0c5499da32,2e8aca0c5499da32,1,SESSION_44964,59859,803,1.5,0,0,token,TLS1.3,1,OCPP1.6,755,67.03,none,0
2026-01-01 01:34:54,CP_007,RemoteStopTransaction,SRC_008,SRC_008,1,f3014524a8c5bbec,f3014524a8c5bbec,1,SESSION_66572,47498,24,28.37,0,1,token,TLS1.3,1,OCPP1.6,455,36.72,none,0
2026-01-01 03:04:48,CP_015,StartTransaction,SRC_016,SRC_016,1,ce4056c89bf3f7ce,ce4056c89bf3f7ce,1,SESSION_23697,58582,70,6.1,0,0,certificate,TLS1.3,1,OCPP1.6,287,69.76,none,0
2026-01-01 01:22:01,CP_017,MeterValues,SRC_005,SRC_005,1,043350304177ffb0,043350304177ffb0,1,SESSION_85580,28744,710,24.87,0,0,token,TLS1.2,1,OCPP1.6,1578,17.54,none,0
2026-01-01 00:11:55,CP_013,Reset,SRC_015,SRC_015,1,1577e5f03b1f928e,1577e5f03b1f928e,1,SESSION_44102,86730,367,14.32,0,1,password,TLS1.3,1,OCPP1.6,218,162.86,none,0
2026-01-01 00:41:42,CP_015,DiagnosticsStatusNotification,SRC_006,SRC_006,1,03f4d049b25c68b2,03f4d049b25c68b2,1,SESSION_49907,39924,757,1.71,0,0,password,TLS1.2,1,OCPP1.6,360,118.51,none,0
2026-01-01 06:59:32,CP_017,RemoteStartTransaction,SRC_007,SRC_007,1,3a1b16ed9617e5e1,3a1b16ed9617e5e1,1,SESSION_62431,35600,829,11.44,0,1,certificate,TLS1.3,1,OCPP1.6,637,100.02,none,0
2026-01-01 01:07:17,CP_020,UnlockConnector,SRC_005,SRC_005,1,60945001c4d92e60,60945001c4d92e60,1,SESSION_27947,35999,796,17.72,0,1,token,TLS1.3,1,OCPP1.6,766,42.81,none,0
2026-01-01 06:55:12,CP_007,Heartbeat,SRC_004,SRC_004,1,29a54becc9dab941,29a54becc9dab941,1,SESSION_68643,50665,379,21.82,0,0,password,TLS1.2,1,OCPP1.6,1402,118.97,none,0
2026-01-01 06:05:30,CP_020,UnlockConnector,SRC_FAKE_002,SRC_001,0,095c94c73516054d,095c94c73516054d,1,SESSION_92002,94525,456,19.43,0,1,none,TLS1.2,0,OCPP1.6,646,13.05,fake_source_id,1
2026-01-01 03:29:53,CP_014,MeterValues,SRC_011,SRC_011,1,223215c1195581f4,223215c1195581f4,1,SESSION_37167,81239,882,2.31,0,0,token,TLS1.2,1,OCPP1.6,1931,90.96,none,0
2026-01-01 04:35:24,CP_009,RemoteStopTransaction,SRC_002,SRC_002,1,34ac1391ebb47053,34ac1391ebb47053,1,SESSION_81684,91423,500,24.51,0,1,token,TLS1.3,1,OCPP1.6,1290,25.79,none,0
2026-01-01 05:04:46,CP_017,BootNotification,SRC_014,SRC_014,1,2a7c5199f2bf6263,2a7c5199f2bf6263,1,SESSION_42369,31522,258,11.96,0,0,password,TLS1.3,1,OCPP1.6,1766,82.08,none,0
2026-01-01 01:28:12,CP_012,StopTransaction,SRC_010,SRC_010,1,c8fea48e4a9e713b,c8fea48e4a9e713b,1,SESSION_56927,51095,418,24.27,0,0,certificate,TLS1.2,1,OCPP1.6,1671,198.17,none,0
2026-01-01 01:15:18,CP_016,Reset,SRC_015,SRC_015,0,91e26261f31fe8a0,45dfb6584cf53ecb,0,SESSION_74571,13262,310,9.25,0,1,password,TLS1.2,1,OCPP1.6,1918,144.41,message_tampering,1
2026-01-01 15:25:18,CP_014,Reset,SRC_014,SRC_014,0,87d5d94f7cd73993,87d5d94f7cd73993,1,SESSION_85064,68218,727,14.16,0,1,certificate,none,1,unknown,39292,96.27,protocol_manipulation,1
2026-01-01 01:09:28,CP_002,MeterValues,SRC_003,SRC_003,1,cdc222cbacb3aff5,cdc222cbacb3aff5,1,SESSION_50163,69020,307,7.48,0,0,password,TLS1.3,1,OCPP1.6,1098,117.9,none,0
2025-12-31 20:00:00,CP_006,RemoteStartTransaction,SRC_008,SRC_008,0,250ded2d55b6cc73,250ded2d55b6cc73,1,SESSION_66726,94672,82,36567.31,1,1,password,TLS1.3,1,OCPP1.6,118,24.58,replay_attack,1
2026-01-01 00:13:36,CP_003,RemoteStopTransaction,SRC_017,SRC_017,1,8e2d6f75edc360ca,8e2d6f75edc360ca,1,SESSION_62116,80309,306,13.0,0,1,certificate,TLS1.2,1,OCPP1.6,546,191.07,none,0
2026-01-01 07:45:40,CP_007,RemoteStopTransaction,SRC_018,SRC_018,1,e5a4b9b54fa161cc,e5a4b9b54fa161cc,1,SESSION_32812,89810,824,21.16,0,1,certificate,TLS1.3,1,OCPP1.6,1402,146.22,none,0
2026-01-01 06:23:36,CP_012,MeterValues,SRC_015,SRC_015,0,2ad43127d766ff45,2ad43127d766ff45,1,SESSION_75750,39554,250,21.82,0,0,password,none,1,OCPP1.5,47,42.57,protocol_manipulation,1
2026-01-01 05:38:24,CP_001,StatusNotification,SRC_008,SRC_008,1,1d2c878ab80bbec0,1d2c878ab80bbec0,1,SESSION_67351,67799,535,16.99,0,0,certificate,TLS1.3,1,OCPP1.6,727,21.48,none,0
2026-01-01 06:16:12,CP_015,MeterValues,SRC_016,SRC_016,1,23a2299f787ada7c,23a2299f787ada7c,1,SESSION_14697,96224,713,1.53,0,0,certificate,TLS1.2,1,OCPP1.6,1931,58.05,none,0
2026-01-01 02:06:06,CP_006,RemoteStopTransaction,SRC_019,SRC_019,1,bd722fd4b2a7f133,bd722fd4b2a7f133,1,SESSION_79757,58854,505,21.25,0,1,password,TLS1.2,1,OCPP1.6,974,134.58,none,0
2026-01-01 01:36:20,CP_012,ChangeConfiguration,SRC_004,SRC_004,1,d173bb34875e91a2,d173bb34875e91a2,1,SESSION_83761,4504,846,21.27,0,1,certificate,TLS1.3,1,OCPP1.6,1231,20.06,none,0
2026-01-01 00:35:52,CP_018,Reset,SRC_018,SRC_018,1,324647da44748d33,324647da44748d33,1,SESSION_30517,25512,477,29.84,0,1,password,TLS1.3,1,OCPP1.6,364,131.41,none,0
2025-12-31 02:00:00,CP_008,RemoteStartTransaction,SRC_016,SRC_016,0,d316a77d40c05479,d316a77d40c05479,1,SESSION_81432,24024,21,41907.77,1,1,password,TLS1.2,1,OCPP1.6,1254,189.31,replay_attack,1
2025-12-31 10:00:00,CP_014,ChangeConfiguration,SRC_015,SRC_015,0,d65bc9fc053f1ba0,d65bc9fc053f1ba0,1,SESSION_63872,81799,21,11613.95,1,1,password,TLS1.2,1,OCPP1.6,239,75.76,replay_attack,1
2026-01-01 08:20:39,CP_017,RemoteStopTransaction,SRC_020,SRC_020,1,14fa0c4a27a6a0e2,14fa0c4a27a6a0e2,1,SESSION_70490,89260,932,17.97,0,1,certificate,TLS1.2,1,OCPP1.6,526,192.32,none,0
2026-01-01 03:45:52,CP_003,StatusNotification,SRC_012,SRC_012,0,e6dc9637075d8dc8,e6dc9637075d8dc8,1,SESSION_21493,99377,519,8.48,0,0,token,none,1,OCPP1.5,42,94.3,protocol_manipulation,1
2026-01-01 03:01:32,CP_005,FirmwareStatusNotification,SRC_006,SRC_006,1,1f756d53922d144a,1f756d53922d144a,1,SESSION_97993,97790,606,22.25,0,0,certificate,TLS1.3,1,OCPP1.6,1435,95.83,none,0
2026-01-01 00:57:09,CP_004,Heartbeat,SRC_017,SRC_017,1,faa1ec0a41ac051d,faa1ec0a41ac051d,1,SESSION_22767,18492,186,7.97,0,0,token,TLS1.3,1,OCPP1.6,1809,125.99,none,0
2026-01-01 01:08:30,CP_012,StopTransaction,SRC_007,SRC_007,1,ae2fa3bb6ef918b7,ae2fa3bb6ef918b7,1,SESSION_67844,59181,462,4.68,0,0,token,TLS1.3,1,OCPP1.6,1807,38.71,none,0
2026-01-01 09:57:14,CP_014,UnlockConnector,SRC_020,SRC_020,0,f5c3d0420298b2b2,f5c3d0420298b2b2,1,SESSION_91132,20507,358,24.18,0,1,none,none,0,OCPP1.6,1371,8.04,message_injection,1
2026-01-01 10:49:44,CP_019,Reset,SRC_017,SRC_017,0,65f0aea72bfbd589,65f0aea72bfbd589,1,SESSION_58087,53819,236,26.36,0,1,none,weak,0,OCPP1.6,1749,3.01,message_injection,1
2026-01-01 02:50:30,CP_014,RemoteStopTransaction,SRC_002,SRC_002,0,7fefd1d66c41150c,7fefd1d66c41150c,1,SESSION_97960,36542,461,18.29,0,1,invalid_cert,TLS1.2,0,OCPP1.6,1316,148.0,identity_spoofing,1
2026-01-01 01:25:52,CP_020,ChangeConfiguration,SRC_FAKE_005,SRC_002,0,883dddb171952f00,883dddb171952f00,1,SESSION_42432,66431,726,29.44,0,1,none,TLS1.3,0,OCPP1.6,731,139.51,fake_source_id,1
2026-01-01 04:11:32,CP_013,RemoteStopTransaction,SRC_010,SRC_010,1,adcd58ef56be78ef,adcd58ef56be78ef,1,SESSION_25758,22144,748,4.76,0,1,token,TLS1.3,1,OCPP1.6,1718,80.26,none,0
2026-01-01 05:31:12,CP_012,UnlockConnector,SRC_014,SRC_014,0,0d42790815e51ed7,0d42790815e51ed7,1,SESSION_65443,33529,428,14.24,0,1,none,none,0,OCPP1.6,1216,4.48,message_injection,1
2026-01-01 08:08:32,CP_015,ChangeConfiguration,SRC_015,SRC_015,0,b958005a927cfe7f,b958005a927cfe7f,1,SESSION_53575,93364,590,18.67,0,1,invalid_cert,TLS1.2,0,OCPP1.6,493,198.58,identity_spoofing,1
2026-01-01 08:33:04,CP_002,UnlockConnector,SRC_012,SRC_012,0,0534a0f174d041d0,0534a0f174d041d0,1,SESSION_23894,50767,3,17.77,0,1,certificate,none,1,OCPP2.0_fake,5,112.64,protocol_manipulation,1
2026-01-01 01:38:35,CP_003,DataTransfer,SRC_005,SRC_005,1,064198136a7cb89d,064198136a7cb89d,1,SESSION_98995,8183,307,9.25,0,0,certificate,TLS1.2,1,OCPP1.6,1034,49.55,none,0
2026-01-01 05:23:57,CP_003,FirmwareStatusNotification,SRC_014,SRC_014,1,fde6856f6db069c2,fde6856f6db069c2,1,SESSION_19384,47752,930,13.07,0,0,certificate,TLS1.2,1,OCPP1.6,1280,113.36,none,0
2026-01-01 06:13:47,CP_006,DataTransfer,SRC_005,SRC_005,1,f2293c50b1cfd679,f2293c50b1cfd679,1,SESSION_86358,45632,7,25.02,0,0,certificate,TLS1.2,1,OCPP1.6,1704,141.14,none,0
2026-01-01 00:34:08,CP_015,Authorize,SRC_012,SRC_012,1,fbd0d66c40f16795,fbd0d66c40f16795,1,SESSION_15642,52975,468,11.75,0,0,password,TLS1.3,1,OCPP1.6,904,93.12,none,0
2026-01-01 01:07:09,CP_007,RemoteStartTransaction,SRC_013,SRC_013,1,a93bfacce5a225ab,a93bfacce5a225ab,1,SESSION_29033,36003,46,21.17,0,1,certificate,TLS1.3,1,OCPP1.6,822,117.99,none,0
2026-01-01 02:35:08,CP_020,RemoteStartTransaction,SRC_FAKE_009,SRC_005,0,1f5eb243dc1f9c44,1f5eb243dc1f9c44,1,SESSION_33645,39154,777,18.79,0,1,none,TLS1.2,0,OCPP1.6,816,19.88,fake_source_id,1
2025-12-31 16:00:00,CP_016,UnlockConnector,SRC_002,SRC_002,0,ce770261925a9dd4,ce770261925a9dd4,1,SESSION_88169,68697,54,86019.94,1,1,certificate,TLS1.3,1,OCPP1.6,166,126.01,replay_attack,1
2026-01-01 11:50:30,CP_001,UnlockConnector,SRC_009,SRC_009,0,1ebea31be6d445ea,1ebea31be6d445ea,1,SESSION_74121,31830,352,26.17,0,1,none,weak,0,OCPP1.6,1996,6.53,message_injection,1
2026-01-01 07:22:09,CP_012,RemoteStartTransaction,SRC_FAKE_005,SRC_015,0,4bbc74cca0496512,4bbc74cca0496512,1,SESSION_39331,17099,90,23.97,0,1,none,TLS1.2,0,OCPP1.6,265,170.0,fake_source_id,1
2026-01-01 00:42:28,CP_005,Reset,SRC_011,SRC_011,1,e400b5d920f37844,e400b5d920f37844,1,SESSION_59602,8089,481,6.34,0,1,password,TLS1.2,1,OCPP1.6,474,138.37,none,0
2026-01-01 03:25:24,CP_007,Heartbeat,SRC_005,SRC_005,1,eae6e150f83b658f,eae6e150f83b658f,1,SESSION_61844,84831,649,20.45,0,0,password,TLS1.3,1,OCPP1.6,301,135.98,none,0
2026-01-01 00:08:20,CP_011,RemoteStartTransaction,SRC_001,SRC_001,1,470805e951efee79,470805e951efee79,1,SESSION_25768,84059,181,15.56,0,1,token,TLS1.2,1,OCPP1.6,100,114.75,none,0
2026-01-01 09:44:48,CP_001,Authorize,SRC_002,SRC_002,1,a936f6b130f2c435,a936f6b130f2c435,1,SESSION_14509,26593,490,6.79,0,0,certificate,TLS1.3,1,OCPP1.6,1884,128.18,none,0
2026-01-01 06:09:45,CP_019,BootNotification,SRC_005,SRC_005,1,72f01fcf6ee8e59f,72f01fcf6ee8e59f,1,SESSION_77125,8239,800,27.14,0,0,certificate,TLS1.3,1,OCPP1.6,801,66.2,none,0
2026-01-01 09:20:00,CP_020,UnlockConnector,SRC_FAKE_003,SRC_011,0,8fad1fb3ce4d6e41,8fad1fb3ce4d6e41,1,SESSION_96119,79264,103,17.54,0,1,none,TLS1.3,0,OCPP1.6,1552,84.74,fake_source_id,1
2026-01-01 00:43:50,CP_011,RemoteStartTransaction,SRC_009,SRC_009,1,213f4770f77a9ebd,213f4770f77a9ebd,1,SESSION_46067,94906,559,17.22,0,1,password,TLS1.3,1,OCPP1.6,365,184.93,none,0
2026-01-01 02:21:00,CP_020,MeterValues,SRC_012,SRC_012,1,005451d270c73706,005451d270c73706,1,SESSION_46559,79800,635,3.21,0,0,token,TLS1.3,1,OCPP1.6,1646,89.45,none,0
2026-01-01 02:32:38,CP_019,MeterValues,SRC_015,SRC_015,1,ab0ed8272c01774a,ab0ed8272c01774a,1,SESSION_18733,14876,494,1.68,0,0,certificate,TLS1.3,1,OCPP1.6,1741,111.38,none,0
2026-01-01 03:01:12,CP_003,StartTransaction,SRC_019,SRC_019,1,6b3951e6db79a8f9,6b3951e6db79a8f9,1,SESSION_57364,83878,417,23.08,0,0,password,TLS1.3,1,OCPP1.6,496,57.77,none,0
2026-01-01 09:29:36,CP_014,RemoteStopTransaction,SRC_FAKE_003,SRC_007,0,514f157aeda216be,514f157aeda216be,1,SESSION_62859,27660,141,5.46,0,1,none,TLS1.3,0,OCPP1.6,1015,169.92,fake_source_id,1
2026-01-01 03:03:03,CP_010,DiagnosticsStatusNotification,SRC_012,SRC_012,1,9cec544f0c8816ce,9cec544f0c8816ce,1,SESSION_77882,60340,332,15.67,0,0,password,TLS1.3,1,OCPP1.6,473,131.44,none,0
2026-01-01 00:27:00,CP_017,Heartbeat,SRC_005,SRC_005,1,89051edda59d83f8,89051edda59d83f8,1,SESSION_75021,33777,105,12.82,0,0,token,TLS1.3,1,OCPP1.6,814,98.48,none,0
2026-01-01 10:49:00,CP_005,ChangeConfiguration,SRC_FAKE_009,SRC_008,0,aa5aec68fcef42e3,aa5aec68fcef42e3,1,SESSION_45314,60356,345,16.81,0,1,none,TLS1.3,0,OCPP1.6,703,139.64,fake_source_id,1
2025-12-31 10:00:00,CP_004,Reset,SRC_020,SRC_020,0,f40935a96114d92c,f40935a96114d92c,1,SESSION_46332,61371,43,72068.31,1,1,token,TLS1.2,1,OCPP1.6,1459,195.99,replay_attack,1
2026-01-01 04:49:02,CP_001,MeterValues,SRC_002,SRC_002,1,cd0ddbe450fb9acc,cd0ddbe450fb9acc,1,SESSION_56867,4090,961,17.44,0,0,token,TLS1.3,1,OCPP1.6,498,31.88,none,0
2026-01-01 06:39:00,CP_009,MeterValues,SRC_010,SRC_010,1,e5a75409ec955f40,e5a75409ec955f40,1,SESSION_27083,25541,779,11.97,0,0,certificate,TLS1.3,1,OCPP1.6,1590,161.3,none,0
2026-01-01 02:03:04,CP_013,StartTransaction,SRC_017,SRC_017,1,5704f15e75359987,5704f15e75359987,1,SESSION_80732,1823,14,26.55,0,0,password,TLS1.3,1,OCPP1.6,1942,168.95,none,0
2026-01-01 01:32:00,CP_015,ChangeConfiguration,SRC_007,SRC_007,1,6db2d6a6c8b4ed1c,6db2d6a6c8b4ed1c,1,SESSION_56429,21689,87,28.53,0,1,token,TLS1.3,1,OCPP1.6,1304,197.24,none,0
2026-01-01 00:11:22,CP_020,UnlockConnector,SRC_008,SRC_008,1,513023627f3059b0,513023627f3059b0,1,SESSION_23238,87946,638,27.76,0,1,password,TLS1.2,1,OCPP1.6,219,104.39,none,0
2026-01-01 08:26:00,CP_016,UnlockConnector,SRC_013,SRC_013,0,7e9248f1b11cf351,7e9248f1b11cf351,1,SESSION_93732,41054,316,20.64,0,1,expired_token,TLS1.3,0,OCPP1.6,1241,198.28,identity_spoofing,1
2026-01-01 04:52:24,CP_020,ChangeConfiguration,SRC_017,SRC_017,1,eecc5895a927245e,eecc5895a927245e,1,SESSION_25005,35451,639,4.03,0,1,password,TLS1.2,1,OCPP1.6,1321,10.94,none,0
2026-01-01 05:21:36,CP_005,DiagnosticsStatusNotification,SRC_017,SRC_017,1,3b50626d0746ae74,3b50626d0746ae74,1,SESSION_43116,55603,694,15.2,0,0,certificate,TLS1.2,1,OCPP1.6,351,130.17,none,0
2026-01-01 03:36:30,CP_020,Reset,SRC_011,SRC_011,1,55c0c3f2226f7506,55c0c3f2226f7506,1,SESSION_22294,21534,311,24.99,0,1,password,TLS1.2,1,OCPP1.6,173,138.82,none,0
2026-01-01 03:51:36,CP_001,DiagnosticsStatusNotification,SRC_015,SRC_015,1,13a8c848babcdbbb,13a8c848babcdbbb,1,SESSION_87287,6132,514,6.04,0,0,certificate,TLS1.2,1,OCPP1.6,1730,148.55,none,0
2026-01-01 02:15:48,CP_006,ChangeConfiguration,SRC_019,SRC_019,1,c1582f03fca475bf,c1582f03fca475bf,1,SESSION_30135,70232,497,1.0,0,1,password,TLS1.2,1,OCPP1.6,1969,191.26,none,0
2026-01-01 02:15:12,CP_017,UnlockConnector,SRC_008,SRC_008,1,e5458f39651f506d,e5458f39651f506d,1,SESSION_38664,67360,119,2.71,0,1,password,TLS1.2,1,OCPP1.6,1804,90.44,none,0
2026-01-01 04:30:03,CP_010,UnlockConnector,SRC_005,SRC_005,1,1063c2fdfa77b99f,1063c2fdfa77b99f,1,SESSION_73925,17756,361,9.75,0,1,password,TLS1.3,1,OCPP1.6,1199,177.83,none,0
2026-01-01 04:10:40,CP_016,BootNotification,SRC_006,SRC_006,1,0122af043c7249f8,0122af043c7249f8,1,SESSION_70753,80490,760,8.85,0,0,certificate,TLS1.3,1,OCPP1.6,243,110.47,none,0
2026-01-01 07:44:38,CP_016,UnlockConnector,SRC_011,SRC_011,1,4a2a3bd271bc5fb3,4a2a3bd271bc5fb3,1,SESSION_13492,17955,582,9.57,0,1,token,TLS1.3,1,OCPP1.6,1400,107.73,none,0
2026-01-01 05:19:00,CP_003,MeterValues,SRC_010,SRC_010,1,070a3ee02ea3d430,070a3ee02ea3d430,1,SESSION_52489,73887,597,18.06,0,0,certificate,TLS1.2,1,OCPP1.6,1821,65.24,none,0
2026-01-01 01:48:00,CP_020,BootNotification,SRC_009,SRC_009,1,2dda0cace310e4af,2dda0cace310e4af,1,SESSION_12995,48103,258,9.71,0,0,token,TLS1.3,1,OCPP1.6,1556,76.37,none,0
2026-01-01 07:06:44,CP_002,FirmwareStatusNotification,SRC_001,SRC_001,1,9aaa0d82ba279e2f,9aaa0d82ba279e2f,1,SESSION_51039,16315,101,11.34,0,0,password,TLS1.3,1,OCPP1.6,720,65.97,none,0
2026-01-01 00:21:30,CP_004,MeterValues,SRC_010,SRC_010,1,0915fbfd19f42979,0915fbfd19f42979,1,SESSION_97708,39234,141,6.89,0,0,password,TLS1.2,1,OCPP1.6,455,151.08,none,0
2025-12-31 17:00:00,CP_004,UnlockConnector,SRC_019,SRC_019,0,ce28225c4b6cc0ba,ce28225c4b6cc0ba,1,SESSION_80269,79764,82,68412.96,1,1,certificate,TLS1.2,1,OCPP1.6,121,123.41,replay_attack,1
2026-01-01 03:06:20,CP_016,ChangeConfiguration,SRC_007,SRC_007,1,5cc69be6c47c3212,5cc69be6c47c3212,1,SESSION_22655,79309,871,11.73,0,1,password,TLS1.3,1,OCPP1.6,214,73.64,none,0
2026-01-01 08:41:57,CP_004,Reset,SRC_002,SRC_002,0,c266ada2a77cca35,c266ada2a77cca35,1,SESSION_51562,94628,75,18.15,0,1,none,TLS1.3,0,OCPP1.6,483,61.39,identity_spoofing,1
2026-01-01 09:53:08,CP_004,UnlockConnector,SRC_007,SRC_007,0,94610d945eca63e5,94610d945eca63e5,1,SESSION_39339,72360,764,19.96,0,1,none,weak,0,OCPP1.6,1473,5.88,message_injection,1
2026-01-01 00:32:00,CP_016,UnlockConnector,SRC_009,SRC_009,1,e54b0993625fec97,e54b0993625fec97,1,SESSION_46751,12845,866,8.72,0,1,password,TLS1.3,1,OCPP1.6,437,84.86,none,0
2026-01-01 01:24:00,CP_001,Reset,SRC_006,SRC_006,1,7ee822763538c522,7ee822763538c522,1,SESSION_53645,50249,53,11.53,0,1,certificate,TLS1.3,1,OCPP1.6,1322,78.48,none,0
2026-01-01 01:30:57,CP_008,ChangeConfiguration,SRC_012,SRC_012,1,ed3bb3faf711e479,ed3bb3faf711e479,1,SESSION_80679,33579,545,4.57,0,1,certificate,TLS1.3,1,OCPP1.6,1393,38.95,none,0
2026-01-01 07:27:45,CP_006,Reset,SRC_007,SRC_007,1,e0102e0ba56e4e11,e0102e0ba56e4e11,1,SESSION_15112,44023,380,25.96,0,1,token,TLS1.2,1,OCPP1.6,512,36.49,none,0
2026-01-01 01:01:30,CP_004,DataTransfer,SRC_012,SRC_012,1,6aecfd1ef3dc85cc,6aecfd1ef3dc85cc,1,SESSION_76514,358,489,19.58,0,0,password,TLS1.3,1,OCPP1.6,1010,159.08,none,0
2026-01-01 00:01:28,CP_015,MeterValues,SRC_012,SRC_012,1,5ba7c104d1740689,5ba7c104d1740689,1,SESSION_83544,62349,379,27.8,0,0,certificate,TLS1.2,1,OCPP1.6,526,101.02,none,0
2026-01-01 10:51:45,CP_011,RemoteStopTransaction,SRC_FAKE_007,SRC_002,0,24307bbc746b637e,24307bbc746b637e,1,SESSION_54923,79913,589,1.43,0,1,none,TLS1.2,0,OCPP1.6,184,118.24,fake_source_id,1
2026-01-01 01:50:08,CP_020,FirmwareStatusNotification,SRC_003,SRC_003,1,c2f831b42d5795cf,c2f831b42d5795cf,1,SESSION_12378,30993,997,28.24,0,0,password,TLS1.2,1,OCPP1.6,1801,95.02,none,0
2026-01-01 00:15:45,CP_017,StopTransaction,SRC_009,SRC_009,1,3542012b372f5d37,3542012b372f5d37,1,SESSION_17795,78178,858,13.26,0,0,password,TLS1.2,1,OCPP1.6,1004,168.86,none,0
2026-01-01 01:57:53,CP_005,Reset,SRC_003,SRC_003,1,e48c82e35dc6c4db,e48c82e35dc6c4db,1,SESSION_96871,57609,163,1.3,0,1,password,TLS1.2,1,OCPP1.6,1109,197.03,none,0
2026-01-01 11:11:50,CP_014,MeterValues,SRC_019,SRC_019,1,ab8c719e714a2807,ab8c719e714a2807,1,SESSION_43210,23534,2,28.51,0,0,certificate,TLS1.2,1,OCPP1.6,1857,98.2,none,0
2026-01-01 04:24:32,CP_020,StopTransaction,SRC_019,SRC_019,0,8a3706440cf670df,8a3706440cf670df,1,SESSION_59534,40999,563,19.41,0,0,password,none,1,unknown,19478,31.72,protocol_manipulation,1
2026-01-01 01:46:53,CP_011,Authorize,SRC_005,SRC_005,1,8a86ad893e82b8f4,8a86ad893e82b8f4,1,SESSION_41694,69304,8,14.48,0,0,certificate,TLS1.2,1,OCPP1.6,128,95.08,none,0
2026-01-01 07:36:16,CP_013,ChangeConfiguration,SRC_011,SRC_011,0,b27bc9b0f4fa4fc1,b27bc9b0f4fa4fc1,1,SESSION_39197,91516,748,14.53,0,1,none,TLS1.3,0,OCPP1.6,233,14.07,identity_spoofing,1
2026-01-01 05:26:38,CP_011,RemoteStopTransaction,SRC_020,SRC_020,1,30ecf26f59ad5413,30ecf26f59ad5413,1,SESSION_89890,40086,78,17.81,0,1,password,TLS1.3,1,OCPP1.6,493,45.46,none,0
2026-01-01 01:18:00,CP_013,StartTransaction,SRC_016,SRC_016,1,ebdef5142d86a2e9,ebdef5142d86a2e9,1,SESSION_22820,80516,164,26.83,0,0,certificate,TLS1.3,1,OCPP1.6,415,151.02,none,0
2026-01-01 01:16:51,CP_007,RemoteStartTransaction,SRC_012,SRC_012,1,e52f602b84b69173,e52f602b84b69173,1,SESSION_69443,16674,507,26.21,0,1,password,TLS1.2,1,OCPP1.6,369,178.12,none,0
2026-01-01 02:29:06,CP_006,StatusNotification,SRC_008,SRC_008,0,56238de19803c162,56238de19803c162,1,SESSION_88951,27082,887,16.33,0,0,certificate,broken,1,OCPP1.5,40335,140.09,protocol_manipulation,1
2026-01-01 05:37:48,CP_002,Reset,SRC_015,SRC_015,1,ebaefebd3855bfd3,ebaefebd3855bfd3,1,SESSION_40517,59443,924,14.01,0,1,password,TLS1.3,1,OCPP1.6,632,79.28,none,0
2026-01-01 00:09:34,CP_003,RemoteStopTransaction,SRC_015,SRC_015,1,690f953e640a093f,690f953e640a093f,1,SESSION_66607,7293,927,19.1,0,1,token,TLS1.3,1,OCPP1.6,962,186.58,none,0
2026-01-01 00:01:58,CP_010,StartTransaction,SRC_007,SRC_007,1,d46ec60349dc1232,d46ec60349dc1232,1,SESSION_51450,15133,692,8.83,0,0,password,TLS1.2,1,OCPP1.6,828,25.62,none,0
2026-01-01 00:02:24,CP_018,DiagnosticsStatusNotification,SRC_017,SRC_017,1,6b08a47f89f55fe4,6b08a47f89f55fe4,1,SESSION_59389,33012,104,7.16,0,0,token,TLS1.2,1,OCPP1.6,464,164.66,none,0
2026-01-01 03:47:05,CP_001,RemoteStopTransaction,SRC_001,SRC_001,1,db352343b96754bb,db352343b96754bb,1,SESSION_40210,50398,528,18.41,0,1,certificate,TLS1.2,1,OCPP1.6,1968,149.94,none,0
2026-01-01 01:56:00,CP_015,FirmwareStatusNotification,SRC_019,SRC_019,1,12c0a80e8ccaecd0,12c0a80e8ccaecd0,1,SESSION_25451,4750,709,22.95,0,0,token,TLS1.2,1,OCPP1.6,1771,18.44,none,0
2026-01-01 00:13:20,CP_006,Heartbeat,SRC_010,SRC_010,1,679c25f97c643c1c,679c25f97c643c1c,1,SESSION_17820,63074,426,5.49,0,0,token,TLS1.2,1,OCPP1.6,1478,71.92,none,0
2026-01-01 12:00:10,CP_016,Reset,SRC_FAKE_004,SRC_019,0,6cfe6f35eebcc7b4,6cfe6f35eebcc7b4,1,SESSION_18580,11430,813,26.12,0,1,none,TLS1.2,0,OCPP1.6,1274,64.34,fake_source_id,1
2026-01-01 01:14:40,CP_007,BootNotification,SRC_016,SRC_016,1,57c54dc060bcef3a,57c54dc060bcef3a,1,SESSION_44488,86699,930,19.21,0,0,certificate,TLS1.3,1,OCPP1.6,112,111.84,none,0
2026-01-01 00:48:33,CP_018,ChangeConfiguration,SRC_010,SRC_010,0,d3a6ae49bb5aa524,d3a6ae49bb5aa524,1,SESSION_17550,34070,808,29.81,0,1,password,none,1,OCPP2.0_fake,21,80.89,protocol_manipulation,1
2026-01-01 03:44:07,CP_007,RemoteStopTransaction,SRC_002,SRC_002,0,241c7cbb25e70cd9,8de830aea81e73b5,0,SESSION_76825,56764,639,17.64,0,1,password,TLS1.2,1,OCPP1.6,1653,39.61,message_tampering,1
2026-01-01 01:11:30,CP_020,Authorize,SRC_020,SRC_020,1,49f03c46d8e4c005,49f03c46d8e4c005,1,SESSION_59725,60225,443,5.71,0,0,token,TLS1.3,1,OCPP1.6,1845,147.96,none,0
2026-01-01 02:08:20,CP_009,Authorize,SRC_016,SRC_016,1,b35976456f96e327,b35976456f96e327,1,SESSION_29604,6619,190,23.74,0,0,token,TLS1.3,1,OCPP1.6,928,66.8,none,0
2026-01-01 02:20:32,CP_009,RemoteStartTransaction,SRC_002,SRC_002,1,e1eaccf1523bcb0a,e1eaccf1523bcb0a,1,SESSION_52602,71943,553,18.52,0,1,token,TLS1.3,1,OCPP1.6,1438,191.56,none,0
2026-01-01 03:55:54,CP_001,StopTransaction,SRC_002,SRC_002,1,0af1c7c3d129faf1,0af1c7c3d129faf1,1,SESSION_99966,48713,423,27.96,0,0,token,TLS1.2,1,OCPP1.6,1741,66.05,none,0
2026-01-01 03:13:52,CP_019,UnlockConnector,SRC_FAKE_005,SRC_016,0,4e887e7ae2573dfd,4e887e7ae2573dfd,1,SESSION_16315,9718,64,9.49,0,1,none,TLS1.2,0,OCPP1.6,579,103.7,fake_source_id,1
2026-01-01 00:27:27,CP_014,StartTransaction,SRC_003,SRC_003,1,4414fec1caf089d8,4414fec1caf089d8,1,SESSION_63934,88551,965,29.32,0,0,password,TLS1.2,1,OCPP1.6,1257,143.18,none,0
2026-01-01 01:25:39,CP_008,MeterValues,SRC_019,SRC_019,1,71d6ad7d4788e996,71d6ad7d4788e996,1,SESSION_67740,58586,945,12.59,0,0,password,TLS1.2,1,OCPP1.6,951,171.02,none,0
2026-01-01 08:51:18,CP_010,StopTransaction,SRC_012,SRC_012,1,fed8c4e074830cba,fed8c4e074830cba,1,SESSION_66723,57007,696,28.0,0,0,password,TLS1.3,1,OCPP1.6,1318,193.38,none,0
2026-01-01 07:51:40,CP_009,Heartbeat,SRC_020,SRC_020,1,076813a23178b034,076813a23178b034,1,SESSION_99746,16369,533,20.32,0,0,token,TLS1.3,1,OCPP1.6,1444,120.85,none,0
2026-01-01 01:34:57,CP_014,DiagnosticsStatusNotification,SRC_018,SRC_018,1,e328135a87c90ec9,e328135a87c90ec9,1,SESSION_72210,68985,433,6.67,0,0,certificate,TLS1.3,1,OCPP1.6,227,90.08,none,0
2026-01-01 02:36:07,CP_010,ChangeConfiguration,SRC_008,SRC_008,1,a01f6a330e665beb,a01f6a330e665beb,1,SESSION_12862,79104,738,8.54,0,1,token,TLS1.3,1,OCPP1.6,1546,174.8,none,0
2026-01-01 05:39:09,CP_007,UnlockConnector,SRC_008,SRC_008,1,abf35da42290d7a2,abf35da42290d7a2,1,SESSION_39824,91028,742,3.54,0,1,password,TLS1.2,1,OCPP1.6,1558,168.27,none,0
2026-01-01 06:55:39,CP_005,MeterValues,SRC_006,SRC_006,1,9402367b40f8db9a,9402367b40f8db9a,1,SESSION_94293,92882,764,22.05,0,0,token,TLS1.3,1,OCPP1.6,896,145.35,none,0
2026-01-01 00:49:08,CP_017,RemoteStopTransaction,SRC_FAKE_008,SRC_015,0,32d989b73beb375e,32d989b73beb375e,1,SESSION_37185,34654,605,22.84,0,1,none,TLS1.3,0,OCPP1.6,1694,198.68,fake_source_id,1
2026-01-01 00:10:16,CP_002,RemoteStopTransaction,SRC_001,SRC_001,1,1e9c042a9ec6fac6,1e9c042a9ec6fac6,1,SESSION_54575,26081,558,3.72,0,1,password,TLS1.2,1,OCPP1.6,146,138.28,none,0
2026-01-01 00:28:30,CP_005,Reset,SRC_009,SRC_009,1,1dde37376cf88d7f,1dde37376cf88d7f,1,SESSION_64183,25144,631,9.0,0,1,token,TLS1.2,1,OCPP1.6,563,85.84,none,0
2026-01-01 03:09:00,CP_012,StatusNotification,SRC_010,SRC_010,1,34eadcee7228bfea,34eadcee7228bfea,1,SESSION_12925,5671,149,12.59,0,0,password,TLS1.2,1,OCPP1.6,608,36.81,none,0
2026-01-01 01:37:32,CP_013,DataTransfer,SRC_005,SRC_005,1,614caba69208707e,614caba69208707e,1,SESSION_71255,81101,413,23.31,0,0,certificate,TLS1.2,1,OCPP1.6,605,151.6,none,0
2026-01-01 07:34:00,CP_018,UnlockConnector,SRC_002,SRC_002,0,71efad275631483a,71efad275631483a,1,SESSION_21349,19257,172,27.4,0,1,expired_token,TLS1.3,0,OCPP1.6,1382,101.94,identity_spoofing,1
2026-01-01 06:02:16,CP_020,RemoteStartTransaction,SRC_016,SRC_016,1,2154027c5d8f16ab,2154027c5d8f16ab,1,SESSION_84206,34565,211,2.42,0,1,password,TLS1.2,1,OCPP1.6,865,70.54,none,0
2026-01-01 07:43:30,CP_010,RemoteStopTransaction,SRC_013,SRC_013,1,5a6b18cbe1050ce1,5a6b18cbe1050ce1,1,SESSION_67668,35521,302,25.62,0,1,password,TLS1.2,1,OCPP1.6,1310,94.07,none,0
2026-01-01 09:15:37,CP_019,ChangeConfiguration,SRC_017,SRC_017,0,17c60b2c4239cfb4,17c60b2c4239cfb4,1,SESSION_75518,71885,596,13.3,0,1,expired_token,TLS1.3,0,OCPP1.6,449,49.44,identity_spoofing,1
2026-01-01 02:58:36,CP_018,StatusNotification,SRC_006,SRC_006,1,a2fd4ac640e48ec0,a2fd4ac640e48ec0,1,SESSION_16496,86528,805,11.44,0,0,password,TLS1.2,1,OCPP1.6,1236,113.03,none,0
2026-01-01 02:44:27,CP_017,MeterValues,SRC_016,SRC_016,1,1a91b2aa7675b7ac,1a91b2aa7675b7ac,1,SESSION_16868,85998,108,10.95,0,0,password,TLS1.3,1,OCPP1.6,577,113.11,none,0
2026-01-01 05:49:48,CP_017,FirmwareStatusNotification,SRC_002,SRC_002,0,55d604ffe7b2fe0d,55d604ffe7b2fe0d,1,SESSION_85645,99641,952,16.72,0,0,token,broken,1,OCPP2.0_fake,22468,89.26,protocol_manipulation,1
2026-01-01 04:23:12,CP_016,RemoteStopTransaction,SRC_001,SRC_001,1,2da1a91804df6251,2da1a91804df6251,1,SESSION_76948,23920,355,1.19,0,1,token,TLS1.3,1,OCPP1.6,1889,17.12,none,0
2026-01-01 03:23:00,CP_006,MeterValues,SRC_003,SRC_003,1,ba834b1dba1c945f,ba834b1dba1c945f,1,SESSION_98568,59496,849,18.72,0,0,token,TLS1.2,1,OCPP1.6,1813,149.87,none,0
2026-01-01 11:25:04,CP_001,RemoteStopTransaction,SRC_FAKE_003,SRC_012,0,f7daed88526f5b28,f7daed88526f5b28,1,SESSION_86103,90921,265,12.08,0,1,none,TLS1.3,0,OCPP1.6,1504,188.58,fake_source_id,1
2026-01-01 01:27:05,CP_012,StopTransaction,SRC_007,SRC_007,1,733dceb816fee9a3,733dceb816fee9a3,1,SESSION_48356,88438,631,11.47,0,0,password,TLS1.3,1,OCPP1.6,209,118.11,none,0
2026-01-01 04:08:40,CP_008,ChangeConfiguration,SRC_004,SRC_004,1,75ea4898cdb58599,75ea4898cdb58599,1,SESSION_35035,30059,963,21.96,0,1,token,TLS1.2,1,OCPP1.6,1007,61.66,none,0
2026-01-01 05:18:51,CP_013,Reset,SRC_001,SRC_001,0,6a518c6acd79b5c4,6a518c6acd79b5c4,1,SESSION_87131,8808,612,4.54,0,1,invalid_cert,TLS1.3,0,OCPP1.6,1969,163.67,identity_spoofing,1
2026-01-01 08:11:18,CP_014,UnlockConnector,SRC_011,SRC_011,1,902d268eb42525c7,902d268eb42525c7,1,SESSION_86331,99228,525,27.48,0,1,password,TLS1.2,1,OCPP1.6,1872,196.35,none,0
2026-01-01 01:39:44,CP_015,DiagnosticsStatusNotification,SRC_007,SRC_007,1,f8dceafbc90b8a47,f8dceafbc90b8a47,1,SESSION_77835,66551,606,26.68,0,0,token,TLS1.3,1,OCPP1.6,909,140.64,none,0
2026-01-01 01:00:00,CP_020,Reset,SRC_009,SRC_009,0,e1a5fa7b20ee4360,e1a5fa7b20ee4360,1,SESSION_31097,66621,360,4.1,0,1,invalid_cert,TLS1.2,0,OCPP1.6,1286,186.0,identity_spoofing,1
2026-01-01 07:28:59,CP_011,Reset,SRC_003,SRC_003,0,4077aeb3b478e94b,4077aeb3b478e94b,1,SESSION_51182,33060,578,18.63,0,1,none,none,0,OCPP1.6,1267,5.17,message_injection,1
2025-12-31 06:00:00,CP_003,RemoteStartTransaction,SRC_018,SRC_018,0,933821b7cd6b7da9,933821b7cd6b7da9,1,SESSION_39592,93828,17,53316.44,1,1,token,TLS1.2,1,OCPP1.6,647,117.15,replay_attack,1
2026-01-01 02:13:30,CP_020,ChangeConfiguration,SRC_008,SRC_008,1,4eb3f30079c15e8b,4eb3f30079c15e8b,1,SESSION_73608,60843,534,18.76,0,1,certificate,TLS1.3,1,OCPP1.6,1183,174.98,none,0
2026-01-01 02:14:00,CP_006,ChangeConfiguration,SRC_018,SRC_018,1,8aa4c3ebbdc78c1f,8aa4c3ebbdc78c1f,1,SESSION_99220,74597,975,26.32,0,1,token,TLS1.3,1,OCPP1.6,679,86.98,none,0
2026-01-01 05:22:32,CP_020,RemoteStartTransaction,SRC_009,SRC_009,1,318dfb885f82ea65,318dfb885f82ea65,1,SESSION_48415,26136,936,11.37,0,1,certificate,TLS1.2,1,OCPP1.6,911,101.88,none,0
2026-01-01 02:19:18,CP_015,StopTransaction,SRC_014,SRC_014,1,23ef316d1079b265,23ef316d1079b265,1,SESSION_68191,15979,572,29.5,0,0,token,TLS1.2,1,OCPP1.6,415,124.39,none,0
2026-01-01 00:23:18,CP_018,RemoteStartTransaction,SRC_003,SRC_003,1,d15c43680a89b8f1,d15c43680a89b8f1,1,SESSION_47905,97078,503,6.8,0,1,password,TLS1.2,1,OCPP1.6,743,122.09,none,0
2026-01-01 05:15:09,CP_019,Heartbeat,SRC_005,SRC_005,1,ff0bf24626cbb516,ff0bf24626cbb516,1,SESSION_92956,42049,969,13.4,0,0,token,TLS1.2,1,OCPP1.6,1056,107.71,none,0
2026-01-01 01:50:57,CP_018,Heartbeat,SRC_011,SRC_011,1,ef5f4c2256645d93,ef5f4c2256645d93,1,SESSION_32066,96945,401,23.68,0,0,token,TLS1.3,1,OCPP1.6,1475,42.94,none,0
2026-01-01 10:28:50,CP_007,Heartbeat,SRC_017,SRC_017,1,d1b512ec5275a9d9,d1b512ec5275a9d9,1,SESSION_76110,97497,325,21.8,0,0,password,TLS1.2,1,OCPP1.6,171,94.24,none,0
2026-01-01 03:01:15,CP_004,UnlockConnector,SRC_FAKE_006,SRC_012,0,04e2910fdaa769fc,04e2910fdaa769fc,1,SESSION_90712,52044,3,29.58,0,1,none,TLS1.2,0,OCPP1.6,623,52.85,fake_source_id,1
2026-01-01 02:30:00,CP_002,BootNotification,SRC_003,SRC_003,1,b7f52be2472d3080,b7f52be2472d3080,1,SESSION_43972,39163,499,26.13,0,0,token,TLS1.3,1,OCPP1.6,287,162.09,none,0
2026-01-01 03:58:30,CP_007,StopTransaction,SRC_002,SRC_002,1,7065576582971bff,7065576582971bff,1,SESSION_78634,53332,418,11.35,0,0,password,TLS1.3,1,OCPP1.6,475,30.34,none,0
2026-01-01 00:22:12,CP_004,MeterValues,SRC_014,SRC_014,1,e5c58141f0f4b7b1,e5c58141f0f4b7b1,1,SESSION_70271,19596,50,3.33,0,0,certificate,TLS1.2,1,OCPP1.6,1297,55.0,none,0
2026-01-01 04:27:03,CP_001,Reset,SRC_010,SRC_010,0,3beb5e5b38e1e3d5,4f89750a7394cee6,0,SESSION_34788,39614,935,29.31,0,1,password,TLS1.3,1,OCPP1.6,1979,79.49,message_tampering,1
2026-01-01 04:32:58,CP_015,Reset,SRC_005,SRC_005,0,2840184dada915f9,2840184dada915f9,1,SESSION_24751,43321,691,2.44,0,1,none,weak,0,OCPP1.6,1307,7.66,message_injection,1
2026-01-01 00:40:00,CP_007,DataTransfer,SRC_012,SRC_012,1,fb7e4507e98bfd93,fb7e4507e98bfd93,1,SESSION_53374,34292,653,28.62,0,0,token,TLS1.3,1,OCPP1.6,992,54.53,none,0
2026-01-01 09:18:00,CP_007,RemoteStartTransaction,SRC_016,SRC_016,1,0b8fa9527abbcabd,0b8fa9527abbcabd,1,SESSION_69555,92711,499,13.46,0,1,certificate,TLS1.2,1,OCPP1.6,175,198.07,none,0
2026-01-01 01:38:48,CP_017,StartTransaction,SRC_002,SRC_002,1,a6d96edd3de85539,a6d96edd3de85539,1,SESSION_45978,34050,648,22.23,0,0,password,TLS1.2,1,OCPP1.6,1151,118.71,none,0
2026-01-01 03:59:24,CP_004,Authorize,SRC_015,SRC_015,1,be55457aea149840,be55457aea149840,1,SESSION_43847,90151,223,28.11,0,0,certificate,TLS1.3,1,OCPP1.6,612,179.1,none,0
2026-01-01 04:44:12,CP_018,RemoteStartTransaction,SRC_003,SRC_003,1,883c01a9f62192f0,883c01a9f62192f0,1,SESSION_26360,54967,900,21.0,0,1,token,TLS1.3,1,OCPP1.6,1495,126.13,none,0
2026-01-01 09:24:01,CP_007,RemoteStopTransaction,SRC_006,SRC_006,0,8769566bd832898d,31aa18049371915f,0,SESSION_25942,21668,983,15.51,0,1,token,TLS1.2,1,OCPP1.6,512,103.07,message_tampering,1
2026-01-01 00:10:30,CP_003,FirmwareStatusNotification,SRC_016,SRC_016,1,7a744db925bfa470,7a744db925bfa470,1,SESSION_90202,35803,28,19.21,0,0,password,TLS1.2,1,OCPP1.6,1266,141.67,none,0
2026-01-01 05:31:21,CP_012,UnlockConnector,SRC_014,SRC_014,1,f4f3613f4319c0fe,f4f3613f4319c0fe,1,SESSION_97278,60591,138,18.91,0,1,password,TLS1.3,1,OCPP1.6,300,69.2,none,0
2026-01-01 01:37:40,CP_016,StatusNotification,SRC_012,SRC_012,1,976a41906a01582c,976a41906a01582c,1,SESSION_64941,32313,607,10.17,0,0,token,TLS1.2,1,OCPP1.6,245,144.84,none,0
2026-01-01 04:34:33,CP_020,FirmwareStatusNotification,SRC_020,SRC_020,0,f3bb9f2e4bba7cc9,f3bb9f2e4bba7cc9,1,SESSION_95375,232,641,15.19,0,0,token,broken,1,unknown,10,157.24,protocol_manipulation,1
2026-01-01 04:44:24,CP_008,RemoteStartTransaction,SRC_020,SRC_020,0,4a98d8c2edfe18d1,4a98d8c2edfe18d1,1,SESSION_77592,81797,263,27.55,0,1,none,TLS1.2,0,OCPP1.6,288,161.95,identity_spoofing,1
2026-01-01 00:28:30,CP_015,RemoteStopTransaction,SRC_009,SRC_009,1,f8476b554691d0c6,f8476b554691d0c6,1,SESSION_30274,95249,687,26.95,0,1,token,TLS1.2,1,OCPP1.6,1967,149.57,none,0
2026-01-01 01:02:52,CP_016,Reset,SRC_015,SRC_015,0,3bc0de30f9444309,3bc0de30f9444309,1,SESSION_58214,45130,313,17.2,0,1,expired_token,TLS1.3,0,OCPP1.6,1397,85.57,identity_spoofing,1
2026-01-01 02:09:21,CP_005,MeterValues,SRC_017,SRC_017,1,8528e90dcc3469d2,8528e90dcc3469d2,1,SESSION_69323,95472,546,27.57,0,0,password,TLS1.2,1,OCPP1.6,1755,50.55,none,0
2026-01-01 05:19:48,CP_019,Heartbeat,SRC_008,SRC_008,1,3698b23093580039,3698b23093580039,1,SESSION_23688,95442,269,12.03,0,0,password,TLS1.2,1,OCPP1.6,735,82.78,none,0
2026-01-01 01:59:48,CP_007,StartTransaction,SRC_019,SRC_019,1,0d226d5794c31901,0d226d5794c31901,1,SESSION_36914,26870,804,3.37,0,0,certificate,TLS1.3,1,OCPP1.6,654,138.09,none,0
2026-01-01 00:05:30,CP_001,DataTransfer,SRC_002,SRC_002,1,836f80e9ac26e2ce,836f80e9ac26e2ce,1,SESSION_43267,57159,111,7.12,0,0,certificate,TLS1.2,1,OCPP1.6,136,109.42,none,0
2026-01-01 01:32:50,CP_015,Heartbeat,SRC_011,SRC_011,1,e8e78136f7b942ef,e8e78136f7b942ef,1,SESSION_77975,18907,746,10.99,0,0,password,TLS1.2,1,OCPP1.6,731,16.7,none,0
2026-01-01 03:07:12,CP_004,DiagnosticsStatusNotification,SRC_008,SRC_008,1,313e19a2be64e3a4,313e19a2be64e3a4,1,SESSION_82054,72041,795,1.23,0,0,password,TLS1.3,1,OCPP1.6,1834,118.81,none,0
2026-01-01 01:25:45,CP_010,ChangeConfiguration,SRC_FAKE_003,SRC_013,0,bbcae396a3715aec,bbcae396a3715aec,1,SESSION_40225,63662,987,21.59,0,1,none,TLS1.3,0,OCPP1.6,1318,57.51,fake_source_id,1
2026-01-01 00:52:39,CP_009,FirmwareStatusNotification,SRC_001,SRC_001,1,637c07ce9fbdbd4e,637c07ce9fbdbd4e,1,SESSION_78189,41935,557,10.54,0,0,token,TLS1.2,1,OCPP1.6,629,97.24,none,0
2026-01-01 01:54:38,CP_005,BootNotification,SRC_008,SRC_008,1,ceb51c4b2c7d025e,ceb51c4b2c7d025e,1,SESSION_36924,75013,676,25.42,0,0,certificate,TLS1.3,1,OCPP1.6,552,157.67,none,0
2026-01-01 07:45:00,CP_015,Authorize,SRC_003,SRC_003,1,bff7d2fa41ae8ed2,bff7d2fa41ae8ed2,1,SESSION_20609,60097,656,3.2,0,0,token,TLS1.3,1,OCPP1.6,1916,102.17,none,0
2026-01-01 00:06:55,CP_017,StatusNotification,SRC_003,SRC_003,1,df6b4a2b4fd45041,df6b4a2b4fd45041,1,SESSION_87040,5480,163,14.46,0,0,token,TLS1.3,1,OCPP1.6,1261,43.15,none,0
2026-01-01 05:29:00,CP_019,ChangeConfiguration,SRC_002,SRC_002,1,06f9970f6c6d8a15,06f9970f6c6d8a15,1,SESSION_51047,96887,413,13.7,0,1,certificate,TLS1.2,1,OCPP1.6,879,77.94,none,0
2026-01-01 02:28:16,CP_001,FirmwareStatusNotification,SRC_003,SRC_003,1,d879deeb8375c2d0,d879deeb8375c2d0,1,SESSION_91449,61616,228,28.09,0,0,password,TLS1.2,1,OCPP1.6,1465,189.01,none,0
2025-12-31 09:00:00,CP_001,UnlockConnector,SRC_020,SRC_020,0,f8cf760a99d2fe84,f8cf760a99d2fe84,1,SESSION_97722,69536,37,64739.11,1,1,token,TLS1.2,1,OCPP1.6,660,89.62,replay_attack,1
2026-01-01 03:16:48,CP_001,BootNotification,SRC_002,SRC_002,1,c3f18a6bb57dfab3,c3f18a6bb57dfab3,1,SESSION_97837,71038,371,14.45,0,0,password,TLS1.2,1,OCPP1.6,305,167.89,none,0
2026-01-01 07:42:20,CP_001,Reset,SRC_FAKE_003,SRC_011,0,edff26ddd0f99aee,edff26ddd0f99aee,1,SESSION_21619,14892,682,14.54,0,1,none,TLS1.3,0,OCPP1.6,1113,14.62,fake_source_id,1
2026-01-01 03:01:20,CP_013,BootNotification,SRC_019,SRC_019,1,0ae4a1038750e631,0ae4a1038750e631,1,SESSION_96659,64302,79,14.06,0,0,certificate,TLS1.2,1,OCPP1.6,491,165.15,none,0
2026-01-01 01:07:22,CP_008,RemoteStartTransaction,SRC_008,SRC_008,1,af2e2817940c3fb6,af2e2817940c3fb6,1,SESSION_18293,12192,926,7.56,0,1,token,TLS1.2,1,OCPP1.6,1775,140.22,none,0
2026-01-01 00:32:42,CP_003,Authorize,SRC_001,SRC_001,1,d4b5274cfe79675a,d4b5274cfe79675a,1,SESSION_80745,38443,741,24.92,0,0,password,TLS1.2,1,OCPP1.6,1873,94.19,none,0
2026-01-01 01:25:30,CP_015,MeterValues,SRC_019,SRC_019,1,4e70d4c120f70105,4e70d4c120f70105,1,SESSION_40829,48279,252,15.3,0,0,certificate,TLS1.2,1,OCPP1.6,620,51.01,none,0
2026-01-01 00:59:30,CP_012,ChangeConfiguration,SRC_007,SRC_007,1,e01ea07aba461644,e01ea07aba461644,1,SESSION_58348,51359,229,23.53,0,1,password,TLS1.3,1,OCPP1.6,419,177.22,none,0
2026-01-01 03:14:36,CP_003,BootNotification,SRC_005,SRC_005,1,5e77c54bff5edf5b,5e77c54bff5edf5b,1,SESSION_15244,72114,754,27.55,0,0,certificate,TLS1.2,1,OCPP1.6,680,44.36,none,0
2026-01-01 07:41:16,CP_001,BootNotification,SRC_016,SRC_016,1,ac1d07cad0744965,ac1d07cad0744965,1,SESSION_52325,59262,952,8.67,0,0,token,TLS1.2,1,OCPP1.6,1500,173.61,none,0
2026-01-01 08:09:04,CP_001,Reset,SRC_018,SRC_018,0,b036f06b662aba4b,b036f06b662aba4b,1,SESSION_84105,94476,798,20.72,0,1,none,TLS1.2,0,OCPP1.6,249,122.26,identity_spoofing,1
2026-01-01 00:51:18,CP_007,BootNotification,SRC_004,SRC_004,1,78e5fb7c3d88535f,78e5fb7c3d88535f,1,SESSION_86224,58113,896,21.4,0,0,password,TLS1.3,1,OCPP1.6,137,17.79,none,0
2026-01-01 00:06:06,CP_011,RemoteStopTransaction,SRC_019,SRC_019,1,3e5bedd6283b6d30,3e5bedd6283b6d30,1,SESSION_24161,44114,399,12.84,0,1,password,TLS1.2,1,OCPP1.6,1159,143.15,none,0
2026-01-01 10:10:00,CP_016,MeterValues,SRC_010,SRC_010,1,e6f544a18c49715c,e6f544a18c49715c,1,SESSION_97343,74912,963,23.86,0,0,password,TLS1.2,1,OCPP1.6,1721,100.43,none,0
2026-01-01 14:56:48,CP_014,UnlockConnector,SRC_001,SRC_001,0,3be6ae26eb56dec7,3be6ae26eb56dec7,1,SESSION_99742,91797,897,21.23,0,1,expired_token,TLS1.2,0,OCPP1.6,1089,76.41,identity_spoofing,1
2026-01-01 12:48:29,CP_002,Reset,SRC_018,SRC_018,0,28e5d497fdfb7a1d,28e5d497fdfb7a1d,1,SESSION_27972,93765,32,5.62,0,1,invalid_cert,TLS1.2,0,OCPP1.6,1346,61.03,identity_spoofing,1
2026-01-01 00:14:56,CP_010,RemoteStopTransaction,SRC_013,SRC_013,1,9c959a654c3f5ab3,9c959a654c3f5ab3,1,SESSION_78723,29260,642,19.82,0,1,certificate,TLS1.3,1,OCPP1.6,1024,49.79,none,0
2026-01-01 00:40:48,CP_012,FirmwareStatusNotification,SRC_003,SRC_003,1,83cb9d4a872874fa,83cb9d4a872874fa,1,SESSION_35497,40212,110,7.23,0,0,token,TLS1.3,1,OCPP1.6,375,23.85,none,0
2026-01-01 07:12:06,CP_007,ChangeConfiguration,SRC_015,SRC_015,0,7e7e64f8bdee81b8,7e7e64f8bdee81b8,1,SESSION_32096,8113,640,18.3,0,1,none,weak,0,OCPP1.6,1156,3.56,message_injection,1
2026-01-01 05:16:48,CP_004,MeterValues,SRC_015,SRC_015,1,c501cb7abeff4f8b,c501cb7abeff4f8b,1,SESSION_27048,54148,588,27.52,0,0,token,TLS1.3,1,OCPP1.6,1664,124.99,none,0
2026-01-01 14:38:10,CP_018,RemoteStartTransaction,SRC_020,SRC_020,0,b9584e8631628b12,b9584e8631628b12,1,SESSION_33101,72923,289,14.66,0,1,certificate,none,1,unknown,26747,22.68,protocol_manipulation,1
2026-01-01 02:05:00,CP_007,Heartbeat,SRC_008,SRC_008,1,57427aa5eb54a583,57427aa5eb54a583,1,SESSION_53431,92593,87,27.44,0,0,certificate,TLS1.3,1,OCPP1.6,1552,133.26,none,0
2026-01-01 00:01:10,CP_016,FirmwareStatusNotification,SRC_003,SRC_003,1,05db98533f4a21c5,05db98533f4a21c5,1,SESSION_35201,86824,737,7.42,0,0,password,TLS1.2,1,OCPP1.6,1180,66.95,none,0
2026-01-01 04:38:40,CP_007,FirmwareStatusNotification,SRC_010,SRC_010,1,d8db419760a2d28a,d8db419760a2d28a,1,SESSION_92504,24394,505,11.03,0,0,password,TLS1.3,1,OCPP1.6,1297,126.42,none,0
2026-01-01 09:45:52,CP_007,DataTransfer,SRC_006,SRC_006,1,52aa00337ffa2fe1,52aa00337ffa2fe1,1,SESSION_94039,17283,393,7.35,0,0,certificate,TLS1.3,1,OCPP1.6,360,187.27,none,0
2026-01-01 07:07:30,CP_001,MeterValues,SRC_002,SRC_002,1,7c8b40eb13ebe321,7c8b40eb13ebe321,1,SESSION_98067,71150,930,18.52,0,0,certificate,TLS1.3,1,OCPP1.6,1434,178.49,none,0
2026-01-01 05:24:30,CP_018,Reset,SRC_003,SRC_003,0,2989d666bd8dfdaf,2989d666bd8dfdaf,1,SESSION_78527,50173,425,5.83,0,1,none,none,0,OCPP1.6,870,1.09,message_injection,1
2026-01-01 01:41:24,CP_019,RemoteStartTransaction,SRC_020,SRC_020,1,4f2d49996261c4cb,4f2d49996261c4cb,1,SESSION_49855,31374,43,3.96,0,1,password,TLS1.2,1,OCPP1.6,1367,107.12,none,0
2026-01-01 06:48:38,CP_016,StatusNotification,SRC_012,SRC_012,1,8e788006cdb66073,8e788006cdb66073,1,SESSION_46937,89010,103,17.91,0,0,certificate,TLS1.2,1,OCPP1.6,1317,98.1,none,0
2026-01-01 05:21:51,CP_003,UnlockConnector,SRC_018,SRC_018,1,d21ec7326d4fabcb,d21ec7326d4fabcb,1,SESSION_31068,19572,232,21.44,0,1,certificate,TLS1.2,1,OCPP1.6,1922,75.48,none,0
2026-01-01 00:28:20,CP_003,StartTransaction,SRC_018,SRC_018,1,552a97a076987223,552a97a076987223,1,SESSION_75080,82930,901,23.72,0,0,password,TLS1.2,1,OCPP1.6,276,12.51,none,0
2026-01-01 03:34:40,CP_011,RemoteStopTransaction,SRC_007,SRC_007,1,e24efbf39486a07e,e24efbf39486a07e,1,SESSION_15880,5974,125,16.51,0,1,token,TLS1.3,1,OCPP1.6,1073,185.58,none,0
2025-12-31 02:00:00,CP_008,UnlockConnector,SRC_020,SRC_020,0,a591beee57f18720,a591beee57f18720,1,SESSION_68096,69207,65,84390.82,1,1,password,TLS1.3,1,OCPP1.6,636,142.71,replay_attack,1
2026-01-01 04:31:42,CP_001,ChangeConfiguration,SRC_014,SRC_014,0,09c1434b0f4d1081,09c1434b0f4d1081,1,SESSION_20035,65361,479,7.95,0,1,none,weak,0,OCPP1.6,1968,8.67,message_injection,1
2026-01-01 01:07:20,CP_009,Heartbeat,SRC_018,SRC_018,1,8e1f6ce27101aeaa,8e1f6ce27101aeaa,1,SESSION_60340,80848,318,9.37,0,0,certificate,TLS1.3,1,OCPP1.6,990,56.79,none,0
2026-01-01 01:21:12,CP_012,DataTransfer,SRC_001,SRC_001,1,c0a57bf040062be8,c0a57bf040062be8,1,SESSION_49052,81032,369,28.99,0,0,certificate,TLS1.3,1,OCPP1.6,755,112.62,none,0
2026-01-01 08:23:15,CP_001,Authorize,SRC_008,SRC_008,1,5f861c4018fdd57e,5f861c4018fdd57e,1,SESSION_99700,67095,98,24.69,0,0,password,TLS1.2,1,OCPP1.6,350,91.99,none,0
2026-01-01 00:36:24,CP_012,DataTransfer,SRC_005,SRC_005,1,e30b1077c521b366,e30b1077c521b366,1,SESSION_72962,40289,849,21.13,0,0,certificate,TLS1.3,1,OCPP1.6,961,33.33,none,0
2025-12-31 03:00:00,CP_010,UnlockConnector,SRC_005,SRC_005,0,3f0f559b004e48ef,3f0f559b004e48ef,1,SESSION_54181,70619,86,61225.76,1,1,password,TLS1.3,1,OCPP1.6,1141,74.34,replay_attack,1
2026-01-01 00:26:57,CP_003,RemoteStopTransaction,SRC_014,SRC_014,1,0a4b7525dcb986bc,0a4b7525dcb986bc,1,SESSION_73093,3250,562,14.23,0,1,token,TLS1.2,1,OCPP1.6,1321,108.29,none,0
2026-01-01 10:21:52,CP_017,Reset,SRC_FAKE_006,SRC_015,0,9e95484fcc9ccff0,9e95484fcc9ccff0,1,SESSION_46932,28050,561,8.5,0,1,none,TLS1.2,0,OCPP1.6,1108,98.5,fake_source_id,1
2026-01-01 01:38:42,CP_016,MeterValues,SRC_014,SRC_014,1,4cdfab1e2cf4a338,4cdfab1e2cf4a338,1,SESSION_32051,12802,92,28.95,0,0,token,TLS1.2,1,OCPP1.6,612,91.48,none,0
2026-01-01 00:18:24,CP_020,Heartbeat,SRC_007,SRC_007,1,cb714cbcd7e98b71,cb714cbcd7e98b71,1,SESSION_84796,65535,444,12.29,0,0,password,TLS1.3,1,OCPP1.6,1203,124.32,none,0
2026-01-01 01:11:10,CP_016,StopTransaction,SRC_006,SRC_006,1,bab3496b31f96477,bab3496b31f96477,1,SESSION_86699,39536,666,23.97,0,0,password,TLS1.2,1,OCPP1.6,1521,195.85,none,0
2026-01-01 05:57:12,CP_005,BootNotification,SRC_010,SRC_010,1,43ef9f7e2662463b,43ef9f7e2662463b,1,SESSION_73259,24503,873,23.85,0,0,certificate,TLS1.3,1,OCPP1.6,806,176.03,none,0
2026-01-01 08:22:09,CP_012,Reset,SRC_008,SRC_008,0,746425d737d9a805,746425d737d9a805,1,SESSION_57217,41712,629,3.53,0,1,none,TLS1.3,0,OCPP1.6,147,186.8,identity_spoofing,1
2026-01-01 04:03:57,CP_003,BootNotification,SRC_010,SRC_010,1,d51e20abe1bd0197,d51e20abe1bd0197,1,SESSION_27257,8913,683,29.13,0,0,certificate,TLS1.3,1,OCPP1.6,1345,63.44,none,0
2026-01-01 07:36:18,CP_020,RemoteStopTransaction,SRC_FAKE_007,SRC_019,0,d0b86741a70a5f0a,d0b86741a70a5f0a,1,SESSION_68479,97796,407,16.44,0,1,none,TLS1.3,0,OCPP1.6,1612,156.41,fake_source_id,1
2026-01-01 03:49:04,CP_020,ChangeConfiguration,SRC_006,SRC_006,0,e1d41457f53faaa3,e1d41457f53faaa3,1,SESSION_73730,31619,821,27.56,0,1,none,none,0,OCPP1.6,377,3.01,message_injection,1
2026-01-01 02:51:36,CP_004,FirmwareStatusNotification,SRC_005,SRC_005,1,8ace8740f5dba69f,8ace8740f5dba69f,1,SESSION_76322,76126,789,19.8,0,0,certificate,TLS1.2,1,OCPP1.6,820,16.95,none,0
2026-01-01 03:51:39,CP_015,Heartbeat,SRC_006,SRC_006,1,960b9cfc20bf92a8,960b9cfc20bf92a8,1,SESSION_24684,1160,217,16.33,0,0,certificate,TLS1.2,1,OCPP1.6,1583,67.76,none,0
2026-01-01 00:28:40,CP_009,ChangeConfiguration,SRC_018,SRC_018,0,bfc1b18eb396c8ae,bfc1b18eb396c8ae,1,SESSION_70327,50973,971,15.99,0,1,none,none,0,OCPP1.6,1348,8.61,message_injection,1
2025-12-31 22:00:00,CP_007,RemoteStopTransaction,SRC_009,SRC_009,0,c36d1ff4209b566b,c36d1ff4209b566b,1,SESSION_45133,31541,56,82443.61,1,1,certificate,TLS1.3,1,OCPP1.6,615,189.5,replay_attack,1
2026-01-01 04:08:48,CP_017,RemoteStartTransaction,SRC_002,SRC_002,0,8353a2d03cac65e9,8353a2d03cac65e9,1,SESSION_24814,56757,314,3.51,0,1,invalid_cert,TLS1.2,0,OCPP1.6,778,116.28,identity_spoofing,1
2026-01-01 00:03:44,CP_010,UnlockConnector,SRC_011,SRC_011,1,6c234b87e88d1ac9,6c234b87e88d1ac9,1,SESSION_58369,50228,777,13.82,0,1,password,TLS1.2,1,OCPP1.6,578,168.38,none,0
2026-01-01 03:48:00,CP_008,StatusNotification,SRC_019,SRC_019,1,504c61861618a5bd,504c61861618a5bd,1,SESSION_35526,26618,261,11.22,0,0,token,TLS1.3,1,OCPP1.6,252,172.12,none,0
2026-01-01 05:21:00,CP_011,RemoteStartTransaction,SRC_008,SRC_008,1,76c970df28179577,76c970df28179577,1,SESSION_73368,86575,270,3.99,0,1,password,TLS1.3,1,OCPP1.6,1076,193.72,none,0
2026-01-01 00:38:16,CP_009,StartTransaction,SRC_014,SRC_014,1,76804413eddadd9e,76804413eddadd9e,1,SESSION_65610,26662,263,8.43,0,0,certificate,TLS1.2,1,OCPP1.6,189,113.18,none,0
2026-01-01 05:55:12,CP_008,Reset,SRC_010,SRC_010,1,5655d81e9f5423eb,5655d81e9f5423eb,1,SESSION_67223,21136,560,15.66,0,1,token,TLS1.3,1,OCPP1.6,1167,53.57,none,0
2026-01-01 02:54:30,CP_003,Heartbeat,SRC_011,SRC_011,1,9625b4486fbd0470,9625b4486fbd0470,1,SESSION_64887,95215,487,9.15,0,0,token,TLS1.3,1,OCPP1.6,1697,186.19,none,0
2026-01-01 00:27:04,CP_007,Heartbeat,SRC_012,SRC_012,1,1b9a880e344be216,1b9a880e344be216,1,SESSION_71549,63913,138,26.26,0,0,password,TLS1.2,1,OCPP1.6,1329,112.74,none,0
2026-01-01 00:51:55,CP_015,RemoteStopTransaction,SRC_001,SRC_001,1,85f5c621e348d789,85f5c621e348d789,1,SESSION_74538,29050,141,21.06,0,1,token,TLS1.2,1,OCPP1.6,392,198.51,none,0
2026-01-01 00:12:24,CP_002,RemoteStartTransaction,SRC_015,SRC_015,1,9b804e57bd74ea3d,9b804e57bd74ea3d,1,SESSION_19474,97506,77,24.43,0,1,password,TLS1.3,1,OCPP1.6,883,64.05,none,0
2025-12-31 23:00:00,CP_001,ChangeConfiguration,SRC_001,SRC_001,0,a5846e624b1c84e5,a5846e624b1c84e5,1,SESSION_87437,13061,83,57084.48,1,1,password,TLS1.2,1,OCPP1.6,265,38.51,replay_attack,1
2026-01-01 02:20:20,CP_017,BootNotification,SRC_001,SRC_001,1,512c3d20d0c7ada8,512c3d20d0c7ada8,1,SESSION_18591,33878,809,1.03,0,0,token,TLS1.3,1,OCPP1.6,624,27.02,none,0
2026-01-01 07:11:40,CP_012,RemoteStopTransaction,SRC_010,SRC_010,0,03808701cf177969,03808701cf177969,1,SESSION_88433,29718,591,17.49,0,1,expired_token,TLS1.3,0,OCPP1.6,462,107.84,identity_spoofing,1
2026-01-01 01:39:42,CP_015,UnlockConnector,SRC_008,SRC_008,0,3a44d4fa6920972b,3a44d4fa6920972b,1,SESSION_66601,45514,433,21.77,0,1,token,broken,1,OCPP2.0_fake,16271,95.65,protocol_manipulation,1
2026-01-01 05:59:09,CP_013,MeterValues,SRC_009,SRC_009,1,67e791d5ae75f2a0,67e791d5ae75f2a0,1,SESSION_26888,43179,941,16.21,0,0,password,TLS1.2,1,OCPP1.6,815,64.99,none,0
2026-01-01 03:54:39,CP_009,FirmwareStatusNotification,SRC_006,SRC_006,1,f899bb1c4e62f44f,f899bb1c4e62f44f,1,SESSION_32004,78395,650,28.21,0,0,certificate,TLS1.2,1,OCPP1.6,772,118.46,none,0
2026-01-01 01:17:24,CP_009,BootNotification,SRC_007,SRC_007,1,92f0dc7ea4c7b4b4,92f0dc7ea4c7b4b4,1,SESSION_34039,69610,973,10.78,0,0,password,TLS1.2,1,OCPP1.6,1035,53.54,none,0
2026-01-01 00:11:33,CP_014,RemoteStopTransaction,SRC_010,SRC_010,1,979bfa362c13c3e4,979bfa362c13c3e4,1,SESSION_27661,71603,516,24.14,0,1,password,TLS1.2,1,OCPP1.6,1695,11.89,none,0
2025-12-31 05:00:00,CP_016,RemoteStopTransaction,SRC_001,SRC_001,0,43cbd62d7f8f2f10,43cbd62d7f8f2f10,1,SESSION_64861,87664,87,8656.91,1,1,password,TLS1.2,1,OCPP1.6,1786,137.31,replay_attack,1
2026-01-01 02:18:48,CP_003,BootNotification,SRC_001,SRC_001,1,bde1686759c99193,bde1686759c99193,1,SESSION_88899,86738,317,20.44,0,0,token,TLS1.2,1,OCPP1.6,1319,195.25,none,0
2025-12-31 08:00:00,CP_019,RemoteStopTransaction,SRC_003,SRC_003,0,65001f1ea709339a,65001f1ea709339a,1,SESSION_41476,67845,45,69495.9,1,1,certificate,TLS1.2,1,OCPP1.6,1152,156.88,replay_attack,1
2026-01-01 04:49:36,CP_001,StatusNotification,SRC_013,SRC_013,1,d39d30d25e471735,d39d30d25e471735,1,SESSION_75158,21145,698,7.86,0,0,password,TLS1.2,1,OCPP1.6,545,61.94,none,0
2025-12-31 12:00:00,CP_008,RemoteStartTransaction,SRC_008,SRC_008,0,37133aa6043c2628,37133aa6043c2628,1,SESSION_20251,69380,56,74956.55,1,1,token,TLS1.3,1,OCPP1.6,1583,195.35,replay_attack,1
2026-01-01 07:34:00,CP_011,RemoteStartTransaction,SRC_004,SRC_004,1,9d80122d6a291f43,9d80122d6a291f43,1,SESSION_99383,98012,457,11.67,0,1,token,TLS1.2,1,OCPP1.6,585,49.23,none,0
2026-01-01 00:20:20,CP_006,Reset,SRC_013,SRC_013,1,69dc4317465ba7c0,69dc4317465ba7c0,1,SESSION_23854,22221,116,14.15,0,1,token,TLS1.3,1,OCPP1.6,1156,11.94,none,0
2026-01-01 00:23:16,CP_012,StatusNotification,SRC_007,SRC_007,1,5df8355023b02727,5df8355023b02727,1,SESSION_99712,77680,752,14.2,0,0,password,TLS1.2,1,OCPP1.6,963,181.94,none,0
2025-12-31 12:00:00,CP_015,UnlockConnector,SRC_014,SRC_014,0,58542fa31db09850,58542fa31db09850,1,SESSION_64063,91487,72,14612.58,1,1,token,TLS1.3,1,OCPP1.6,529,163.12,replay_attack,1
2026-01-01 00:21:21,CP_019,ChangeConfiguration,SRC_004,SRC_004,1,4e767613373d1a68,4e767613373d1a68,1,SESSION_35279,72882,338,8.53,0,1,certificate,TLS1.2,1,OCPP1.6,1039,165.03,none,0
2026-01-01 01:25:25,CP_017,RemoteStartTransaction,SRC_006,SRC_006,1,d94fd520f5b14093,d94fd520f5b14093,1,SESSION_36788,66817,840,1.1,0,1,password,TLS1.2,1,OCPP1.6,1119,97.51,none,0
2026-01-01 01:18:01,CP_017,MeterValues,SRC_001,SRC_001,1,2a5391e1a20c3e6b,2a5391e1a20c3e6b,1,SESSION_39323,13008,544,1.14,0,0,token,TLS1.3,1,OCPP1.6,595,198.13,none,0
2026-01-01 00:09:58,CP_014,StopTransaction,SRC_003,SRC_003,1,d09b990f3328e6f6,d09b990f3328e6f6,1,SESSION_12381,38711,368,24.16,0,0,certificate,TLS1.3,1,OCPP1.6,922,100.25,none,0
2026-01-01 06:50:47,CP_004,DataTransfer,SRC_009,SRC_009,1,9aa77e5ce177c0be,9aa77e5ce177c0be,1,SESSION_39038,45787,619,16.64,0,0,password,TLS1.2,1,OCPP1.6,929,136.68,none,0
2026-01-01 01:23:18,CP_008,DataTransfer,SRC_016,SRC_016,1,7a8d423e8cee2260,7a8d423e8cee2260,1,SESSION_54808,11247,895,20.37,0,0,password,TLS1.2,1,OCPP1.6,1098,146.22,none,0
2026-01-01 04:54:15,CP_019,MeterValues,SRC_006,SRC_006,1,fb007c9b4261cfe3,fb007c9b4261cfe3,1,SESSION_30040,91676,695,18.02,0,0,token,TLS1.3,1,OCPP1.6,918,91.32,none,0
2026-01-01 10:06:00,CP_016,RemoteStopTransaction,SRC_008,SRC_008,0,df0c1be5cd41b2f4,df0c1be5cd41b2f4,1,SESSION_43703,68306,908,10.73,0,1,none,TLS1.2,0,OCPP1.6,1188,91.36,identity_spoofing,1
2026-01-01 02:59:12,CP_015,FirmwareStatusNotification,SRC_009,SRC_009,1,17d0191db76dc0a8,17d0191db76dc0a8,1,SESSION_52440,43519,372,20.01,0,0,token,TLS1.3,1,OCPP1.6,1460,99.45,none,0
2026-01-01 00:30:50,CP_003,BootNotification,SRC_014,SRC_014,1,d369513017aa3770,d369513017aa3770,1,SESSION_45810,17634,451,12.94,0,0,password,TLS1.2,1,OCPP1.6,789,101.05,none,0
2026-01-01 02:18:36,CP_015,MeterValues,SRC_014,SRC_014,1,214c1b7e596f379a,214c1b7e596f379a,1,SESSION_84431,38938,620,4.79,0,0,token,TLS1.3,1,OCPP1.6,1702,38.14,none,0
2026-01-01 00:40:05,CP_005,RemoteStopTransaction,SRC_007,SRC_007,1,c46a8181a07bad09,c46a8181a07bad09,1,SESSION_13908,25524,25,22.97,0,1,certificate,TLS1.3,1,OCPP1.6,287,54.91,none,0
2026-01-01 02:22:00,CP_005,DataTransfer,SRC_016,SRC_016,1,3fcadfe389e37aff,3fcadfe389e37aff,1,SESSION_99508,68946,651,2.68,0,0,password,TLS1.2,1,OCPP1.6,312,153.71,none,0
2026-01-01 00:03:11,CP_005,FirmwareStatusNotification,SRC_016,SRC_016,1,7468d736938e6d73,7468d736938e6d73,1,SESSION_49172,99669,148,25.32,0,0,password,TLS1.2,1,OCPP1.6,1472,98.84,none,0
2026-01-01 01:25:45,CP_006,RemoteStopTransaction,SRC_013,SRC_013,1,c71c27db57458c0c,c71c27db57458c0c,1,SESSION_11542,36589,958,6.2,0,1,certificate,TLS1.3,1,OCPP1.6,1064,25.13,none,0
2026-01-01 00:59:48,CP_016,ChangeConfiguration,SRC_017,SRC_017,1,f193bcfc7fdce24a,f193bcfc7fdce24a,1,SESSION_85889,21345,629,7.17,0,1,token,TLS1.2,1,OCPP1.6,824,178.78,none,0
2026-01-01 00:06:52,CP_013,StartTransaction,SRC_015,SRC_015,1,548d936be4d6c469,548d936be4d6c469,1,SESSION_45104,31106,713,11.01,0,0,password,TLS1.2,1,OCPP1.6,538,75.09,none,0
2026-01-01 08:22:43,CP_019,DiagnosticsStatusNotification,SRC_013,SRC_013,0,45e29888c1108dba,45e29888c1108dba,1,SESSION_26714,76615,754,21.27,0,0,certificate,broken,1,OCPP2.0_fake,43629,114.91,protocol_manipulation,1
2026-01-01 01:42:05,CP_001,Heartbeat,SRC_016,SRC_016,1,8f9f0b8e5e67b2c6,8f9f0b8e5e67b2c6,1,SESSION_81218,91932,706,12.35,0,0,token,TLS1.2,1,OCPP1.6,966,174.2,none,0
2026-01-01 10:24:48,CP_014,Reset,SRC_016,SRC_016,0,258899afc4ce148f,480d6d50ec33dd01,0,SESSION_52858,11447,720,9.94,0,1,certificate,TLS1.2,1,OCPP1.6,1787,48.05,message_tampering,1
2026-01-01 01:57:28,CP_012,Reset,SRC_008,SRC_008,0,615b89054a21f82d,615b89054a21f82d,1,SESSION_36581,95501,221,20.97,0,1,none,none,0,OCPP1.6,115,1.84,message_injection,1
2026-01-01 01:54:37,CP_002,Reset,SRC_001,SRC_001,1,0c35dcebb44211c9,0c35dcebb44211c9,1,SESSION_91157,92092,127,25.14,0,1,password,TLS1.2,1,OCPP1.6,431,76.84,none,0
2026-01-01 04:03:28,CP_014,Heartbeat,SRC_004,SRC_004,1,feef25e128125daf,feef25e128125daf,1,SESSION_23867,52247,309,6.29,0,0,password,TLS1.3,1,OCPP1.6,1644,121.73,none,0
2026-01-01 00:15:48,CP_018,ChangeConfiguration,SRC_012,SRC_012,1,1b3a76b06e9314d2,1b3a76b06e9314d2,1,SESSION_79100,93453,976,15.09,0,1,token,TLS1.3,1,OCPP1.6,626,168.79,none,0
2026-01-01 01:03:00,CP_018,RemoteStartTransaction,SRC_016,SRC_016,1,103bf23cc02aa93e,103bf23cc02aa93e,1,SESSION_43866,11770,991,19.09,0,1,certificate,TLS1.2,1,OCPP1.6,1015,124.34,none,0
2026-01-01 01:43:36,CP_007,Reset,SRC_005,SRC_005,1,4434a040fb9c29f1,4434a040fb9c29f1,1,SESSION_66801,87251,935,26.43,0,1,password,TLS1.2,1,OCPP1.6,613,11.27,none,0
2026-01-01 10:12:00,CP_011,RemoteStartTransaction,SRC_016,SRC_016,0,4f81def62b6206a0,4ace120a45b204f7,0,SESSION_88910,64925,660,6.6,0,1,password,TLS1.2,1,OCPP1.6,1900,44.86,message_tampering,1
2026-01-01 01:47:00,CP_007,StatusNotification,SRC_016,SRC_016,1,cae6b96eab43ff73,cae6b96eab43ff73,1,SESSION_77765,46571,36,15.41,0,0,token,TLS1.2,1,OCPP1.6,1031,67.02,none,0
2026-01-01 00:28:20,CP_012,Authorize,SRC_018,SRC_018,1,c5cd53d277e7a938,c5cd53d277e7a938,1,SESSION_33613,30254,8,19.53,0,0,password,TLS1.2,1,OCPP1.6,1284,114.14,none,0
2026-01-01 10:31:52,CP_017,StatusNotification,SRC_019,SRC_019,1,0de5b8009dcf11fb,0de5b8009dcf11fb,1,SESSION_86139,62790,144,9.55,0,0,certificate,TLS1.2,1,OCPP1.6,777,104.66,none,0
2026-01-01 00:07:35,CP_001,MeterValues,SRC_005,SRC_005,1,a20126986061393d,a20126986061393d,1,SESSION_79589,53470,938,28.42,0,0,token,TLS1.3,1,OCPP1.6,1781,59.69,none,0
2026-01-01 06:39:14,CP_007,RemoteStartTransaction,SRC_011,SRC_011,1,68b6edcfe0cf94fd,68b6edcfe0cf94fd,1,SESSION_96752,79371,205,16.63,0,1,certificate,TLS1.2,1,OCPP1.6,952,181.66,none,0
2026-01-01 03:27:26,CP_018,Reset,SRC_007,SRC_007,0,7fcb265acdece2bf,7fcb265acdece2bf,1,SESSION_98443,79676,959,24.1,0,1,none,weak,0,OCPP1.6,1804,1.96,message_injection,1
2026-01-01 02:02:46,CP_020,StatusNotification,SRC_016,SRC_016,1,9966173181991263,9966173181991263,1,SESSION_48660,82084,218,17.17,0,0,password,TLS1.3,1,OCPP1.6,1634,39.3,none,0
2026-01-01 05:39:45,CP_003,RemoteStartTransaction,SRC_019,SRC_019,1,1d260ce43be61574,1d260ce43be61574,1,SESSION_56176,92976,780,12.18,0,1,password,TLS1.2,1,OCPP1.6,806,17.21,none,0
2026-01-01 07:51:12,CP_019,Reset,SRC_005,SRC_005,1,2d8704ddb0743c22,2d8704ddb0743c22,1,SESSION_17716,85749,370,27.34,0,1,token,TLS1.3,1,OCPP1.6,1144,74.86,none,0
2026-01-01 03:22:03,CP_005,ChangeConfiguration,SRC_010,SRC_010,1,63cc1cd5aac43d6d,63cc1cd5aac43d6d,1,SESSION_27918,80123,62,25.94,0,1,token,TLS1.2,1,OCPP1.6,727,84.76,none,0
2026-01-01 06:13:58,CP_009,UnlockConnector,SRC_020,SRC_020,0,382ebedc1e5e6de9,382ebedc1e5e6de9,1,SESSION_46970,10223,755,5.74,0,1,none,weak,0,OCPP1.6,630,4.05,message_injection,1
2026-01-01 03:30:50,CP_004,RemoteStartTransaction,SRC_004,SRC_004,1,b94f5bc314d3ea85,b94f5bc314d3ea85,1,SESSION_40685,1927,417,19.53,0,1,password,TLS1.3,1,OCPP1.6,426,188.33,none,0
2026-01-01 04:01:20,CP_018,ChangeConfiguration,SRC_004,SRC_004,0,8dcbb1a124d34697,8dcbb1a124d34697,1,SESSION_68234,93778,972,28.72,0,1,expired_token,TLS1.2,0,OCPP1.6,437,143.5,identity_spoofing,1
2026-01-01 01:39:36,CP_006,StatusNotification,SRC_004,SRC_004,0,93c7430e46c36fc1,93c7430e46c36fc1,1,SESSION_83425,6688,210,22.39,0,0,token,none,1,unknown,31,107.91,protocol_manipulation,1
2026-01-01 00:25:18,CP_007,UnlockConnector,SRC_004,SRC_004,1,b2d4e11ea6bb0715,b2d4e11ea6bb0715,1,SESSION_43199,63252,952,20.39,0,1,token,TLS1.3,1,OCPP1.6,1808,92.05,none,0
2026-01-01 03:45:45,CP_015,DataTransfer,SRC_014,SRC_014,1,d4d3dc101f04cec7,d4d3dc101f04cec7,1,SESSION_46679,10504,993,26.72,0,0,certificate,TLS1.3,1,OCPP1.6,388,192.71,none,0
2026-01-01 02:13:18,CP_015,BootNotification,SRC_015,SRC_015,1,d3bc5f7154a64d69,d3bc5f7154a64d69,1,SESSION_82103,12561,121,21.36,0,0,certificate,TLS1.3,1,OCPP1.6,1339,119.5,none,0
2026-01-01 12:37:01,CP_020,ChangeConfiguration,SRC_020,SRC_020,0,4223a2cacb8f2906,4223a2cacb8f2906,1,SESSION_71837,93316,864,23.79,0,1,none,none,0,OCPP1.6,1173,6.76,message_injection,1
2026-01-01 02:48:00,CP_008,RemoteStopTransaction,SRC_FAKE_005,SRC_019,0,737a517ce7c17ef1,737a517ce7c17ef1,1,SESSION_40609,59252,120,6.83,0,1,none,TLS1.2,0,OCPP1.6,1818,92.3,fake_source_id,1
2026-01-01 02:36:33,CP_019,ChangeConfiguration,SRC_013,SRC_013,1,2260d37448486e80,2260d37448486e80,1,SESSION_72881,88021,728,10.53,0,1,token,TLS1.2,1,OCPP1.6,545,32.91,none,0
2026-01-01 05:42:42,CP_020,Reset,SRC_005,SRC_005,1,f59b488f34d04c1f,f59b488f34d04c1f,1,SESSION_76090,1183,873,22.83,0,1,token,TLS1.2,1,OCPP1.6,1191,139.58,none,0
2026-01-01 00:16:15,CP_016,Authorize,SRC_018,SRC_018,1,97f641f772f5335b,97f641f772f5335b,1,SESSION_76040,68645,639,11.52,0,0,certificate,TLS1.3,1,OCPP1.6,1816,68.39,none,0
2026-01-01 00:27:04,CP_014,MeterValues,SRC_002,SRC_002,1,ec9bbe3413d1aada,ec9bbe3413d1aada,1,SESSION_27538,14452,953,10.55,0,0,certificate,TLS1.3,1,OCPP1.6,1158,120.7,none,0
2026-01-01 00:12:57,CP_011,DataTransfer,SRC_009,SRC_009,1,6a1f646ff5232f39,6a1f646ff5232f39,1,SESSION_74570,17765,784,20.72,0,0,password,TLS1.3,1,OCPP1.6,1369,109.01,none,0
2026-01-01 01:30:00,CP_002,Reset,SRC_016,SRC_016,1,c26a36a6333ae1b9,c26a36a6333ae1b9,1,SESSION_56517,33973,114,20.48,0,1,token,TLS1.3,1,OCPP1.6,1291,186.1,none,0
2026-01-01 00:00:49,CP_012,Reset,SRC_015,SRC_015,1,3afcc5efbed750ad,3afcc5efbed750ad,1,SESSION_78792,22391,575,10.6,0,1,certificate,TLS1.2,1,OCPP1.6,1345,60.04,none,0
2026-01-01 02:18:47,CP_020,ChangeConfiguration,SRC_009,SRC_009,0,9432b1f39797df9e,36b16acd7d9ad51b,0,SESSION_55836,74572,94,15.35,0,1,token,TLS1.3,1,OCPP1.6,1086,193.56,message_tampering,1
2026-01-01 03:07:20,CP_011,Heartbeat,SRC_014,SRC_014,1,991ad2f8ff47bcf2,991ad2f8ff47bcf2,1,SESSION_61064,45836,804,22.3,0,0,certificate,TLS1.3,1,OCPP1.6,1073,27.17,none,0
2026-01-01 00:18:18,CP_009,BootNotification,SRC_006,SRC_006,1,e45781b5d0f8d5cc,e45781b5d0f8d5cc,1,SESSION_30034,91275,758,24.13,0,0,password,TLS1.3,1,OCPP1.6,135,134.9,none,0
2026-01-01 00:03:10,CP_003,DataTransfer,SRC_001,SRC_001,1,63a556892a71adaa,63a556892a71adaa,1,SESSION_72773,78020,724,7.94,0,0,certificate,TLS1.2,1,OCPP1.6,798,64.28,none,0
2025-12-31 06:00:00,CP_013,ChangeConfiguration,SRC_020,SRC_020,0,015b1f70a77d1220,015b1f70a77d1220,1,SESSION_84638,92388,10,60198.89,1,1,token,TLS1.2,1,OCPP1.6,1449,56.74,replay_attack,1
2026-01-01 02:23:56,CP_014,StopTransaction,SRC_001,SRC_001,1,68d7031a9b433b87,68d7031a9b433b87,1,SESSION_36898,33363,710,2.41,0,0,token,TLS1.3,1,OCPP1.6,1457,36.14,none,0
2026-01-01 05:46:32,CP_014,RemoteStartTransaction,SRC_010,SRC_010,0,d7fba5acd3746184,d7fba5acd3746184,1,SESSION_59628,64799,569,1.02,0,1,expired_token,TLS1.2,0,OCPP1.6,399,91.16,identity_spoofing,1
2026-01-01 01:33:24,CP_014,Reset,SRC_012,SRC_012,1,e1f05d19ca2d2f34,e1f05d19ca2d2f34,1,SESSION_85055,26045,923,27.4,0,1,certificate,TLS1.2,1,OCPP1.6,1104,86.99,none,0
2026-01-01 02:15:20,CP_013,BootNotification,SRC_005,SRC_005,1,28435b401e621915,28435b401e621915,1,SESSION_65092,23384,440,15.9,0,0,password,TLS1.3,1,OCPP1.6,713,111.64,none,0
2026-01-01 13:09:10,CP_004,RemoteStartTransaction,SRC_012,SRC_012,0,bedfff57b8a3b5e5,bedfff57b8a3b5e5,1,SESSION_40599,53078,821,28.31,0,1,expired_token,TLS1.3,0,OCPP1.6,382,84.47,identity_spoofing,1
2026-01-01 00:16:20,CP_018,StatusNotification,SRC_012,SRC_012,1,4a7ca19f36d97ffe,4a7ca19f36d97ffe,1,SESSION_78427,39279,331,21.13,0,0,token,TLS1.2,1,OCPP1.6,1161,26.18,none,0
2026-01-01 03:14:47,CP_011,ChangeConfiguration,SRC_002,SRC_002,1,c88ec7dc8d5bd509,c88ec7dc8d5bd509,1,SESSION_60036,83861,630,26.57,0,1,token,TLS1.2,1,OCPP1.6,194,77.92,none,0
2026-01-01 10:32:46,CP_005,ChangeConfiguration,SRC_016,SRC_016,0,4ebea81aeae6769c,4ebea81aeae6769c,1,SESSION_24477,16232,616,10.15,0,1,none,TLS1.3,0,OCPP1.6,1403,51.17,identity_spoofing,1
2026-01-01 01:42:08,CP_019,RemoteStartTransaction,SRC_020,SRC_020,0,62eb4d513d480ad4,d23fb35fb5a8f595,0,SESSION_67619,77809,232,26.16,0,1,token,TLS1.2,1,OCPP1.6,934,139.37,message_tampering,1
2026-01-01 01:37:12,CP_010,UnlockConnector,SRC_010,SRC_010,1,3aec5f1d6bb8ceb2,3aec5f1d6bb8ceb2,1,SESSION_90303,56438,488,4.59,0,1,password,TLS1.3,1,OCPP1.6,397,81.52,none,0
2026-01-01 07:36:56,CP_007,StopTransaction,SRC_018,SRC_018,1,3503591e66f17a3b,3503591e66f17a3b,1,SESSION_95603,74893,658,8.83,0,0,password,TLS1.2,1,OCPP1.6,434,191.88,none,0
2026-01-01 03:26:08,CP_008,ChangeConfiguration,SRC_011,SRC_011,0,db455fbf5ea55d54,e7cf31de3309b625,0,SESSION_49060,50599,203,24.7,0,1,certificate,TLS1.2,1,OCPP1.6,736,34.34,message_tampering,1
2026-01-01 07:33:15,CP_004,Reset,SRC_020,SRC_020,0,320764dfce0a8dbd,5383af33e12e53a6,0,SESSION_98379,13666,936,12.16,0,1,certificate,TLS1.2,1,OCPP1.6,330,122.74,message_tampering,1
2026-01-01 00:36:55,CP_016,StatusNotification,SRC_009,SRC_009,1,71c9ba73e304b43b,71c9ba73e304b43b,1,SESSION_81453,87063,600,2.3,0,0,password,TLS1.3,1,OCPP1.6,1831,45.4,none,0
2026-01-01 09:05:12,CP_004,StatusNotification,SRC_013,SRC_013,1,e4eccc1de550cb4c,e4eccc1de550cb4c,1,SESSION_51395,41775,680,2.72,0,0,certificate,TLS1.2,1,OCPP1.6,830,27.95,none,0
2026-01-01 01:25:28,CP_017,RemoteStopTransaction,SRC_007,SRC_007,1,a363cb70a5ec2d1e,a363cb70a5ec2d1e,1,SESSION_24753,55584,830,6.15,0,1,token,TLS1.2,1,OCPP1.6,1074,96.52,none,0
2026-01-01 00:04:46,CP_002,Reset,SRC_005,SRC_005,1,feb984ca4686b9c7,feb984ca4686b9c7,1,SESSION_87811,25126,794,18.39,0,1,certificate,TLS1.3,1,OCPP1.6,211,51.97,none,0
2026-01-01 03:52:55,CP_019,RemoteStartTransaction,SRC_001,SRC_001,1,d1129e7fdbd5f187,d1129e7fdbd5f187,1,SESSION_76698,4547,96,11.86,0,1,password,TLS1.3,1,OCPP1.6,528,66.42,none,0
2026-01-01 04:43:03,CP_005,MeterValues,SRC_002,SRC_002,1,9227ceb914d78d61,9227ceb914d78d61,1,SESSION_29950,43914,954,25.61,0,0,token,TLS1.2,1,OCPP1.6,1038,83.21,none,0
2026-01-01 00:35:54,CP_011,UnlockConnector,SRC_FAKE_005,SRC_001,0,112a8d114f10a1ce,112a8d114f10a1ce,1,SESSION_21150,18682,883,25.86,0,1,none,TLS1.3,0,OCPP1.6,1458,176.86,fake_source_id,1
2026-01-01 04:31:42,CP_009,StartTransaction,SRC_017,SRC_017,1,87f1c4f4aa8e13de,87f1c4f4aa8e13de,1,SESSION_28391,11320,738,17.24,0,0,password,TLS1.3,1,OCPP1.6,1507,182.14,none,0
2026-01-01 06:42:05,CP_005,RemoteStopTransaction,SRC_016,SRC_016,0,90b3122c763e6bc9,90b3122c763e6bc9,1,SESSION_91482,94198,350,15.57,0,1,certificate,broken,1,OCPP2.0_fake,47925,35.44,protocol_manipulation,1
2026-01-01 00:31:33,CP_012,MeterValues,SRC_015,SRC_015,1,1ed5febee74211c1,1ed5febee74211c1,1,SESSION_96233,9334,246,17.86,0,0,token,TLS1.3,1,OCPP1.6,969,33.46,none,0
2026-01-01 00:42:24,CP_001,UnlockConnector,SRC_002,SRC_002,1,8986f44f4559a8eb,8986f44f4559a8eb,1,SESSION_57585,70745,939,20.21,0,1,token,TLS1.3,1,OCPP1.6,126,114.24,none,0
2025-12-31 16:00:00,CP_010,ChangeConfiguration,SRC_009,SRC_009,0,aa6d1ddd53fda1d0,aa6d1ddd53fda1d0,1,SESSION_47126,58461,34,14400.58,1,1,certificate,TLS1.3,1,OCPP1.6,497,135.65,replay_attack,1
2026-01-01 00:57:30,CP_006,UnlockConnector,SRC_009,SRC_009,1,388d434fe263f4a4,388d434fe263f4a4,1,SESSION_71135,7640,711,5.3,0,1,certificate,TLS1.3,1,OCPP1.6,1233,38.62,none,0
2026-01-01 03:05:32,CP_018,FirmwareStatusNotification,SRC_009,SRC_009,1,a0aedb71c4dc9be0,a0aedb71c4dc9be0,1,SESSION_32375,67474,118,20.52,0,0,password,TLS1.2,1,OCPP1.6,742,112.81,none,0
2026-01-01 00:47:36,CP_011,Authorize,SRC_001,SRC_001,1,babcf3c49059c674,babcf3c49059c674,1,SESSION_49623,46670,300,16.01,0,0,password,TLS1.2,1,OCPP1.6,846,59.16,none,0
2026-01-01 10:58:40,CP_010,StatusNotification,SRC_007,SRC_007,0,b4fafb2ff1b1bf20,b4fafb2ff1b1bf20,1,SESSION_31329,91844,272,23.78,0,0,password,broken,1,OCPP1.5,37577,120.77,protocol_manipulation,1
2026-01-01 00:01:44,CP_020,DataTransfer,SRC_017,SRC_017,1,97dd2f6835851afe,97dd2f6835851afe,1,SESSION_79803,9769,329,3.06,0,0,password,TLS1.3,1,OCPP1.6,803,94.48,none,0
2026-01-01 01:25:52,CP_020,DataTransfer,SRC_020,SRC_020,1,dd20b3b06ab3dfa0,dd20b3b06ab3dfa0,1,SESSION_74465,13606,403,17.01,0,0,password,TLS1.2,1,OCPP1.6,1890,35.72,none,0
2026-01-01 09:36:00,CP_016,ChangeConfiguration,SRC_008,SRC_008,0,47e486e385e37d88,af0888198cb1bcdf,0,SESSION_77767,54827,241,4.79,0,1,token,TLS1.3,1,OCPP1.6,119,53.54,message_tampering,1
2026-01-01 00:00:00,CP_002,StatusNotification,SRC_013,SRC_013,1,6b017b88b126996c,6b017b88b126996c,1,SESSION_36374,85149,769,1.92,0,0,certificate,TLS1.3,1,OCPP1.6,1602,120.37,none,0
2026-01-01 00:31:00,CP_019,Heartbeat,SRC_010,SRC_010,1,5146ed2c61a86111,5146ed2c61a86111,1,SESSION_78191,2619,216,6.08,0,0,token,TLS1.3,1,OCPP1.6,356,122.4,none,0
2026-01-01 00:15:28,CP_008,ChangeConfiguration,SRC_008,SRC_008,1,0563861905b2a615,0563861905b2a615,1,SESSION_17991,3887,244,29.47,0,1,token,TLS1.3,1,OCPP1.6,1893,17.24,none,0
2026-01-01 05:53:30,CP_012,MeterValues,SRC_001,SRC_001,1,f0ef2bbafc300c6d,f0ef2bbafc300c6d,1,SESSION_28757,58160,37,10.6,0,0,certificate,TLS1.2,1,OCPP1.6,1486,189.98,none,0
2026-01-01 06:09:12,CP_016,FirmwareStatusNotification,SRC_013,SRC_013,1,d482d4899376e6a1,d482d4899376e6a1,1,SESSION_98320,16478,506,17.59,0,0,token,TLS1.3,1,OCPP1.6,1884,54.63,none,0
2026-01-01 10:45:45,CP_012,RemoteStopTransaction,SRC_018,SRC_018,0,8b6d7741706281c6,8b6d7741706281c6,1,SESSION_61291,41577,436,10.06,0,1,none,TLS1.2,0,OCPP1.6,745,112.02,identity_spoofing,1
2026-01-01 08:12:48,CP_018,UnlockConnector,SRC_002,SRC_002,0,efe0c62dd1e8ccc7,efe0c62dd1e8ccc7,1,SESSION_67042,79598,615,29.17,0,1,none,none,0,OCPP1.6,552,2.75,message_injection,1
2026-01-01 00:51:25,CP_012,MeterValues,SRC_019,SRC_019,1,00524253e3ed416b,00524253e3ed416b,1,SESSION_45184,94588,145,11.89,0,0,certificate,TLS1.2,1,OCPP1.6,1546,42.04,none,0
2026-01-01 08:58:20,CP_018,MeterValues,SRC_018,SRC_018,1,5721183d087a344b,5721183d087a344b,1,SESSION_55181,96262,680,14.89,0,0,password,TLS1.2,1,OCPP1.6,1494,185.94,none,0
2026-01-01 03:08:36,CP_016,ChangeConfiguration,SRC_002,SRC_002,1,947c0dee4793a156,947c0dee4793a156,1,SESSION_53419,22723,72,24.76,0,1,certificate,TLS1.3,1,OCPP1.6,523,197.11,none,0
2026-01-01 00:16:20,CP_013,MeterValues,SRC_001,SRC_001,1,c62cfa80da190392,c62cfa80da190392,1,SESSION_32692,26044,26,24.35,0,0,password,TLS1.2,1,OCPP1.6,1279,46.41,none,0
2026-01-01 00:31:20,CP_008,RemoteStartTransaction,SRC_009,SRC_009,1,82ef70f6102eced0,82ef70f6102eced0,1,SESSION_81540,40270,957,23.51,0,1,token,TLS1.2,1,OCPP1.6,1943,133.16,none,0
2026-01-01 00:48:36,CP_013,ChangeConfiguration,SRC_004,SRC_004,1,6fed0404bd2da511,6fed0404bd2da511,1,SESSION_41251,21232,171,13.61,0,1,certificate,TLS1.3,1,OCPP1.6,632,68.37,none,0
2026-01-01 07:26:00,CP_001,BootNotification,SRC_016,SRC_016,1,3505586d645f0048,3505586d645f0048,1,SESSION_97027,2225,46,10.63,0,0,password,TLS1.2,1,OCPP1.6,229,67.33,none,0
2026-01-01 07:10:50,CP_015,DataTransfer,SRC_002,SRC_002,1,a65722fa85264860,a65722fa85264860,1,SESSION_34246,23612,800,23.32,0,0,password,TLS1.3,1,OCPP1.6,324,69.23,none,0
2025-12-31 12:00:00,CP_007,Reset,SRC_004,SRC_004,0,7f29d0f5c31a0e2c,7f29d0f5c31a0e2c,1,SESSION_70627,29054,70,38469.46,1,1,certificate,TLS1.2,1,OCPP1.6,320,25.48,replay_attack,1
2026-01-01 05:38:50,CP_009,UnlockConnector,SRC_017,SRC_017,1,b7bb0439ce0dd15e,b7bb0439ce0dd15e,1,SESSION_32378,54662,824,10.81,0,1,password,TLS1.2,1,OCPP1.6,157,13.25,none,0
2026-01-01 06:06:00,CP_006,RemoteStopTransaction,SRC_012,SRC_012,1,a54651470b19bc4f,a54651470b19bc4f,1,SESSION_69235,89072,492,11.49,0,1,certificate,TLS1.3,1,OCPP1.6,1136,29.2,none,0
2026-01-01 05:02:00,CP_016,RemoteStopTransaction,SRC_018,SRC_018,0,2d3fba1a5c8f1f3f,2d3fba1a5c8f1f3f,1,SESSION_14969,15733,510,7.86,0,1,expired_token,TLS1.3,0,OCPP1.6,1518,52.36,identity_spoofing,1
2026-01-01 01:00:50,CP_017,MeterValues,SRC_007,SRC_007,1,d99fc17bc09a6acc,d99fc17bc09a6acc,1,SESSION_36540,1879,134,22.86,0,0,token,TLS1.3,1,OCPP1.6,1526,160.29,none,0
2026-01-01 07:20:45,CP_007,StopTransaction,SRC_020,SRC_020,1,758345f3b681a059,758345f3b681a059,1,SESSION_82980,51321,618,11.9,0,0,certificate,TLS1.3,1,OCPP1.6,474,141.53,none,0
2026-01-01 00:03:00,CP_018,DiagnosticsStatusNotification,SRC_013,SRC_013,1,4c85b8f3d2a7c090,4c85b8f3d2a7c090,1,SESSION_60190,39578,44,4.63,0,0,password,TLS1.3,1,OCPP1.6,1275,151.06,none,0
2026-01-01 01:20:00,CP_020,DataTransfer,SRC_005,SRC_005,1,285e507f6df1f35b,285e507f6df1f35b,1,SESSION_84375,16169,664,26.7,0,0,token,TLS1.3,1,OCPP1.6,737,183.32,none,0
2026-01-01 13:28:20,CP_001,StopTransaction,SRC_008,SRC_008,0,0af4e883ebaa1b39,0af4e883ebaa1b39,1,SESSION_93500,73828,544,26.32,0,0,certificate,broken,1,unknown,45,162.92,protocol_manipulation,1
2026-01-01 03:50:32,CP_014,Reset,SRC_FAKE_007,SRC_012,0,8fbbbc73b1e5515c,8fbbbc73b1e5515c,1,SESSION_70009,56523,678,22.54,0,1,none,TLS1.2,0,OCPP1.6,1442,91.39,fake_source_id,1
2026-01-01 01:44:52,CP_003,MeterValues,SRC_020,SRC_020,1,e815f3d20ffe04f2,e815f3d20ffe04f2,1,SESSION_70665,41163,81,10.43,0,0,token,TLS1.2,1,OCPP1.6,1017,152.55,none,0
2026-01-01 01:56:56,CP_001,UnlockConnector,SRC_008,SRC_008,0,dc562d0c2ced0e9e,dc562d0c2ced0e9e,1,SESSION_59812,86521,438,27.76,0,1,none,none,0,OCPP1.6,1671,5.64,message_injection,1
2026-01-01 02:53:42,CP_009,StopTransaction,SRC_020,SRC_020,1,dc809202acace3f4,dc809202acace3f4,1,SESSION_85424,52519,375,21.94,0,0,password,TLS1.2,1,OCPP1.6,1628,45.58,none,0
2026-01-01 06:04:47,CP_009,FirmwareStatusNotification,SRC_004,SRC_004,1,210a52c26f13b37f,210a52c26f13b37f,1,SESSION_79807,44054,739,14.19,0,0,certificate,TLS1.2,1,OCPP1.6,1905,67.72,none,0
2026-01-01 00:25:18,CP_004,DiagnosticsStatusNotification,SRC_019,SRC_019,1,d7c3bdad239900bf,d7c3bdad239900bf,1,SESSION_30666,24070,969,9.54,0,0,token,TLS1.3,1,OCPP1.6,868,102.78,none,0
2025-12-31 16:00:00,CP_005,UnlockConnector,SRC_005,SRC_005,0,67214d0003dc50c3,67214d0003dc50c3,1,SESSION_14641,59041,1,64217.37,1,1,password,TLS1.3,1,OCPP1.6,190,44.13,replay_attack,1
2026-01-01 04:02:33,CP_003,RemoteStartTransaction,SRC_015,SRC_015,1,5b053073e3563fa6,5b053073e3563fa6,1,SESSION_64208,26832,291,13.52,0,1,certificate,TLS1.2,1,OCPP1.6,576,175.25,none,0
2026-01-01 01:05:38,CP_013,StatusNotification,SRC_006,SRC_006,1,c0c8146966457f80,c0c8146966457f80,1,SESSION_37053,89717,764,22.12,0,0,certificate,TLS1.2,1,OCPP1.6,454,131.56,none,0
2026-01-01 01:03:00,CP_020,Authorize,SRC_015,SRC_015,1,2e681c847a2b9b83,2e681c847a2b9b83,1,SESSION_99714,32946,620,16.77,0,0,token,TLS1.2,1,OCPP1.6,1161,141.92,none,0
2026-01-01 02:08:08,CP_017,RemoteStartTransaction,SRC_014,SRC_014,0,f28dfcaa43286b75,f28dfcaa43286b75,1,SESSION_23901,49646,494,18.86,0,1,certificate,broken,1,OCPP2.0_fake,43908,150.6,protocol_manipulation,1
2026-01-01 02:35:48,CP_011,StopTransaction,SRC_020,SRC_020,1,56bedf8e3a2b5617,56bedf8e3a2b5617,1,SESSION_85620,9709,981,25.62,0,0,password,TLS1.3,1,OCPP1.6,924,189.56,none,0
2026-01-01 02:41:09,CP_018,UnlockConnector,SRC_003,SRC_003,0,caa81aaa6813a482,caa81aaa6813a482,1,SESSION_89918,4298,707,7.57,0,1,none,weak,0,OCPP1.6,1889,4.37,message_injection,1
2026-01-01 00:48:31,CP_004,RemoteStartTransaction,SRC_009,SRC_009,1,01811098344808d5,01811098344808d5,1,SESSION_34850,29192,512,14.15,0,1,token,TLS1.3,1,OCPP1.6,1268,72.7,none,0
2026-01-01 04:32:17,CP_017,ChangeConfiguration,SRC_016,SRC_016,1,91c08bccbf899f6c,91c08bccbf899f6c,1,SESSION_85789,75783,222,11.59,0,1,certificate,TLS1.3,1,OCPP1.6,892,49.09,none,0
2026-01-01 14:25:12,CP_001,ChangeConfiguration,SRC_002,SRC_002,0,dc0b858fa0d4a458,dc0b858fa0d4a458,1,SESSION_32928,68674,432,7.37,0,1,invalid_cert,TLS1.2,0,OCPP1.6,1524,45.1,identity_spoofing,1
2026-01-01 04:06:08,CP_015,RemoteStartTransaction,SRC_019,SRC_019,0,f976f1ec4532b2e0,f976f1ec4532b2e0,1,SESSION_75234,62113,724,13.63,0,1,invalid_cert,TLS1.2,0,OCPP1.6,881,62.59,identity_spoofing,1
2026-01-01 05:02:24,CP_005,BootNotification,SRC_006,SRC_006,1,8947760b99e33e34,8947760b99e33e34,1,SESSION_98785,43843,433,9.88,0,0,certificate,TLS1.3,1,OCPP1.6,1823,178.04,none,0
2026-01-01 05:54:45,CP_005,StartTransaction,SRC_011,SRC_011,1,ccbe9e9b1b200c1b,ccbe9e9b1b200c1b,1,SESSION_19734,98165,347,2.23,0,0,password,TLS1.2,1,OCPP1.6,1916,162.43,none,0
2026-01-01 00:10:44,CP_013,ChangeConfiguration,SRC_011,SRC_011,1,8febeb7042c09db3,8febeb7042c09db3,1,SESSION_46148,55179,278,19.35,0,1,password,TLS1.2,1,OCPP1.6,678,68.04,none,0
2026-01-01 09:51:36,CP_014,StartTransaction,SRC_014,SRC_014,1,6e5130fba81cfc61,6e5130fba81cfc61,1,SESSION_60196,43176,925,11.64,0,0,password,TLS1.2,1,OCPP1.6,1107,113.91,none,0
2026-01-01 01:28:32,CP_001,RemoteStartTransaction,SRC_001,SRC_001,1,bdb2537c810b0268,bdb2537c810b0268,1,SESSION_71770,3672,890,22.92,0,1,certificate,TLS1.2,1,OCPP1.6,1175,45.92,none,0
2026-01-01 06:57:36,CP_008,ChangeConfiguration,SRC_008,SRC_008,0,8ac52f52ccdcf333,45c8bcd7644bbde0,0,SESSION_60659,47500,145,22.58,0,1,certificate,TLS1.2,1,OCPP1.6,277,36.98,message_tampering,1
2026-01-01 00:38:20,CP_006,Authorize,SRC_006,SRC_006,1,74964558c833d7e6,74964558c833d7e6,1,SESSION_76493,79228,47,20.13,0,0,token,TLS1.2,1,OCPP1.6,627,133.05,none,0
2026-01-01 04:44:10,CP_013,Heartbeat,SRC_007,SRC_007,1,2e8be36b8c3aa4cd,2e8be36b8c3aa4cd,1,SESSION_96774,31556,159,8.16,0,0,password,TLS1.2,1,OCPP1.6,215,29.64,none,0
2026-01-01 00:02:36,CP_005,Heartbeat,SRC_007,SRC_007,1,4e34d167b52bee88,4e34d167b52bee88,1,SESSION_32693,22330,321,8.17,0,0,certificate,TLS1.3,1,OCPP1.6,879,105.09,none,0
2026-01-01 00:23:26,CP_014,MeterValues,SRC_014,SRC_014,1,7c2182edeff2fb6b,7c2182edeff2fb6b,1,SESSION_59287,63594,66,25.47,0,0,token,TLS1.2,1,OCPP1.6,862,159.12,none,0
2026-01-01 00:11:12,CP_017,FirmwareStatusNotification,SRC_020,SRC_020,1,feb62933ec4f1ff9,feb62933ec4f1ff9,1,SESSION_30172,20566,917,25.53,0,0,password,TLS1.2,1,OCPP1.6,967,99.52,none,0
2026-01-01 01:01:57,CP_019,DataTransfer,SRC_011,SRC_011,1,e3c156a95c2237ba,e3c156a95c2237ba,1,SESSION_26389,91127,504,24.42,0,0,token,TLS1.3,1,OCPP1.6,1532,19.39,none,0
2026-01-01 02:50:37,CP_004,StopTransaction,SRC_012,SRC_012,1,7510ce21841d6266,7510ce21841d6266,1,SESSION_29244,72223,305,24.19,0,0,certificate,TLS1.2,1,OCPP1.6,339,50.68,none,0
2026-01-01 00:18:03,CP_004,UnlockConnector,SRC_002,SRC_002,1,6853bc584bbfffb0,6853bc584bbfffb0,1,SESSION_18530,63739,449,16.68,0,1,token,TLS1.3,1,OCPP1.6,649,62.53,none,0
2026-01-01 06:50:40,CP_020,Authorize,SRC_002,SRC_002,1,c70f2901c0c768b4,c70f2901c0c768b4,1,SESSION_48275,40330,708,16.21,0,0,token,TLS1.3,1,OCPP1.6,1114,138.92,none,0
2026-01-01 01:56:42,CP_001,RemoteStartTransaction,SRC_002,SRC_002,0,627c36fbc03830cd,9ce366f29669cee0,0,SESSION_67887,43407,135,24.73,0,1,certificate,TLS1.3,1,OCPP1.6,1253,14.1,message_tampering,1
2026-01-01 10:49:24,CP_015,ChangeConfiguration,SRC_013,SRC_013,0,bd2090a8023552cf,c40395afbd38d384,0,SESSION_98534,48696,359,13.61,0,1,password,TLS1.3,1,OCPP1.6,702,152.78,message_tampering,1
2026-01-01 01:05:20,CP_018,RemoteStartTransaction,SRC_004,SRC_004,1,cdab3e0e6143b8c2,cdab3e0e6143b8c2,1,SESSION_77519,29920,237,16.35,0,1,token,TLS1.3,1,OCPP1.6,493,160.53,none,0
2026-01-01 00:58:56,CP_007,Reset,SRC_019,SRC_019,1,745970520e7a7410,745970520e7a7410,1,SESSION_75195,47305,44,24.31,0,1,token,TLS1.2,1,OCPP1.6,1251,115.81,none,0
2026-01-01 02:41:22,CP_006,Heartbeat,SRC_005,SRC_005,1,2f01d24b8a61147f,2f01d24b8a61147f,1,SESSION_32821,13929,650,5.02,0,0,password,TLS1.3,1,OCPP1.6,1752,147.64,none,0
2026-01-01 00:28:00,CP_020,BootNotification,SRC_001,SRC_001,1,4076fcb91f4d927a,4076fcb91f4d927a,1,SESSION_67167,46151,355,1.61,0,0,token,TLS1.2,1,OCPP1.6,362,73.52,none,0
2026-01-01 11:17:36,CP_011,Reset,SRC_FAKE_006,SRC_010,0,f0e14cdff7867995,f0e14cdff7867995,1,SESSION_59712,67697,664,11.1,0,1,none,TLS1.3,0,OCPP1.6,970,90.6,fake_source_id,1
2026-01-01 03:18:00,CP_018,Reset,SRC_001,SRC_001,1,d426c766d5c6d56d,d426c766d5c6d56d,1,SESSION_10546,22633,761,16.82,0,1,certificate,TLS1.3,1,OCPP1.6,247,64.26,none,0
2026-01-01 10:07:30,CP_020,Reset,SRC_FAKE_009,SRC_001,0,f2afcb909c0a7cc4,f2afcb909c0a7cc4,1,SESSION_87391,18033,492,18.91,0,1,none,TLS1.3,0,OCPP1.6,1724,20.61,fake_source_id,1
2026-01-01 08:07:10,CP_018,Reset,SRC_020,SRC_020,0,d4ef90fd39b2be37,d927d6284a58608d,0,SESSION_58433,19132,534,25.83,0,1,certificate,TLS1.3,1,OCPP1.6,417,46.74,message_tampering,1
2026-01-01 00:12:29,CP_003,RemoteStopTransaction,SRC_FAKE_004,SRC_010,0,69c56f5345a5739c,69c56f5345a5739c,1,SESSION_62210,34231,113,20.72,0,1,none,TLS1.2,0,OCPP1.6,380,110.42,fake_source_id,1
2026-01-01 04:56:27,CP_017,RemoteStartTransaction,SRC_017,SRC_017,1,36819cfb3b8ac4be,36819cfb3b8ac4be,1,SESSION_55818,58833,615,24.34,0,1,certificate,TLS1.3,1,OCPP1.6,121,122.69,none,0
2026-01-01 04:21:02,CP_008,RemoteStopTransaction,SRC_010,SRC_010,1,7f9e8486c968bd85,7f9e8486c968bd85,1,SESSION_91895,44210,168,10.54,0,1,token,TLS1.3,1,OCPP1.6,148,97.32,none,0
2026-01-01 04:01:48,CP_003,MeterValues,SRC_020,SRC_020,1,487ec5da81670a7a,487ec5da81670a7a,1,SESSION_45916,21038,147,13.75,0,0,password,TLS1.2,1,OCPP1.6,1130,57.55,none,0
2025-12-31 18:00:00,CP_009,UnlockConnector,SRC_008,SRC_008,0,c17613802bbdb33c,c17613802bbdb33c,1,SESSION_82054,53920,35,34495.2,1,1,token,TLS1.3,1,OCPP1.6,1663,113.5,replay_attack,1
2025-12-31 19:00:00,CP_010,UnlockConnector,SRC_004,SRC_004,0,df5c77c7c993586f,df5c77c7c993586f,1,SESSION_67034,87651,74,44991.71,1,1,token,TLS1.3,1,OCPP1.6,1207,103.46,replay_attack,1
2026-01-01 03:24:16,CP_019,StatusNotification,SRC_014,SRC_014,1,024020a861059524,024020a861059524,1,SESSION_25497,80278,810,28.25,0,0,password,TLS1.3,1,OCPP1.6,160,157.99,none,0
2026-01-01 00:47:32,CP_002,Reset,SRC_006,SRC_006,1,f1960edcda8b04db,f1960edcda8b04db,1,SESSION_18784,12560,520,22.02,0,1,certificate,TLS1.3,1,OCPP1.6,1254,47.83,none,0
2026-01-01 03:20:24,CP_013,Heartbeat,SRC_019,SRC_019,1,100c4afc1cd42bae,100c4afc1cd42bae,1,SESSION_75139,62333,377,12.1,0,0,password,TLS1.2,1,OCPP1.6,683,127.97,none,0
2026-01-01 01:16:46,CP_005,BootNotification,SRC_013,SRC_013,1,ab13b45e759acdc5,ab13b45e759acdc5,1,SESSION_67213,93130,422,11.3,0,0,token,TLS1.2,1,OCPP1.6,670,118.62,none,0
2026-01-01 02:13:20,CP_007,StartTransaction,SRC_006,SRC_006,1,d13ee14e58209259,d13ee14e58209259,1,SESSION_15073,40361,186,21.15,0,0,token,TLS1.3,1,OCPP1.6,1092,114.46,none,0
2026-01-01 03:11:20,CP_012,MeterValues,SRC_020,SRC_020,1,5ba18b0ab9c9611e,5ba18b0ab9c9611e,1,SESSION_62916,47562,708,19.71,0,0,certificate,TLS1.3,1,OCPP1.6,1181,173.73,none,0
2026-01-01 02:03:45,CP_009,MeterValues,SRC_014,SRC_014,1,14f6f3798d893a6a,14f6f3798d893a6a,1,SESSION_11166,14522,185,17.72,0,0,password,TLS1.3,1,OCPP1.6,933,39.43,none,0
2026-01-01 03:31:50,CP_015,StatusNotification,SRC_015,SRC_015,1,cd9a024c55e91792,cd9a024c55e91792,1,SESSION_81529,62777,891,18.24,0,0,token,TLS1.3,1,OCPP1.6,166,26.4,none,0
2026-01-01 04:11:46,CP_017,StartTransaction,SRC_016,SRC_016,1,9ebbe26214505fe6,9ebbe26214505fe6,1,SESSION_33474,66720,229,24.31,0,0,certificate,TLS1.2,1,OCPP1.6,1486,120.22,none,0
2026-01-01 03:24:18,CP_013,RemoteStopTransaction,SRC_011,SRC_011,1,c1f8cab0defa4fd7,c1f8cab0defa4fd7,1,SESSION_50324,9121,815,11.28,0,1,password,TLS1.2,1,OCPP1.6,526,80.56,none,0
2026-01-01 01:30:52,CP_013,UnlockConnector,SRC_016,SRC_016,1,8fd02b3e18b94b34,8fd02b3e18b94b34,1,SESSION_39180,14573,630,6.91,0,1,certificate,TLS1.2,1,OCPP1.6,369,145.37,none,0
2026-01-01 01:18:12,CP_005,ChangeConfiguration,SRC_004,SRC_004,0,f4c6e14f2e90def7,6a074ea0792f6116,0,SESSION_60963,92244,688,29.53,0,1,token,TLS1.3,1,OCPP1.6,803,27.2,message_tampering,1
2026-01-01 01:55:12,CP_018,RemoteStopTransaction,SRC_020,SRC_020,1,5ceaa3adcf6aedd9,5ceaa3adcf6aedd9,1,SESSION_30918,50858,915,25.95,0,1,token,TLS1.3,1,OCPP1.6,1949,80.75,none,0
2026-01-01 04:18:16,CP_020,DataTransfer,SRC_014,SRC_014,1,9e8992d97ba42d49,9e8992d97ba42d49,1,SESSION_58912,2550,920,10.97,0,0,password,TLS1.3,1,OCPP1.6,1179,149.92,none,0
2026-01-01 00:29:12,CP_005,StatusNotification,SRC_005,SRC_005,1,2ba94ed3b25f4e81,2ba94ed3b25f4e81,1,SESSION_72491,55763,204,12.81,0,0,password,TLS1.3,1,OCPP1.6,110,126.01,none,0
2026-01-01 05:24:48,CP_006,StopTransaction,SRC_004,SRC_004,1,6aeb2c287e9c36b5,6aeb2c287e9c36b5,1,SESSION_12726,92336,666,8.69,0,0,token,TLS1.3,1,OCPP1.6,1311,153.7,none,0
2026-01-01 08:45:20,CP_015,MeterValues,SRC_015,SRC_015,0,daa100c6b33c1f23,daa100c6b33c1f23,1,SESSION_39438,18203,158,29.7,0,0,password,broken,1,OCPP2.0_fake,24127,82.3,protocol_manipulation,1
2026-01-01 07:36:32,CP_009,ChangeConfiguration,SRC_017,SRC_017,0,6ce2e53c706aae5b,6ce2e53c706aae5b,1,SESSION_22035,68470,288,21.35,0,1,none,weak,0,OCPP1.6,1949,5.5,message_injection,1
2026-01-01 02:06:30,CP_009,StartTransaction,SRC_005,SRC_005,1,202549306a8f4d56,202549306a8f4d56,1,SESSION_53755,18361,685,25.91,0,0,token,TLS1.3,1,OCPP1.6,1041,25.53,none,0
2026-01-01 02:07:36,CP_019,BootNotification,SRC_006,SRC_006,0,3b8b2225ecb220b2,3b8b2225ecb220b2,1,SESSION_69056,50051,802,22.35,0,0,password,none,1,OCPP2.0_fake,19,136.31,protocol_manipulation,1
2026-01-01 00:58:24,CP_020,Reset,SRC_012,SRC_012,1,aea032a747f1e79f,aea032a747f1e79f,1,SESSION_40483,8352,655,20.31,0,1,token,TLS1.3,1,OCPP1.6,1316,140.6,none,0
2026-01-01 11:35:36,CP_002,ChangeConfiguration,SRC_016,SRC_016,0,6ea2d30423cd1373,6ea2d30423cd1373,1,SESSION_41090,22724,769,6.65,0,1,none,none,0,OCPP1.6,969,5.67,message_injection,1
2026-01-01 00:13:18,CP_009,StartTransaction,SRC_017,SRC_017,1,0a5bff64d84484b4,0a5bff64d84484b4,1,SESSION_50822,1345,715,22.06,0,0,certificate,TLS1.3,1,OCPP1.6,1080,39.6,none,0
2026-01-01 04:39:22,CP_008,DiagnosticsStatusNotification,SRC_011,SRC_011,0,b2cd829be5f3d5df,b2cd829be5f3d5df,1,SESSION_16172,32036,458,7.57,0,0,certificate,broken,1,OCPP1.5,36,48.13,protocol_manipulation,1
2026-01-01 01:15:50,CP_018,Authorize,SRC_019,SRC_019,1,043f49c3e10541e4,043f49c3e10541e4,1,SESSION_60630,58163,688,15.69,0,0,token,TLS1.2,1,OCPP1.6,613,125.2,none,0
2026-01-01 03:03:25,CP_003,Authorize,SRC_012,SRC_012,1,7e516e07be0814b7,7e516e07be0814b7,1,SESSION_84104,17902,338,22.28,0,0,password,TLS1.3,1,OCPP1.6,1367,55.62,none,0
2026-01-01 07:41:00,CP_011,UnlockConnector,SRC_005,SRC_005,0,7c992d5d8005e974,7c992d5d8005e974,1,SESSION_16763,34163,787,9.52,0,1,invalid_cert,TLS1.2,0,OCPP1.6,575,195.47,identity_spoofing,1
2026-01-01 06:24:15,CP_001,Reset,SRC_019,SRC_019,0,775e80d831cc7188,b65f5bccdaac3759,0,SESSION_20890,84744,544,6.69,0,1,password,TLS1.3,1,OCPP1.6,1934,186.73,message_tampering,1
2026-01-01 05:12:30,CP_011,Heartbeat,SRC_006,SRC_006,1,70513023c02eb41f,70513023c02eb41f,1,SESSION_33164,83318,769,4.39,0,0,password,TLS1.2,1,OCPP1.6,175,193.23,none,0
2026-01-01 01:12:05,CP_009,Reset,SRC_014,SRC_014,0,48ca2676f3c56d96,48ca2676f3c56d96,1,SESSION_80065,16697,56,27.64,0,1,none,none,0,OCPP1.6,1520,4.32,message_injection,1
2026-01-01 08:52:06,CP_016,Reset,SRC_012,SRC_012,0,b2775b03cabff3f5,b2775b03cabff3f5,1,SESSION_16279,28143,892,27.13,0,1,invalid_cert,TLS1.2,0,OCPP1.6,1403,95.69,identity_spoofing,1
2026-01-01 00:28:48,CP_003,StatusNotification,SRC_015,SRC_015,1,8ec521e5fb497065,8ec521e5fb497065,1,SESSION_41561,51525,950,8.06,0,0,password,TLS1.3,1,OCPP1.6,1485,160.63,none,0
2026-01-01 00:11:53,CP_013,UnlockConnector,SRC_FAKE_007,SRC_009,0,6a4e3a7e3ad0d17f,6a4e3a7e3ad0d17f,1,SESSION_77540,89480,710,1.14,0,1,none,TLS1.3,0,OCPP1.6,137,187.17,fake_source_id,1
2026-01-01 00:10:12,CP_007,FirmwareStatusNotification,SRC_018,SRC_018,1,63cb9dc96d5fd482,63cb9dc96d5fd482,1,SESSION_21000,21443,126,4.54,0,0,certificate,TLS1.2,1,OCPP1.6,340,53.66,none,0
2026-01-01 00:18:54,CP_015,FirmwareStatusNotification,SRC_012,SRC_012,1,3cc4296354afb37b,3cc4296354afb37b,1,SESSION_57022,92918,394,6.94,0,0,token,TLS1.2,1,OCPP1.6,1074,54.71,none,0
2026-01-01 14:43:02,CP_015,ChangeConfiguration,SRC_017,SRC_017,0,69268373021e0352,69268373021e0352,1,SESSION_36481,2486,614,12.82,0,1,none,none,0,OCPP1.6,339,5.32,message_injection,1
2026-01-01 08:24:56,CP_011,FirmwareStatusNotification,SRC_018,SRC_018,1,cc3eeeec444e8763,cc3eeeec444e8763,1,SESSION_17180,79472,149,17.08,0,0,password,TLS1.3,1,OCPP1.6,1941,76.83,none,0
2026-01-01 00:40:19,CP_001,Heartbeat,SRC_003,SRC_003,1,f155cdc60dbc9811,f155cdc60dbc9811,1,SESSION_91288,83009,743,3.74,0,0,token,TLS1.3,1,OCPP1.6,688,79.18,none,0
2026-01-01 10:18:18,CP_020,ChangeConfiguration,SRC_018,SRC_018,1,4a4614e1289f980e,4a4614e1289f980e,1,SESSION_23193,83427,302,23.07,0,1,password,TLS1.3,1,OCPP1.6,1342,60.71,none,0
2026-01-01 02:53:00,CP_004,StatusNotification,SRC_020,SRC_020,1,f39aa9c7b33bee7e,f39aa9c7b33bee7e,1,SESSION_89602,72210,566,9.37,0,0,password,TLS1.2,1,OCPP1.6,1287,176.02,none,0
2026-01-01 01:29:36,CP_017,UnlockConnector,SRC_003,SRC_003,1,e326e87c1fcc8eaa,e326e87c1fcc8eaa,1,SESSION_47916,4560,653,14.87,0,1,token,TLS1.2,1,OCPP1.6,1384,11.6,none,0
2026-01-01 10:39:12,CP_008,RemoteStopTransaction,SRC_005,SRC_005,0,128dfcd3d5ae13be,c0b066a49a919a84,0,SESSION_18036,21000,623,28.24,0,1,token,TLS1.2,1,OCPP1.6,1378,35.39,message_tampering,1
2026-01-01 03:50:04,CP_009,RemoteStopTransaction,SRC_008,SRC_008,1,872ee6c7a45755a8,872ee6c7a45755a8,1,SESSION_16403,81219,663,6.72,0,1,certificate,TLS1.2,1,OCPP1.6,1101,10.99,none,0
2026-01-01 00:20:30,CP_007,MeterValues,SRC_003,SRC_003,1,beededc7079f31d2,beededc7079f31d2,1,SESSION_29379,44366,725,18.18,0,0,certificate,TLS1.2,1,OCPP1.6,1070,141.02,none,0
2026-01-01 04:35:24,CP_010,StatusNotification,SRC_019,SRC_019,0,c30d8567c1af5e22,c30d8567c1af5e22,1,SESSION_44621,68044,403,5.71,0,0,token,none,1,OCPP1.5,39,103.5,protocol_manipulation,1
2026-01-01 00:38:02,CP_008,BootNotification,SRC_012,SRC_012,1,3466b38236cc375d,3466b38236cc375d,1,SESSION_89808,85266,194,28.48,0,0,password,TLS1.2,1,OCPP1.6,1421,59.93,none,0
2026-01-01 05:19:00,CP_012,StartTransaction,SRC_009,SRC_009,1,f5136432db1c1887,f5136432db1c1887,1,SESSION_60420,37085,350,28.32,0,0,token,TLS1.3,1,OCPP1.6,1947,100.46,none,0
2026-01-01 00:05:51,CP_004,DiagnosticsStatusNotification,SRC_017,SRC_017,1,e94eae54f91ab172,e94eae54f91ab172,1,SESSION_16627,60307,984,2.19,0,0,certificate,TLS1.3,1,OCPP1.6,780,94.12,none,0
2026-01-01 04:34:45,CP_020,UnlockConnector,SRC_004,SRC_004,0,3aa848d4f9bce67a,a4f2e292448db909,0,SESSION_76046,58758,740,7.94,0,1,token,TLS1.3,1,OCPP1.6,707,30.26,message_tampering,1
2025-12-31 01:00:00,CP_018,Reset,SRC_005,SRC_005,0,c91e13fec8e0f2d6,c91e13fec8e0f2d6,1,SESSION_74100,54492,78,32581.9,1,1,token,TLS1.3,1,OCPP1.6,521,96.83,replay_attack,1
2026-01-01 03:15:48,CP_016,UnlockConnector,SRC_009,SRC_009,1,72539a6b46961cfe,72539a6b46961cfe,1,SESSION_97468,62396,591,11.55,0,1,password,TLS1.3,1,OCPP1.6,427,90.1,none,0
2026-01-01 10:07:45,CP_012,RemoteStopTransaction,SRC_005,SRC_005,1,71a1f004d82723b3,71a1f004d82723b3,1,SESSION_44106,27149,444,28.47,0,1,token,TLS1.2,1,OCPP1.6,1817,142.88,none,0
2026-01-01 01:03:36,CP_001,UnlockConnector,SRC_020,SRC_020,1,407a2ba312f55a98,407a2ba312f55a98,1,SESSION_30263,52260,766,14.85,0,1,certificate,TLS1.2,1,OCPP1.6,102,125.81,none,0
2026-01-01 02:30:00,CP_013,UnlockConnector,SRC_010,SRC_010,0,935d3f69ef673068,bc4ec05c1adf99bd,0,SESSION_92587,64119,930,14.49,0,1,token,TLS1.3,1,OCPP1.6,1525,54.15,message_tampering,1
2026-01-01 00:48:30,CP_002,DiagnosticsStatusNotification,SRC_020,SRC_020,1,c42348c4b83ca13c,c42348c4b83ca13c,1,SESSION_53698,6286,695,24.49,0,0,password,TLS1.2,1,OCPP1.6,227,70.86,none,0
2026-01-01 00:28:54,CP_015,ChangeConfiguration,SRC_017,SRC_017,0,55af356d91c6555b,55af356d91c6555b,1,SESSION_86471,75893,999,6.6,0,1,none,weak,0,OCPP1.6,1385,1.26,message_injection,1
2026-01-01 02:38:00,CP_020,RemoteStopTransaction,SRC_012,SRC_012,1,e5dd1c26287a3619,e5dd1c26287a3619,1,SESSION_22897,69998,733,19.89,0,1,token,TLS1.3,1,OCPP1.6,440,162.07,none,0
2025-12-31 12:00:00,CP_011,RemoteStartTransaction,SRC_012,SRC_012,0,6ee3b14de6e67819,6ee3b14de6e67819,1,SESSION_82348,78264,31,78158.36,1,1,password,TLS1.3,1,OCPP1.6,247,151.64,replay_attack,1
2026-01-01 07:56:54,CP_011,RemoteStartTransaction,SRC_004,SRC_004,1,cda8c2797b02d9bf,cda8c2797b02d9bf,1,SESSION_22943,53903,262,29.94,0,1,token,TLS1.3,1,OCPP1.6,485,16.79,none,0
2026-01-01 00:42:55,CP_015,ChangeConfiguration,SRC_007,SRC_007,1,073788b58686d936,073788b58686d936,1,SESSION_16698,13028,494,14.13,0,1,certificate,TLS1.3,1,OCPP1.6,1284,146.0,none,0
2026-01-01 01:26:00,CP_012,Reset,SRC_020,SRC_020,1,bc1fd18626e7506c,bc1fd18626e7506c,1,SESSION_73069,6917,125,17.15,0,1,password,TLS1.2,1,OCPP1.6,1511,96.2,none,0
2025-12-31 20:00:00,CP_009,ChangeConfiguration,SRC_009,SRC_009,0,29bfa9a8b2cdc872,29bfa9a8b2cdc872,1,SESSION_62503,50355,17,9826.25,1,1,certificate,TLS1.3,1,OCPP1.6,1160,60.97,replay_attack,1
2026-01-01 03:06:40,CP_004,UnlockConnector,SRC_012,SRC_012,1,e191e38597124403,e191e38597124403,1,SESSION_79491,18784,577,4.78,0,1,certificate,TLS1.3,1,OCPP1.6,1507,98.8,none,0
2026-01-01 06:52:01,CP_012,RemoteStopTransaction,SRC_016,SRC_016,1,57dba3751e50b85f,57dba3751e50b85f,1,SESSION_16490,66437,428,6.94,0,1,certificate,TLS1.2,1,OCPP1.6,1194,158.11,none,0
2026-01-01 15:17:28,CP_003,StartTransaction,SRC_015,SRC_015,0,a5963a58f936eb27,a5963a58f936eb27,1,SESSION_59198,37395,377,27.36,0,0,token,none,1,unknown,17754,186.28,protocol_manipulation,1
2026-01-01 00:00:54,CP_006,MeterValues,SRC_008,SRC_008,1,30d99e6a28ce7c7d,30d99e6a28ce7c7d,1,SESSION_43312,26702,149,14.53,0,0,password,TLS1.2,1,OCPP1.6,1138,173.87,none,0
2026-01-01 02:45:20,CP_015,RemoteStartTransaction,SRC_001,SRC_001,1,86fdb4850f443bb4,86fdb4850f443bb4,1,SESSION_34852,79129,345,2.43,0,1,certificate,TLS1.2,1,OCPP1.6,328,22.76,none,0
2026-01-01 09:55:48,CP_016,StartTransaction,SRC_008,SRC_008,0,d63c5e0c730fe1a7,d63c5e0c730fe1a7,1,SESSION_16818,83666,247,21.72,0,0,password,none,1,OCPP1.5,42878,84.11,protocol_manipulation,1
2026-01-01 10:53:12,CP_010,Reset,SRC_002,SRC_002,0,a34afab71e7c3269,a34afab71e7c3269,1,SESSION_17189,75527,820,11.74,0,1,none,none,0,OCPP1.6,1121,3.42,message_injection,1
2026-01-01 01:30:39,CP_017,Authorize,SRC_004,SRC_004,1,4c5c0c729250fbbc,4c5c0c729250fbbc,1,SESSION_23068,85733,545,16.48,0,0,token,TLS1.2,1,OCPP1.6,1163,188.12,none,0
2026-01-01 00:53:30,CP_020,StatusNotification,SRC_003,SRC_003,1,90ca821d7787e48a,90ca821d7787e48a,1,SESSION_32139,90464,160,6.24,0,0,certificate,TLS1.2,1,OCPP1.6,1606,183.49,none,0
2026-01-01 03:53:20,CP_006,UnlockConnector,SRC_005,SRC_005,0,9823a8a74876fb0f,9823a8a74876fb0f,1,SESSION_28182,25136,319,28.0,0,1,none,none,0,OCPP1.6,356,4.72,message_injection,1
2026-01-01 10:52:10,CP_019,ChangeConfiguration,SRC_004,SRC_004,0,91d6a45c85cf5285,91d6a45c85cf5285,1,SESSION_47391,2679,231,24.59,0,1,none,TLS1.3,0,OCPP1.6,168,172.23,identity_spoofing,1
2026-01-01 02:11:15,CP_009,Authorize,SRC_010,SRC_010,1,2cb425e7ee1061f2,2cb425e7ee1061f2,1,SESSION_75858,36948,8,5.51,0,0,password,TLS1.3,1,OCPP1.6,1916,155.38,none,0
2026-01-01 00:43:59,CP_004,RemoteStopTransaction,SRC_011,SRC_011,1,ea1fc877ed50700d,ea1fc877ed50700d,1,SESSION_67032,91867,946,7.98,0,1,certificate,TLS1.3,1,OCPP1.6,964,88.53,none,0
2026-01-01 09:44:00,CP_017,FirmwareStatusNotification,SRC_012,SRC_012,1,257342614de7e9a3,257342614de7e9a3,1,SESSION_52651,44949,239,9.61,0,0,certificate,TLS1.3,1,OCPP1.6,612,49.11,none,0
2026-01-01 06:51:18,CP_005,ChangeConfiguration,SRC_016,SRC_016,0,d28186f025a238f0,d28186f025a238f0,1,SESSION_26098,75431,678,3.27,0,1,expired_token,TLS1.2,0,OCPP1.6,435,94.58,identity_spoofing,1
2026-01-01 02:11:40,CP_010,RemoteStopTransaction,SRC_002,SRC_002,1,e96d3fccb7614319,e96d3fccb7614319,1,SESSION_39156,76274,20,16.17,0,1,password,TLS1.3,1,OCPP1.6,395,140.59,none,0
2026-01-01 00:52:10,CP_002,StopTransaction,SRC_019,SRC_019,1,f1f17964b38d19ca,f1f17964b38d19ca,1,SESSION_29170,60322,702,9.14,0,0,password,TLS1.3,1,OCPP1.6,1613,59.49,none,0
2026-01-01 00:14:00,CP_012,Reset,SRC_001,SRC_001,1,50b8a2c1d71fc6eb,50b8a2c1d71fc6eb,1,SESSION_41975,95667,216,8.93,0,1,password,TLS1.3,1,OCPP1.6,1621,27.6,none,0
2026-01-01 09:00:36,CP_010,ChangeConfiguration,SRC_009,SRC_009,1,8ca43fe9b8fca227,8ca43fe9b8fca227,1,SESSION_26024,66730,545,4.18,0,1,certificate,TLS1.3,1,OCPP1.6,388,111.13,none,0
2026-01-01 05:48:48,CP_005,UnlockConnector,SRC_008,SRC_008,0,525876fdf883eb15,525876fdf883eb15,1,SESSION_98071,38127,87,14.22,0,1,none,weak,0,OCPP1.6,548,3.29,message_injection,1
2025-12-31 13:00:00,CP_010,RemoteStopTransaction,SRC_012,SRC_012,0,f0d1a619a0138bb4,f0d1a619a0138bb4,1,SESSION_31616,11422,82,85668.54,1,1,token,TLS1.3,1,OCPP1.6,221,27.02,replay_attack,1
2026-01-01 10:12:45,CP_006,ChangeConfiguration,SRC_008,SRC_008,0,ffe11885709a56cb,ffe11885709a56cb,1,SESSION_18208,56561,67,23.63,0,1,none,weak,0,OCPP1.6,1481,9.0,message_injection,1
2026-01-01 01:41:26,CP_020,StartTransaction,SRC_016,SRC_016,1,f472ab0b1d3223f9,f472ab0b1d3223f9,1,SESSION_31829,9441,77,5.02,0,0,certificate,TLS1.2,1,OCPP1.6,1688,122.37,none,0
2026-01-01 06:30:25,CP_001,Reset,SRC_016,SRC_016,0,50383e60f8da51dd,50383e60f8da51dd,1,SESSION_39519,6114,659,1.94,0,1,invalid_cert,TLS1.3,0,OCPP1.6,1710,52.82,identity_spoofing,1
2026-01-01 02:15:30,CP_002,StartTransaction,SRC_004,SRC_004,1,5a70466f109d3a1b,5a70466f109d3a1b,1,SESSION_22266,40409,492,14.08,0,0,password,TLS1.2,1,OCPP1.6,1955,34.5,none,0
2026-01-01 05:33:40,CP_014,Heartbeat,SRC_016,SRC_016,1,c677b0592383a500,c677b0592383a500,1,SESSION_27886,17753,818,9.26,0,0,token,TLS1.3,1,OCPP1.6,1716,180.5,none,0
2026-01-01 03:28:22,CP_009,Reset,SRC_002,SRC_002,0,71973e7096fd2b6a,71973e7096fd2b6a,1,SESSION_95643,38924,324,29.63,0,1,none,none,0,OCPP1.6,1083,1.12,message_injection,1
2026-01-01 06:28:52,CP_013,DiagnosticsStatusNotification,SRC_004,SRC_004,1,c5f1439927da470e,c5f1439927da470e,1,SESSION_49847,89835,993,18.79,0,0,token,TLS1.3,1,OCPP1.6,138,155.98,none,0
2026-01-01 04:03:12,CP_005,Reset,SRC_001,SRC_001,1,7ebde6d03a3b384e,7ebde6d03a3b384e,1,SESSION_70775,24857,326,23.34,0,1,token,TLS1.2,1,OCPP1.6,568,172.38,none,0
2026-01-01 01:41:51,CP_015,MeterValues,SRC_014,SRC_014,1,06d607181aa54a82,06d607181aa54a82,1,SESSION_43115,34270,16,6.54,0,0,token,TLS1.2,1,OCPP1.6,806,151.42,none,0
2026-01-01 04:23:28,CP_003,Authorize,SRC_005,SRC_005,1,76e87e6249212391,76e87e6249212391,1,SESSION_23396,79503,482,13.09,0,0,password,TLS1.3,1,OCPP1.6,1202,104.9,none,0
2026-01-01 02:18:41,CP_018,Reset,SRC_018,SRC_018,1,b30aaf1a79b00f30,b30aaf1a79b00f30,1,SESSION_72797,78183,238,23.82,0,1,password,TLS1.3,1,OCPP1.6,1265,152.26,none,0
2026-01-01 05:36:28,CP_005,Reset,SRC_FAKE_009,SRC_008,0,c6532e76961c51a6,c6532e76961c51a6,1,SESSION_94809,84189,541,12.72,0,1,none,TLS1.3,0,OCPP1.6,1913,102.29,fake_source_id,1
2026-01-01 02:38:24,CP_004,RemoteStopTransaction,SRC_012,SRC_012,1,b721379f92a95684,b721379f92a95684,1,SESSION_52297,7652,856,2.11,0,1,password,TLS1.2,1,OCPP1.6,761,41.94,none,0
2026-01-01 02:02:51,CP_004,RemoteStopTransaction,SRC_003,SRC_003,1,666037ddf3fecb19,666037ddf3fecb19,1,SESSION_28461,39712,993,21.15,0,1,token,TLS1.2,1,OCPP1.6,576,183.5,none,0
2025-12-31 20:00:00,CP_003,UnlockConnector,SRC_018,SRC_018,0,c4010f30d74ab8d0,c4010f30d74ab8d0,1,SESSION_10922,49653,94,8645.58,1,1,password,TLS1.2,1,OCPP1.6,1489,144.4,replay_attack,1
2026-01-01 03:01:19,CP_017,Heartbeat,SRC_006,SRC_006,0,d8d1b9797354e717,d8d1b9797354e717,1,SESSION_14132,86403,145,9.52,0,0,password,broken,1,unknown,12,99.05,protocol_manipulation,1
2026-01-01 03:11:28,CP_019,RemoteStartTransaction,SRC_011,SRC_011,1,dcd0140f56f5c22b,dcd0140f56f5c22b,1,SESSION_97068,76903,24,12.69,0,1,password,TLS1.2,1,OCPP1.6,1318,66.38,none,0
2026-01-01 00:19:35,CP_019,StopTransaction,SRC_020,SRC_020,1,a3049bd747fbb509,a3049bd747fbb509,1,SESSION_40652,51596,749,21.91,0,0,certificate,TLS1.3,1,OCPP1.6,232,105.09,none,0
2026-01-01 02:34:00,CP_009,DataTransfer,SRC_010,SRC_010,1,71dfe1074a674114,71dfe1074a674114,1,SESSION_91388,46632,965,13.79,0,0,password,TLS1.2,1,OCPP1.6,987,131.24,none,0
2026-01-01 01:04:24,CP_001,StopTransaction,SRC_016,SRC_016,0,47760487e6a74740,47760487e6a74740,1,SESSION_83253,58289,864,25.32,0,0,token,none,1,OCPP2.0_fake,18,74.49,protocol_manipulation,1
2025-12-31 16:00:00,CP_001,ChangeConfiguration,SRC_008,SRC_008,0,a641a3b38dffa5c0,a641a3b38dffa5c0,1,SESSION_90524,74622,82,52879.91,1,1,password,TLS1.3,1,OCPP1.6,1368,59.28,replay_attack,1
2026-01-01 14:10:40,CP_009,RemoteStartTransaction,SRC_003,SRC_003,0,f1a92d9f72fe124f,f1a92d9f72fe124f,1,SESSION_46347,28159,966,21.8,0,1,none,TLS1.3,0,OCPP1.6,1372,11.9,identity_spoofing,1
2025-12-31 20:00:00,CP_011,ChangeConfiguration,SRC_008,SRC_008,0,f377dab2a95d7ee3,f377dab2a95d7ee3,1,SESSION_53116,58679,19,65370.15,1,1,certificate,TLS1.2,1,OCPP1.6,1217,135.98,replay_attack,1
2025-12-31 08:00:00,CP_009,UnlockConnector,SRC_001,SRC_001,0,119b86b990a08202,119b86b990a08202,1,SESSION_14253,13744,67,68182.51,1,1,certificate,TLS1.3,1,OCPP1.6,1152,45.64,replay_attack,1
2026-01-01 00:48:00,CP_015,Heartbeat,SRC_019,SRC_019,1,5ddd5e5f67de262a,5ddd5e5f67de262a,1,SESSION_58819,68825,544,18.8,0,0,password,TLS1.3,1,OCPP1.6,1073,96.65,none,0
2026-01-01 06:33:42,CP_020,RemoteStartTransaction,SRC_012,SRC_012,0,bf28725b52e287d1,dafe9d10a98c6135,0,SESSION_44221,35802,192,16.54,0,1,password,TLS1.3,1,OCPP1.6,663,187.04,message_tampering,1
2026-01-01 03:44:24,CP_011,Authorize,SRC_010,SRC_010,1,718c1ecc390679a1,718c1ecc390679a1,1,SESSION_18059,45714,980,13.06,0,0,password,TLS1.3,1,OCPP1.6,1907,130.79,none,0
2026-01-01 07:09:24,CP_005,DataTransfer,SRC_014,SRC_014,1,e3f3ee45d0182bd3,e3f3ee45d0182bd3,1,SESSION_76115,11893,638,17.04,0,0,password,TLS1.2,1,OCPP1.6,970,22.67,none,0
2026-01-01 00:28:54,CP_005,DataTransfer,SRC_009,SRC_009,1,cbc5ceafe636d52b,cbc5ceafe636d52b,1,SESSION_50751,19126,576,25.35,0,0,token,TLS1.3,1,OCPP1.6,1447,28.83,none,0
2026-01-01 07:49:09,CP_017,ChangeConfiguration,SRC_002,SRC_002,0,66f8930b11cac78f,66f8930b11cac78f,1,SESSION_24876,66817,715,9.75,0,1,none,none,0,OCPP1.6,1787,3.88,message_injection,1
2026-01-01 00:15:24,CP_005,MeterValues,SRC_013,SRC_013,1,ed74a5c96f35cb95,ed74a5c96f35cb95,1,SESSION_22045,93521,149,23.99,0,0,password,TLS1.3,1,OCPP1.6,935,45.04,none,0
2026-01-01 00:49:42,CP_016,BootNotification,SRC_005,SRC_005,1,53209d8fb18b9bd4,53209d8fb18b9bd4,1,SESSION_76046,93818,358,28.14,0,0,certificate,TLS1.3,1,OCPP1.6,372,50.42,none,0
2025-12-31 13:00:00,CP_011,RemoteStartTransaction,SRC_002,SRC_002,0,4bb35846c1da3f7a,4bb35846c1da3f7a,1,SESSION_24152,41305,97,69067.58,1,1,token,TLS1.3,1,OCPP1.6,260,11.46,replay_attack,1
2026-01-01 10:03:10,CP_014,RemoteStartTransaction,SRC_007,SRC_007,0,7e88641107f0d881,1f37e2c0039b1e7d,0,SESSION_79912,12597,722,16.74,0,1,password,TLS1.3,1,OCPP1.6,544,86.6,message_tampering,1
2026-01-01 07:00:18,CP_004,Reset,SRC_018,SRC_018,0,c8781fed7860e28b,c8781fed7860e28b,1,SESSION_38237,69020,233,18.66,0,1,invalid_cert,TLS1.2,0,OCPP1.6,414,143.45,identity_spoofing,1
2026-01-01 02:24:06,CP_005,Reset,SRC_004,SRC_004,0,bdcb40ea8cdc79e3,10ef5e3e60ca0dbb,0,SESSION_17292,92176,652,2.28,0,1,certificate,TLS1.3,1,OCPP1.6,811,197.39,message_tampering,1
2026-01-01 01:24:28,CP_013,Reset,SRC_FAKE_002,SRC_002,0,1e26b05f7bdbfb96,1e26b05f7bdbfb96,1,SESSION_86347,77473,343,27.71,0,1,none,TLS1.2,0,OCPP1.6,1623,93.49,fake_source_id,1
2026-01-01 00:32:36,CP_012,StartTransaction,SRC_005,SRC_005,1,e255e3518dab28e6,e255e3518dab28e6,1,SESSION_85149,32124,841,27.48,0,0,password,TLS1.3,1,OCPP1.6,1388,178.76,none,0
2026-01-01 03:21:04,CP_002,Heartbeat,SRC_015,SRC_015,1,62f66b1fef3d13d9,62f66b1fef3d13d9,1,SESSION_38532,26126,446,18.66,0,0,password,TLS1.3,1,OCPP1.6,1697,194.73,none,0
2026-01-01 00:28:30,CP_005,UnlockConnector,SRC_013,SRC_013,1,c468c7a72a5fe9e7,c468c7a72a5fe9e7,1,SESSION_28122,94466,567,28.55,0,1,token,TLS1.2,1,OCPP1.6,641,114.41,none,0
2026-01-01 08:17:00,CP_013,MeterValues,SRC_002,SRC_002,1,0407709fa4b7fec7,0407709fa4b7fec7,1,SESSION_17723,39053,767,4.09,0,0,token,TLS1.3,1,OCPP1.6,1564,157.64,none,0
2026-01-01 02:29:50,CP_018,Reset,SRC_011,SRC_011,0,c8046e7941176220,c8046e7941176220,1,SESSION_47285,67841,168,20.48,0,1,none,weak,0,OCPP1.6,261,3.34,message_injection,1
2026-01-01 04:49:18,CP_020,ChangeConfiguration,SRC_015,SRC_015,0,b33a5acfebca9f7f,4b3f32a9bfa0d37f,0,SESSION_33489,20104,463,19.3,0,1,certificate,TLS1.2,1,OCPP1.6,1729,51.73,message_tampering,1
2026-01-01 05:04:10,CP_011,BootNotification,SRC_016,SRC_016,1,443fff1041ea0e81,443fff1041ea0e81,1,SESSION_13651,50870,107,7.59,0,0,password,TLS1.3,1,OCPP1.6,1255,147.38,none,0
2026-01-01 08:00:50,CP_004,FirmwareStatusNotification,SRC_011,SRC_011,1,3ead6aada42a2b65,3ead6aada42a2b65,1,SESSION_31046,74214,942,15.32,0,0,certificate,TLS1.3,1,OCPP1.6,1491,76.05,none,0
2026-01-01 00:01:36,CP_011,RemoteStopTransaction,SRC_009,SRC_009,1,b24df66c7ddd7d7d,b24df66c7ddd7d7d,1,SESSION_11241,54490,345,4.88,0,1,password,TLS1.3,1,OCPP1.6,937,36.04,none,0
2026-01-01 00:57:36,CP_010,StopTransaction,SRC_007,SRC_007,1,f3b60036a965fc93,f3b60036a965fc93,1,SESSION_20412,64688,243,8.33,0,0,password,TLS1.3,1,OCPP1.6,1146,36.3,none,0
2026-01-01 09:58:54,CP_010,StopTransaction,SRC_004,SRC_004,1,46d1cb4a5548c03f,46d1cb4a5548c03f,1,SESSION_70763,43919,868,23.15,0,0,certificate,TLS1.3,1,OCPP1.6,1178,139.61,none,0
2026-01-01 01:53:36,CP_010,UnlockConnector,SRC_005,SRC_005,1,5c344076a9c551bd,5c344076a9c551bd,1,SESSION_47952,7307,533,6.78,0,1,certificate,TLS1.2,1,OCPP1.6,1272,197.69,none,0
2026-01-01 12:41:08,CP_012,UnlockConnector,SRC_006,SRC_006,0,b886118d2fbcfa10,b886118d2fbcfa10,1,SESSION_29852,50334,404,5.95,0,1,invalid_cert,TLS1.2,0,OCPP1.6,1967,35.3,identity_spoofing,1
2026-01-01 00:09:24,CP_011,ChangeConfiguration,SRC_008,SRC_008,1,66bf7f7eb769d517,66bf7f7eb769d517,1,SESSION_46221,89811,995,19.32,0,1,token,TLS1.2,1,OCPP1.6,1130,14.43,none,0
2026-01-01 01:33:36,CP_017,Reset,SRC_012,SRC_012,1,9722673f5c79f7e2,9722673f5c79f7e2,1,SESSION_68219,76963,371,12.68,0,1,certificate,TLS1.2,1,OCPP1.6,975,161.22,none,0
2026-01-01 01:25:04,CP_006,StopTransaction,SRC_015,SRC_015,1,b2aa5853f46b4e48,b2aa5853f46b4e48,1,SESSION_87720,48958,583,17.96,0,0,token,TLS1.3,1,OCPP1.6,418,36.54,none,0
2026-01-01 08:57:12,CP_007,RemoteStopTransaction,SRC_017,SRC_017,1,957f8f5f5f16eb72,957f8f5f5f16eb72,1,SESSION_62705,6982,440,15.86,0,1,password,TLS1.3,1,OCPP1.6,255,130.62,none,0
2026-01-01 00:00:25,CP_015,UnlockConnector,SRC_010,SRC_010,1,69b45ae93868c63b,69b45ae93868c63b,1,SESSION_84310,6228,458,25.28,0,1,password,TLS1.3,1,OCPP1.6,441,85.53,none,0
2026-01-01 02:20:42,CP_003,UnlockConnector,SRC_004,SRC_004,1,ee32a756e0987001,ee32a756e0987001,1,SESSION_55973,64618,956,11.56,0,1,token,TLS1.2,1,OCPP1.6,819,144.63,none,0
2026-01-01 07:52:59,CP_015,DataTransfer,SRC_020,SRC_020,1,9052af00039ddbf1,9052af00039ddbf1,1,SESSION_90332,23377,267,14.51,0,0,certificate,TLS1.3,1,OCPP1.6,1410,150.15,none,0
2026-01-01 05:32:00,CP_015,BootNotification,SRC_015,SRC_015,1,d72ce2fa9d05c8f7,d72ce2fa9d05c8f7,1,SESSION_68508,22749,962,6.79,0,0,token,TLS1.3,1,OCPP1.6,1008,106.21,none,0
2026-01-01 01:05:24,CP_006,RemoteStopTransaction,SRC_012,SRC_012,1,ab01edd02879a180,ab01edd02879a180,1,SESSION_99612,58441,262,28.43,0,1,token,TLS1.2,1,OCPP1.6,1848,65.22,none,0
2026-01-01 00:03:40,CP_002,ChangeConfiguration,SRC_007,SRC_007,1,a8f52417d5d46e93,a8f52417d5d46e93,1,SESSION_62990,63462,937,27.17,0,1,password,TLS1.2,1,OCPP1.6,1187,163.45,none,0
2026-01-01 09:11:50,CP_006,Authorize,SRC_020,SRC_020,1,b78c5ef7cd5989a6,b78c5ef7cd5989a6,1,SESSION_26036,91463,317,29.62,0,0,token,TLS1.2,1,OCPP1.6,1470,164.36,none,0
2026-01-01 07:43:24,CP_015,ChangeConfiguration,SRC_016,SRC_016,1,f1b3934bdecaacd5,f1b3934bdecaacd5,1,SESSION_49689,66720,768,17.95,0,1,password,TLS1.2,1,OCPP1.6,1141,185.04,none,0
2026-01-01 04:45:52,CP_004,StatusNotification,SRC_005,SRC_005,1,3596cf6ed292ace4,3596cf6ed292ace4,1,SESSION_80511,50367,971,22.9,0,0,password,TLS1.3,1,OCPP1.6,876,126.46,none,0
2026-01-01 04:36:32,CP_013,UnlockConnector,SRC_012,SRC_012,0,d74ecfa36c39e71e,d74ecfa36c39e71e,1,SESSION_99451,24726,665,23.05,0,1,token,broken,1,OCPP2.0_fake,26218,106.41,protocol_manipulation,1
2026-01-01 07:44:20,CP_014,UnlockConnector,SRC_012,SRC_012,0,417da2be956a22ea,2bce1c7227e58a82,0,SESSION_12643,94563,531,17.01,0,1,token,TLS1.2,1,OCPP1.6,1416,155.96,message_tampering,1
2026-01-01 00:02:42,CP_016,DataTransfer,SRC_012,SRC_012,1,9fe81ae5957f387c,9fe81ae5957f387c,1,SESSION_65044,10569,426,29.29,0,0,token,TLS1.2,1,OCPP1.6,1499,49.28,none,0
2026-01-01 02:10:01,CP_014,RemoteStopTransaction,SRC_003,SRC_003,1,5ac9e68b3b69bf51,5ac9e68b3b69bf51,1,SESSION_77910,7704,432,23.54,0,1,certificate,TLS1.2,1,OCPP1.6,160,155.98,none,0
2026-01-01 03:16:00,CP_001,ChangeConfiguration,SRC_003,SRC_003,1,f1ea1610e445bc73,f1ea1610e445bc73,1,SESSION_54432,93340,420,27.55,0,1,token,TLS1.2,1,OCPP1.6,1482,60.33,none,0
2026-01-01 05:13:30,CP_015,Reset,SRC_001,SRC_001,1,99fdbcc464870c98,99fdbcc464870c98,1,SESSION_79983,78458,968,29.05,0,1,certificate,TLS1.3,1,OCPP1.6,509,78.97,none,0
2026-01-01 10:09:42,CP_019,Reset,SRC_009,SRC_009,0,5fa0b0cca771bba4,5fa0b0cca771bba4,1,SESSION_18334,92406,690,20.33,0,1,none,weak,0,OCPP1.6,653,8.18,message_injection,1
2026-01-01 00:48:15,CP_006,RemoteStartTransaction,SRC_009,SRC_009,1,985e2bb1856d22c7,985e2bb1856d22c7,1,SESSION_29117,51833,16,9.34,0,1,certificate,TLS1.3,1,OCPP1.6,141,187.37,none,0
2026-01-01 05:15:01,CP_017,StartTransaction,SRC_010,SRC_010,1,22bacf580abd2a37,22bacf580abd2a37,1,SESSION_86196,38123,268,29.9,0,0,certificate,TLS1.3,1,OCPP1.6,1145,80.23,none,0
2026-01-01 06:32:35,CP_008,StopTransaction,SRC_017,SRC_017,1,ba13b65542bebd22,ba13b65542bebd22,1,SESSION_30225,89012,979,19.17,0,0,password,TLS1.2,1,OCPP1.6,1760,136.36,none,0
2026-01-01 00:35:20,CP_012,Heartbeat,SRC_005,SRC_005,1,8ec14ffd42a90dd1,8ec14ffd42a90dd1,1,SESSION_52317,46024,377,1.12,0,0,certificate,TLS1.3,1,OCPP1.6,1075,94.55,none,0
2026-01-01 09:05:59,CP_013,UnlockConnector,SRC_016,SRC_016,0,a1a38746c4401338,4f96713562ce1590,0,SESSION_37974,73142,394,25.12,0,1,password,TLS1.3,1,OCPP1.6,637,84.35,message_tampering,1
2026-01-01 03:01:20,CP_019,StatusNotification,SRC_015,SRC_015,1,53ae7ae6b4dd4404,53ae7ae6b4dd4404,1,SESSION_36747,26159,17,4.01,0,0,token,TLS1.2,1,OCPP1.6,1981,177.09,none,0
2025-12-31 21:00:00,CP_019,RemoteStopTransaction,SRC_018,SRC_018,0,f9f63ff1cd495b21,f9f63ff1cd495b21,1,SESSION_81640,71779,5,69256.91,1,1,password,TLS1.2,1,OCPP1.6,576,97.49,replay_attack,1
2026-01-01 06:44:55,CP_005,MeterValues,SRC_019,SRC_019,1,4e2d1aaddbc6bd91,4e2d1aaddbc6bd91,1,SESSION_22323,87439,385,25.97,0,0,token,TLS1.3,1,OCPP1.6,265,25.33,none,0
2026-01-01 12:09:52,CP_011,StopTransaction,SRC_014,SRC_014,0,ae19c6b6c454ef13,ae19c6b6c454ef13,1,SESSION_11774,46568,119,15.19,0,0,password,none,1,unknown,44848,178.78,protocol_manipulation,1
2025-12-31 10:00:00,CP_002,UnlockConnector,SRC_020,SRC_020,0,c7e7110789a87a02,c7e7110789a87a02,1,SESSION_43629,66060,9,79940.07,1,1,token,TLS1.2,1,OCPP1.6,1116,64.28,replay_attack,1
2026-01-01 00:05:09,CP_008,FirmwareStatusNotification,SRC_020,SRC_020,1,906c7002da5b9cb4,906c7002da5b9cb4,1,SESSION_11012,86990,628,13.16,0,0,password,TLS1.2,1,OCPP1.6,1036,77.01,none,0
2026-01-01 11:20:02,CP_015,ChangeConfiguration,SRC_008,SRC_008,0,962c3d2ad71df3fb,962c3d2ad71df3fb,1,SESSION_98955,53857,803,21.9,0,1,none,weak,0,OCPP1.6,522,7.33,message_injection,1
2026-01-01 03:52:12,CP_002,StatusNotification,SRC_018,SRC_018,1,0585b165a02411dc,0585b165a02411dc,1,SESSION_30067,12338,612,16.92,0,0,password,TLS1.2,1,OCPP1.6,472,40.53,none,0
2026-01-01 02:44:30,CP_008,Heartbeat,SRC_009,SRC_009,0,3bf983ebee675793,3bf983ebee675793,1,SESSION_53009,22760,257,9.7,0,0,certificate,none,1,OCPP2.0_fake,33985,71.09,protocol_manipulation,1
2026-01-01 04:00:32,CP_012,DiagnosticsStatusNotification,SRC_013,SRC_013,1,ce57bf3043ad1150,ce57bf3043ad1150,1,SESSION_28864,81402,998,7.27,0,0,token,TLS1.2,1,OCPP1.6,1609,73.33,none,0
2026-01-01 12:02:30,CP_008,Reset,SRC_002,SRC_002,0,27bd9c84065b307f,27bd9c84065b307f,1,SESSION_84983,95162,357,5.65,0,1,none,weak,0,OCPP1.6,1921,7.72,message_injection,1
2026-01-01 04:23:38,CP_012,ChangeConfiguration,SRC_FAKE_008,SRC_006,0,8384cd05ba2f2223,8384cd05ba2f2223,1,SESSION_97123,52322,579,15.89,0,1,none,TLS1.2,0,OCPP1.6,1079,54.9,fake_source_id,1
2026-01-01 07:54:40,CP_008,ChangeConfiguration,SRC_008,SRC_008,0,37e2f517803eb89f,37e2f517803eb89f,1,SESSION_74401,47339,85,28.66,0,1,none,weak,0,OCPP1.6,1287,2.31,message_injection,1
2026-01-01 04:08:01,CP_019,FirmwareStatusNotification,SRC_002,SRC_002,1,eaf93e6bcf88a57f,eaf93e6bcf88a57f,1,SESSION_30438,88048,873,4.42,0,0,token,TLS1.3,1,OCPP1.6,1752,187.99,none,0
2026-01-01 08:28:18,CP_005,UnlockConnector,SRC_003,SRC_003,0,2231a22c666158e0,2231a22c666158e0,1,SESSION_49666,78380,627,21.83,0,1,none,none,0,OCPP1.6,1216,3.76,message_injection,1
2026-01-01 05:31:23,CP_018,DiagnosticsStatusNotification,SRC_014,SRC_014,1,24f8e43c3216ca44,24f8e43c3216ca44,1,SESSION_10667,55488,620,15.78,0,0,password,TLS1.3,1,OCPP1.6,1094,82.18,none,0
2026-01-01 02:40:41,CP_018,StartTransaction,SRC_020,SRC_020,1,2e2f16c748a7852a,2e2f16c748a7852a,1,SESSION_83870,22930,686,9.28,0,0,password,TLS1.2,1,OCPP1.6,527,145.87,none,0
2026-01-01 03:05:34,CP_014,RemoteStopTransaction,SRC_009,SRC_009,1,879be4956ce6fdd4,879be4956ce6fdd4,1,SESSION_31354,37151,538,15.75,0,1,token,TLS1.2,1,OCPP1.6,542,84.11,none,0
2026-01-01 02:17:12,CP_008,RemoteStopTransaction,SRC_011,SRC_011,1,f97e6911f101dbdb,f97e6911f101dbdb,1,SESSION_67358,10717,568,1.94,0,1,certificate,TLS1.3,1,OCPP1.6,1237,66.62,none,0
2026-01-01 00:50:03,CP_001,Authorize,SRC_004,SRC_004,1,e83c5b8038534dc3,e83c5b8038534dc3,1,SESSION_61083,6339,668,15.23,0,0,token,TLS1.2,1,OCPP1.6,192,194.37,none,0
2026-01-01 03:15:00,CP_015,DiagnosticsStatusNotification,SRC_020,SRC_020,1,a0fbb239e800a6a4,a0fbb239e800a6a4,1,SESSION_19300,21614,485,26.97,0,0,password,TLS1.3,1,OCPP1.6,751,73.33,none,0
2026-01-01 06:14:24,CP_012,Reset,SRC_016,SRC_016,0,ab956fbc184d7bc6,ab956fbc184d7bc6,1,SESSION_24025,45884,519,22.39,0,1,expired_token,TLS1.2,0,OCPP1.6,419,92.1,identity_spoofing,1
2026-01-01 01:34:55,CP_007,Reset,SRC_014,SRC_014,1,9e53ec1f8036cd34,9e53ec1f8036cd34,1,SESSION_54534,24861,515,19.42,0,1,token,TLS1.3,1,OCPP1.6,961,22.67,none,0
2026-01-01 03:39:00,CP_012,UnlockConnector,SRC_003,SRC_003,0,b1e96e18530f7282,b1e96e18530f7282,1,SESSION_70542,50946,593,27.35,0,1,none,weak,0,OCPP1.6,1061,3.78,message_injection,1
2026-01-01 01:59:10,CP_004,Heartbeat,SRC_003,SRC_003,1,84f4d7454478fcf1,84f4d7454478fcf1,1,SESSION_45293,23396,920,3.18,0,0,certificate,TLS1.2,1,OCPP1.6,326,118.62,none,0
2026-01-01 02:11:00,CP_013,RemoteStopTransaction,SRC_015,SRC_015,1,c771c440c5106d50,c771c440c5106d50,1,SESSION_18177,81377,858,4.8,0,1,token,TLS1.2,1,OCPP1.6,1187,125.12,none,0
2026-01-01 00:40:32,CP_010,Heartbeat,SRC_014,SRC_014,1,278ce1257c1f89f0,278ce1257c1f89f0,1,SESSION_21525,88663,990,11.37,0,0,password,TLS1.2,1,OCPP1.6,1600,98.36,none,0
2025-12-31 06:00:00,CP_001,RemoteStartTransaction,SRC_016,SRC_016,0,a19b7ffb2c0cb153,a19b7ffb2c0cb153,1,SESSION_28543,92361,90,59302.2,1,1,token,TLS1.3,1,OCPP1.6,1875,63.93,replay_attack,1
2026-01-01 05:16:03,CP_016,Reset,SRC_001,SRC_001,0,db9ad2cf6de50f72,db9ad2cf6de50f72,1,SESSION_99973,24799,965,21.33,0,1,none,TLS1.3,0,OCPP1.6,617,126.75,identity_spoofing,1
2026-01-01 01:32:08,CP_004,BootNotification,SRC_004,SRC_004,1,9eaa78d6283ccf2f,9eaa78d6283ccf2f,1,SESSION_33160,72459,498,19.42,0,0,password,TLS1.3,1,OCPP1.6,413,62.59,none,0
2026-01-01 02:42:45,CP_017,ChangeConfiguration,SRC_016,SRC_016,1,8798ba9d1519d452,8798ba9d1519d452,1,SESSION_56087,54664,165,12.5,0,1,certificate,TLS1.3,1,OCPP1.6,1771,128.12,none,0
2026-01-01 00:14:42,CP_014,Reset,SRC_006,SRC_006,0,02d68f46920fcec3,02d68f46920fcec3,1,SESSION_85030,7571,865,3.52,0,1,none,weak,0,OCPP1.6,1262,5.79,message_injection,1
2026-01-01 03:22:48,CP_005,FirmwareStatusNotification,SRC_006,SRC_006,1,936e729826e8f405,936e729826e8f405,1,SESSION_90725,17630,665,4.53,0,0,certificate,TLS1.3,1,OCPP1.6,1281,66.44,none,0
2026-01-01 02:42:14,CP_006,StopTransaction,SRC_001,SRC_001,1,b1b5a62e9a2270f8,b1b5a62e9a2270f8,1,SESSION_13436,68644,141,20.2,0,0,token,TLS1.2,1,OCPP1.6,1821,72.67,none,0
2026-01-01 01:36:20,CP_020,MeterValues,SRC_016,SRC_016,1,f2347f76223201dc,f2347f76223201dc,1,SESSION_27674,17470,8,9.95,0,0,token,TLS1.2,1,OCPP1.6,1507,36.83,none,0
2026-01-01 02:52:40,CP_001,StopTransaction,SRC_007,SRC_007,1,174e365af14a8542,174e365af14a8542,1,SESSION_48059,52214,71,6.73,0,0,password,TLS1.2,1,OCPP1.6,810,139.71,none,0
2026-01-01 06:27:55,CP_019,Heartbeat,SRC_006,SRC_006,1,88f8518831e49815,88f8518831e49815,1,SESSION_42071,54220,611,2.2,0,0,certificate,TLS1.3,1,OCPP1.6,1602,144.02,none,0
2026-01-01 10:40:30,CP_017,ChangeConfiguration,SRC_011,SRC_011,0,34b937bb200715ec,34b937bb200715ec,1,SESSION_60997,98147,592,12.94,0,1,expired_token,TLS1.2,0,OCPP1.6,980,138.35,identity_spoofing,1
2026-01-01 00:45:52,CP_010,StopTransaction,SRC_020,SRC_020,1,705e70705ead70c3,705e70705ead70c3,1,SESSION_20734,24817,163,26.07,0,0,certificate,TLS1.3,1,OCPP1.6,1363,188.7,none,0
2026-01-01 01:52:29,CP_016,FirmwareStatusNotification,SRC_020,SRC_020,1,a1cd3709fbb8fdcc,a1cd3709fbb8fdcc,1,SESSION_71042,32781,258,4.17,0,0,certificate,TLS1.3,1,OCPP1.6,493,184.25,none,0
2026-01-01 05:25:00,CP_010,StopTransaction,SRC_006,SRC_006,1,464a44344016d2c3,464a44344016d2c3,1,SESSION_33923,26311,107,29.04,0,0,password,TLS1.3,1,OCPP1.6,557,138.89,none,0
2026-01-01 14:11:24,CP_012,RemoteStartTransaction,SRC_005,SRC_005,0,9bdfbc677b3049d0,9bdfbc677b3049d0,1,SESSION_95851,84766,560,22.33,0,1,invalid_cert,TLS1.3,0,OCPP1.6,1252,131.4,identity_spoofing,1
2026-01-01 01:51:27,CP_001,RemoteStopTransaction,SRC_FAKE_006,SRC_020,0,f5b2aec9b4652aeb,f5b2aec9b4652aeb,1,SESSION_81298,84405,701,15.71,0,1,none,TLS1.2,0,OCPP1.6,306,133.76,fake_source_id,1
2026-01-01 03:15:24,CP_010,StopTransaction,SRC_017,SRC_017,0,d5f6faba9433a7af,d5f6faba9433a7af,1,SESSION_84820,12555,171,25.06,0,0,token,broken,1,OCPP1.5,49163,182.73,protocol_manipulation,1
2026-01-01 05:32:30,CP_012,FirmwareStatusNotification,SRC_009,SRC_009,0,840f6a8e41777a7a,840f6a8e41777a7a,1,SESSION_96254,86358,725,7.01,0,0,certificate,broken,1,unknown,25962,107.78,protocol_manipulation,1
2026-01-01 07:24:36,CP_019,FirmwareStatusNotification,SRC_018,SRC_018,1,edc443ff5f43ccc6,edc443ff5f43ccc6,1,SESSION_14202,68753,66,6.43,0,0,token,TLS1.3,1,OCPP1.6,1896,54.01,none,0
2026-01-01 04:16:03,CP_018,DataTransfer,SRC_019,SRC_019,1,05cbcb7dec2814fc,05cbcb7dec2814fc,1,SESSION_49466,95524,697,26.28,0,0,password,TLS1.2,1,OCPP1.6,972,27.26,none,0
2026-01-01 00:25:44,CP_004,UnlockConnector,SRC_001,SRC_001,0,9e44fd4f95c5321e,f775665954e98298,0,SESSION_82175,87627,714,27.62,0,1,certificate,TLS1.3,1,OCPP1.6,1282,184.87,message_tampering,1
2026-01-01 13:02:33,CP_005,Reset,SRC_008,SRC_008,0,28d80cdcd76ba301,28d80cdcd76ba301,1,SESSION_71275,12328,559,11.34,0,1,certificate,none,1,OCPP1.5,16,90.61,protocol_manipulation,1
2026-01-01 02:24:00,CP_018,BootNotification,SRC_001,SRC_001,1,7265a9f60b413832,7265a9f60b413832,1,SESSION_77166,42535,796,7.09,0,0,password,TLS1.2,1,OCPP1.6,461,31.69,none,0
2026-01-01 01:00:54,CP_006,RemoteStartTransaction,SRC_006,SRC_006,1,d6b450185b3ad584,d6b450185b3ad584,1,SESSION_64109,6060,298,15.78,0,1,certificate,TLS1.2,1,OCPP1.6,646,120.73,none,0
2026-01-01 07:18:21,CP_019,ChangeConfiguration,SRC_018,SRC_018,0,1b4ff8be94f4961c,9cc48fd3c86eb34b,0,SESSION_31769,3344,683,7.65,0,1,certificate,TLS1.3,1,OCPP1.6,1909,35.27,message_tampering,1
2026-01-01 05:43:00,CP_004,RemoteStopTransaction,SRC_005,SRC_005,0,3906703a06e4f303,3906703a06e4f303,1,SESSION_20003,90695,354,1.82,0,1,password,broken,1,OCPP1.5,36,184.79,protocol_manipulation,1
2026-01-01 01:24:56,CP_020,FirmwareStatusNotification,SRC_018,SRC_018,1,4e15462e65db84ef,4e15462e65db84ef,1,SESSION_22620,43214,845,24.63,0,0,token,TLS1.3,1,OCPP1.6,293,172.85,none,0
2026-01-01 06:06:28,CP_007,ChangeConfiguration,SRC_005,SRC_005,0,cc9eead49c207943,cc9eead49c207943,1,SESSION_18885,76918,782,25.51,0,1,password,none,1,OCPP1.5,29,88.28,protocol_manipulation,1
2026-01-01 03:49:15,CP_010,ChangeConfiguration,SRC_015,SRC_015,1,eb8734ee8844f4bf,eb8734ee8844f4bf,1,SESSION_82477,95596,47,8.93,0,1,token,TLS1.3,1,OCPP1.6,1021,27.44,none,0
2026-01-01 00:40:44,CP_016,StopTransaction,SRC_013,SRC_013,1,dee18a51315775c9,dee18a51315775c9,1,SESSION_51021,71934,310,15.15,0,0,password,TLS1.3,1,OCPP1.6,746,45.08,none,0
2026-01-01 00:44:06,CP_019,DiagnosticsStatusNotification,SRC_019,SRC_019,1,db7a47f333b1795a,db7a47f333b1795a,1,SESSION_12583,14467,453,27.65,0,0,token,TLS1.3,1,OCPP1.6,806,197.7,none,0
2026-01-01 05:12:40,CP_010,RemoteStopTransaction,SRC_007,SRC_007,0,502398cd0e832386,502398cd0e832386,1,SESSION_39595,39978,919,11.69,0,1,none,TLS1.3,0,OCPP1.6,943,133.08,identity_spoofing,1
2026-01-01 03:53:55,CP_008,RemoteStartTransaction,SRC_006,SRC_006,1,cbecbfe84f4f72f0,cbecbfe84f4f72f0,1,SESSION_31261,93130,196,21.43,0,1,token,TLS1.3,1,OCPP1.6,1616,194.68,none,0
2026-01-01 04:52:23,CP_008,RemoteStartTransaction,SRC_020,SRC_020,1,44835493b42284c8,44835493b42284c8,1,SESSION_41196,83591,348,22.29,0,1,password,TLS1.2,1,OCPP1.6,1533,85.52,none,0
2026-01-01 02:39:08,CP_012,Heartbeat,SRC_008,SRC_008,1,f61487ea28790fbe,f61487ea28790fbe,1,SESSION_35062,12977,26,27.96,0,0,password,TLS1.3,1,OCPP1.6,1835,76.6,none,0
2026-01-01 01:14:12,CP_011,StartTransaction,SRC_012,SRC_012,1,a8766cd6c82fa607,a8766cd6c82fa607,1,SESSION_32013,42869,704,20.22,0,0,token,TLS1.2,1,OCPP1.6,1237,33.05,none,0
2026-01-01 07:46:24,CP_016,StartTransaction,SRC_006,SRC_006,1,409e8d828be1afb0,409e8d828be1afb0,1,SESSION_42868,43307,150,20.15,0,0,certificate,TLS1.2,1,OCPP1.6,1060,43.37,none,0
2026-01-01 00:25:12,CP_012,RemoteStopTransaction,SRC_020,SRC_020,0,5d06a8f9a080fe99,a9891ca2f8dbe887,0,SESSION_96763,18001,687,12.72,0,1,certificate,TLS1.3,1,OCPP1.6,1294,147.24,message_tampering,1
2026-01-01 00:30:24,CP_014,MeterValues,SRC_018,SRC_018,1,b104e518ed23649e,b104e518ed23649e,1,SESSION_15395,4689,86,24.14,0,0,certificate,TLS1.2,1,OCPP1.6,1723,129.64,none,0
2026-01-01 02:17:25,CP_013,Authorize,SRC_017,SRC_017,1,1d45f91bab91a546,1d45f91bab91a546,1,SESSION_91700,3881,558,2.44,0,0,certificate,TLS1.3,1,OCPP1.6,253,39.64,none,0
2026-01-01 02:05:18,CP_011,RemoteStartTransaction,SRC_012,SRC_012,1,3ad9c7c39746a0ad,3ad9c7c39746a0ad,1,SESSION_11736,82444,937,1.4,0,1,certificate,TLS1.3,1,OCPP1.6,490,12.98,none,0
2026-01-01 06:11:35,CP_018,StartTransaction,SRC_002,SRC_002,1,6f9d6ef43b053073,6f9d6ef43b053073,1,SESSION_12618,34719,224,10.94,0,0,token,TLS1.3,1,OCPP1.6,675,69.83,none,0
2026-01-01 01:14:15,CP_011,RemoteStopTransaction,SRC_001,SRC_001,1,2f5915ac85e246ee,2f5915ac85e246ee,1,SESSION_17308,92735,387,18.86,0,1,certificate,TLS1.3,1,OCPP1.6,254,145.24,none,0
2026-01-01 04:08:24,CP_005,StatusNotification,SRC_013,SRC_013,1,9d11ebf95f90579b,9d11ebf95f90579b,1,SESSION_80991,49707,955,9.74,0,0,password,TLS1.2,1,OCPP1.6,1125,113.57,none,0
2026-01-01 03:06:45,CP_002,Authorize,SRC_002,SRC_002,1,3bdac2d54d55592f,3bdac2d54d55592f,1,SESSION_23172,69538,237,19.92,0,0,password,TLS1.2,1,OCPP1.6,1664,156.28,none,0
2026-01-01 01:42:30,CP_011,Authorize,SRC_006,SRC_006,1,ea9a98dbdce6d82c,ea9a98dbdce6d82c,1,SESSION_69696,63004,932,2.82,0,0,token,TLS1.2,1,OCPP1.6,1435,145.02,none,0
2026-01-01 00:06:30,CP_013,BootNotification,SRC_006,SRC_006,1,34dd53971852e181,34dd53971852e181,1,SESSION_20308,49071,893,15.63,0,0,password,TLS1.3,1,OCPP1.6,1758,151.18,none,0
2026-01-01 03:10:30,CP_008,StatusNotification,SRC_019,SRC_019,1,5c05365ef6619204,5c05365ef6619204,1,SESSION_85203,33672,8,23.31,0,0,password,TLS1.2,1,OCPP1.6,1326,49.08,none,0
2026-01-01 01:08:50,CP_014,UnlockConnector,SRC_015,SRC_015,1,9cbd46fb33e604b0,9cbd46fb33e604b0,1,SESSION_59844,46705,519,29.62,0,1,token,TLS1.3,1,OCPP1.6,1346,40.29,none,0
2026-01-01 01:17:22,CP_016,StartTransaction,SRC_012,SRC_012,1,50d1d2e6af73b99e,50d1d2e6af73b99e,1,SESSION_57607,39019,636,18.7,0,0,token,TLS1.2,1,OCPP1.6,1452,170.03,none,0
2026-01-01 11:03:23,CP_008,RemoteStopTransaction,SRC_016,SRC_016,0,1eaa6eaa11f41ce5,5044a5c561674bc8,0,SESSION_21155,35762,94,2.28,0,1,token,TLS1.2,1,OCPP1.6,590,76.65,message_tampering,1
2026-01-01 00:20:24,CP_002,DataTransfer,SRC_020,SRC_020,1,5046db9aa7d83c28,5046db9aa7d83c28,1,SESSION_38241,96971,469,20.82,0,0,token,TLS1.2,1,OCPP1.6,204,21.89,none,0
2026-01-01 03:19:16,CP_016,StatusNotification,SRC_014,SRC_014,1,71dac4c776ea1220,71dac4c776ea1220,1,SESSION_84906,70922,741,25.38,0,0,password,TLS1.2,1,OCPP1.6,1687,96.37,none,0
2026-01-01 08:48:20,CP_014,Heartbeat,SRC_003,SRC_003,1,1fc24df0f919630b,1fc24df0f919630b,1,SESSION_42938,54609,221,3.31,0,0,password,TLS1.2,1,OCPP1.6,103,52.03,none,0
2026-01-01 10:39:20,CP_006,MeterValues,SRC_003,SRC_003,1,21d674ba60e97fea,21d674ba60e97fea,1,SESSION_23934,76929,289,17.04,0,0,password,TLS1.2,1,OCPP1.6,1549,18.45,none,0
2026-01-01 00:40:05,CP_015,StatusNotification,SRC_016,SRC_016,1,d60d61aaa1ca6242,d60d61aaa1ca6242,1,SESSION_27462,54619,708,12.4,0,0,certificate,TLS1.2,1,OCPP1.6,617,152.99,none,0
2026-01-01 04:16:00,CP_005,Reset,SRC_019,SRC_019,1,94c5c30f345cefcf,94c5c30f345cefcf,1,SESSION_62895,82090,574,27.58,0,1,certificate,TLS1.3,1,OCPP1.6,266,19.53,none,0
2026-01-01 09:08:28,CP_003,ChangeConfiguration,SRC_005,SRC_005,0,8bdaa579dcb9d583,8bdaa579dcb9d583,1,SESSION_26992,83391,978,29.79,0,1,none,weak,0,OCPP1.6,687,5.02,message_injection,1
2026-01-01 01:12:30,CP_007,Heartbeat,SRC_006,SRC_006,1,ed0104942a6979ae,ed0104942a6979ae,1,SESSION_75444,8669,218,23.04,0,0,password,TLS1.3,1,OCPP1.6,382,29.94,none,0
2026-01-01 09:09:00,CP_008,MeterValues,SRC_009,SRC_009,1,01469b45c7147580,01469b45c7147580,1,SESSION_76127,24896,498,24.59,0,0,certificate,TLS1.2,1,OCPP1.6,1133,128.75,none,0
2026-01-01 03:31:12,CP_012,UnlockConnector,SRC_014,SRC_014,1,f3646f2cb5c01c08,f3646f2cb5c01c08,1,SESSION_12318,30373,167,14.71,0,1,token,TLS1.3,1,OCPP1.6,771,149.69,none,0
2026-01-01 02:11:42,CP_007,ChangeConfiguration,SRC_014,SRC_014,0,e0ad2321f054a9ab,e0ad2321f054a9ab,1,SESSION_14081,50039,526,7.51,0,1,none,none,0,OCPP1.6,1577,3.52,message_injection,1
2026-01-01 01:36:54,CP_012,Authorize,SRC_007,SRC_007,1,6b15e3bf69a67ca3,6b15e3bf69a67ca3,1,SESSION_83438,29500,359,24.37,0,0,password,TLS1.2,1,OCPP1.6,365,106.08,none,0
2026-01-01 00:27:55,CP_019,FirmwareStatusNotification,SRC_017,SRC_017,1,5538747afaca53f5,5538747afaca53f5,1,SESSION_27147,20843,740,3.41,0,0,token,TLS1.2,1,OCPP1.6,231,148.65,none,0
2026-01-01 04:23:24,CP_010,Reset,SRC_011,SRC_011,1,c5f5e3358b391575,c5f5e3358b391575,1,SESSION_98100,61552,616,15.68,0,1,certificate,TLS1.3,1,OCPP1.6,841,174.07,none,0
2026-01-01 11:19:55,CP_013,FirmwareStatusNotification,SRC_015,SRC_015,0,1f570f8115d416d4,1f570f8115d416d4,1,SESSION_21386,52771,998,8.22,0,0,certificate,none,1,OCPP2.0_fake,47563,115.36,protocol_manipulation,1
2026-01-01 04:33:54,CP_001,RemoteStartTransaction,SRC_FAKE_002,SRC_002,0,4e210cff33083721,4e210cff33083721,1,SESSION_86761,93804,759,18.69,0,1,none,TLS1.2,0,OCPP1.6,1437,33.89,fake_source_id,1
2026-01-01 01:35:50,CP_011,Heartbeat,SRC_014,SRC_014,1,ef8bc68e43819f27,ef8bc68e43819f27,1,SESSION_46739,47854,199,3.99,0,0,certificate,TLS1.2,1,OCPP1.6,554,145.47,none,0
2026-01-01 00:12:47,CP_018,UnlockConnector,SRC_015,SRC_015,0,04aa51247e5b7077,1e39479904335a21,0,SESSION_87463,49595,668,17.04,0,1,password,TLS1.3,1,OCPP1.6,100,153.75,message_tampering,1
2026-01-01 02:43:10,CP_004,Heartbeat,SRC_015,SRC_015,0,e1466b4d4a80b228,e1466b4d4a80b228,1,SESSION_26942,57361,136,10.48,0,0,token,none,1,OCPP2.0_fake,31,96.11,protocol_manipulation,1
2026-01-01 01:35:00,CP_015,BootNotification,SRC_018,SRC_018,1,4e85800ddcdcfccb,4e85800ddcdcfccb,1,SESSION_54769,53325,664,1.59,0,0,password,TLS1.2,1,OCPP1.6,1969,54.08,none,0
2026-01-01 04:08:47,CP_001,StatusNotification,SRC_020,SRC_020,1,34dcb716d97f2aa3,34dcb716d97f2aa3,1,SESSION_33654,18654,261,16.87,0,0,token,TLS1.3,1,OCPP1.6,261,100.24,none,0
2026-01-01 05:43:12,CP_004,StopTransaction,SRC_007,SRC_007,1,f2612d3c149a5180,f2612d3c149a5180,1,SESSION_42397,26249,851,12.03,0,0,password,TLS1.2,1,OCPP1.6,400,161.33,none,0
2026-01-01 02:57:18,CP_010,Authorize,SRC_005,SRC_005,1,e616daca88c06e33,e616daca88c06e33,1,SESSION_80492,65691,507,9.09,0,0,password,TLS1.3,1,OCPP1.6,1637,106.31,none,0
2026-01-01 00:12:34,CP_016,MeterValues,SRC_008,SRC_008,1,222ccd62843522eb,222ccd62843522eb,1,SESSION_60196,6852,234,14.7,0,0,token,TLS1.3,1,OCPP1.6,1370,82.45,none,0
2026-01-01 08:51:51,CP_008,UnlockConnector,SRC_019,SRC_019,0,f4801b7e36411876,f4801b7e36411876,1,SESSION_30104,96822,801,1.9,0,1,password,none,1,OCPP2.0_fake,45,106.65,protocol_manipulation,1
2026-01-01 09:24:56,CP_016,ChangeConfiguration,SRC_018,SRC_018,0,a65d4cc2f9d564f0,a65d4cc2f9d564f0,1,SESSION_14554,65109,861,2.04,0,1,none,weak,0,OCPP1.6,1805,9.74,message_injection,1
2026-01-01 06:01:15,CP_007,UnlockConnector,SRC_010,SRC_010,1,20804f28e763c6df,20804f28e763c6df,1,SESSION_40582,86174,964,25.13,0,1,token,TLS1.2,1,OCPP1.6,186,108.28,none,0
2026-01-01 02:46:36,CP_015,RemoteStopTransaction,SRC_FAKE_002,SRC_010,0,bb7830637bf37d83,bb7830637bf37d83,1,SESSION_50109,70084,182,28.53,0,1,none,TLS1.3,0,OCPP1.6,777,99.92,fake_source_id,1
2026-01-01 02:44:16,CP_004,UnlockConnector,SRC_005,SRC_005,1,ed433d9c007c5365,ed433d9c007c5365,1,SESSION_45007,56097,3,8.56,0,1,certificate,TLS1.3,1,OCPP1.6,527,149.47,none,0
2026-01-01 01:17:25,CP_019,RemoteStopTransaction,SRC_013,SRC_013,0,647cc47b83b031ed,647cc47b83b031ed,1,SESSION_41024,44249,215,17.6,0,1,expired_token,TLS1.2,0,OCPP1.6,1758,38.12,identity_spoofing,1
2026-01-01 01:36:15,CP_019,Reset,SRC_007,SRC_007,1,2711e55d5bbfe7a5,2711e55d5bbfe7a5,1,SESSION_58915,53010,867,27.68,0,1,token,TLS1.2,1,OCPP1.6,1426,89.35,none,0
2026-01-01 00:48:10,CP_016,FirmwareStatusNotification,SRC_008,SRC_008,1,9e05d63f4bfa904b,9e05d63f4bfa904b,1,SESSION_82433,15671,422,15.41,0,0,certificate,TLS1.3,1,OCPP1.6,899,159.98,none,0
2026-01-01 00:16:30,CP_008,StartTransaction,SRC_003,SRC_003,1,502b2ca3ac49d5b8,502b2ca3ac49d5b8,1,SESSION_64422,51198,485,8.89,0,0,certificate,TLS1.2,1,OCPP1.6,1358,153.5,none,0
2026-01-01 06:22:20,CP_002,RemoteStopTransaction,SRC_FAKE_006,SRC_009,0,cdcc6c672d70bf53,cdcc6c672d70bf53,1,SESSION_60132,33869,429,6.29,0,1,none,TLS1.3,0,OCPP1.6,1323,74.06,fake_source_id,1
2026-01-01 00:37:30,CP_006,StatusNotification,SRC_014,SRC_014,1,2da0db4814559bd1,2da0db4814559bd1,1,SESSION_79070,46520,450,11.49,0,0,password,TLS1.2,1,OCPP1.6,1059,40.87,none,0
2026-01-01 09:55:30,CP_006,ChangeConfiguration,SRC_013,SRC_013,0,dbcc4ea3c0dcfd25,92ea1c186c8b4bdc,0,SESSION_42895,16548,195,10.39,0,1,token,TLS1.2,1,OCPP1.6,1196,91.27,message_tampering,1
2026-01-01 01:52:42,CP_019,BootNotification,SRC_009,SRC_009,1,d33680d61be7160b,d33680d61be7160b,1,SESSION_80601,50719,373,8.49,0,0,password,TLS1.2,1,OCPP1.6,543,174.67,none,0
2026-01-01 00:14:30,CP_014,UnlockConnector,SRC_020,SRC_020,1,3fac5675d36d538e,3fac5675d36d538e,1,SESSION_83325,19149,507,24.89,0,1,token,TLS1.2,1,OCPP1.6,868,111.71,none,0
2026-01-01 00:48:27,CP_012,MeterValues,SRC_006,SRC_006,1,9317a574aba75045,9317a574aba75045,1,SESSION_95754,70261,99,19.7,0,0,password,TLS1.3,1,OCPP1.6,1611,62.5,none,0
2026-01-01 01:49:30,CP_013,RemoteStopTransaction,SRC_004,SRC_004,1,73160c1f20ea27a4,73160c1f20ea27a4,1,SESSION_86819,25281,86,28.24,0,1,certificate,TLS1.3,1,OCPP1.6,438,38.46,none,0
2026-01-01 02:46:08,CP_012,RemoteStopTransaction,SRC_020,SRC_020,1,e96a41853cc59cb2,e96a41853cc59cb2,1,SESSION_60440,90655,261,9.24,0,1,token,TLS1.2,1,OCPP1.6,1779,33.72,none,0
2026-01-01 00:10:19,CP_015,Authorize,SRC_004,SRC_004,1,ab6b9ddd665296a0,ab6b9ddd665296a0,1,SESSION_23308,65524,803,13.43,0,0,token,TLS1.2,1,OCPP1.6,888,62.59,none,0
2026-01-01 02:24:08,CP_002,Authorize,SRC_007,SRC_007,1,cce75544eac4a85e,cce75544eac4a85e,1,SESSION_54331,52726,837,20.23,0,0,token,TLS1.2,1,OCPP1.6,850,75.82,none,0
2026-01-01 00:26:36,CP_014,ChangeConfiguration,SRC_013,SRC_013,0,a2bc94eebc199c19,e41fe1c9250b96e6,0,SESSION_27453,48612,332,18.62,0,1,certificate,TLS1.3,1,OCPP1.6,1817,137.47,message_tampering,1
2026-01-01 03:18:00,CP_014,ChangeConfiguration,SRC_005,SRC_005,1,30c6a90c30b56f40,30c6a90c30b56f40,1,SESSION_63586,80362,895,29.79,0,1,token,TLS1.2,1,OCPP1.6,891,140.75,none,0
2026-01-01 03:29:42,CP_013,DiagnosticsStatusNotification,SRC_020,SRC_020,1,a089db82e8b8aa9e,a089db82e8b8aa9e,1,SESSION_42062,75635,493,27.85,0,0,certificate,TLS1.3,1,OCPP1.6,521,127.06,none,0
2026-01-01 09:48:20,CP_018,Reset,SRC_FAKE_008,SRC_003,0,0de24b8b86e69eb6,0de24b8b86e69eb6,1,SESSION_63355,76466,851,23.18,0,1,none,TLS1.3,0,OCPP1.6,725,46.52,fake_source_id,1
2026-01-01 04:12:55,CP_002,ChangeConfiguration,SRC_014,SRC_014,1,dd689e2216688ae5,dd689e2216688ae5,1,SESSION_64381,44665,374,28.0,0,1,token,TLS1.2,1,OCPP1.6,1546,84.39,none,0
2026-01-01 01:46:40,CP_016,Authorize,SRC_010,SRC_010,1,9d7dca0a4e5a0439,9d7dca0a4e5a0439,1,SESSION_48500,58304,74,14.82,0,0,password,TLS1.3,1,OCPP1.6,124,49.77,none,0
2026-01-01 00:27:23,CP_010,Heartbeat,SRC_011,SRC_011,1,224d394deca5bf1a,224d394deca5bf1a,1,SESSION_16306,31974,597,12.79,0,0,token,TLS1.2,1,OCPP1.6,788,31.93,none,0
2026-01-01 01:49:40,CP_017,UnlockConnector,SRC_020,SRC_020,0,94d853d4ffd5f8a4,94d853d4ffd5f8a4,1,SESSION_51235,85788,598,13.85,0,1,expired_token,TLS1.3,0,OCPP1.6,1904,199.93,identity_spoofing,1
2026-01-01 01:14:06,CP_005,MeterValues,SRC_013,SRC_013,1,0ff56b0c35f22224,0ff56b0c35f22224,1,SESSION_92926,16635,417,1.87,0,0,token,TLS1.2,1,OCPP1.6,372,161.77,none,0
2026-01-01 05:57:30,CP_002,RemoteStopTransaction,SRC_FAKE_003,SRC_019,0,8ea66dc7cc188922,8ea66dc7cc188922,1,SESSION_18113,16236,324,11.13,0,1,none,TLS1.2,0,OCPP1.6,387,80.41,fake_source_id,1
2026-01-01 01:52:06,CP_019,FirmwareStatusNotification,SRC_014,SRC_014,1,516cfd95d620f683,516cfd95d620f683,1,SESSION_87207,19982,909,23.82,0,0,certificate,TLS1.3,1,OCPP1.6,814,106.05,none,0
2026-01-01 07:52:28,CP_004,RemoteStartTransaction,SRC_FAKE_003,SRC_011,0,75f257e4e0d4bbcb,75f257e4e0d4bbcb,1,SESSION_88950,12141,602,21.78,0,1,none,TLS1.2,0,OCPP1.6,241,31.95,fake_source_id,1
2026-01-01 00:23:00,CP_020,StatusNotification,SRC_015,SRC_015,1,d5e8a7b38ca1c72c,d5e8a7b38ca1c72c,1,SESSION_88024,18680,282,21.7,0,0,certificate,TLS1.3,1,OCPP1.6,776,123.39,none,0
2026-01-01 09:28:52,CP_014,RemoteStartTransaction,SRC_FAKE_008,SRC_001,0,3fa652a4ede3e3b1,3fa652a4ede3e3b1,1,SESSION_75890,81842,604,26.93,0,1,none,TLS1.3,0,OCPP1.6,520,61.86,fake_source_id,1
2026-01-01 06:38:56,CP_017,RemoteStartTransaction,SRC_FAKE_008,SRC_014,0,46bab52f73e797e0,46bab52f73e797e0,1,SESSION_34899,42976,445,28.61,0,1,none,TLS1.2,0,OCPP1.6,1410,58.59,fake_source_id,1
2026-01-01 06:28:00,CP_020,StatusNotification,SRC_004,SRC_004,1,eeac3c412367ea70,eeac3c412367ea70,1,SESSION_71919,86145,122,11.09,0,0,token,TLS1.3,1,OCPP1.6,799,32.57,none,0
2026-01-01 10:40:28,CP_010,Reset,SRC_FAKE_001,SRC_007,0,8cce2fa6100aa361,8cce2fa6100aa361,1,SESSION_25126,26233,312,21.48,0,1,none,TLS1.2,0,OCPP1.6,793,175.18,fake_source_id,1
2026-01-01 05:10:00,CP_011,RemoteStartTransaction,SRC_017,SRC_017,0,f1e5c10261532e9a,7990d5025dd7be00,0,SESSION_61369,19335,810,18.75,0,1,certificate,TLS1.2,1,OCPP1.6,989,21.43,message_tampering,1
2026-01-01 05:04:38,CP_020,ChangeConfiguration,SRC_FAKE_004,SRC_019,0,780034855a47663b,780034855a47663b,1,SESSION_40826,75976,867,26.66,0,1,none,TLS1.2,0,OCPP1.6,1759,170.96,fake_source_id,1
2026-01-01 04:15:30,CP_020,StartTransaction,SRC_004,SRC_004,1,7094187a4e48da31,7094187a4e48da31,1,SESSION_10783,80518,50,1.4,0,0,password,TLS1.3,1,OCPP1.6,282,81.93,none,0
2026-01-01 05:58:46,CP_019,StatusNotification,SRC_007,SRC_007,1,47a12bd1f90800d2,47a12bd1f90800d2,1,SESSION_53057,27467,827,11.42,0,0,password,TLS1.3,1,OCPP1.6,281,103.29,none,0
2026-01-01 08:32:40,CP_016,UnlockConnector,SRC_009,SRC_009,0,c575722a6201360b,dc556a952dd73173,0,SESSION_31685,28957,486,11.68,0,1,password,TLS1.2,1,OCPP1.6,1617,119.52,message_tampering,1
2026-01-01 01:54:48,CP_019,ChangeConfiguration,SRC_002,SRC_002,0,f04da87c0ef4796d,f04da87c0ef4796d,1,SESSION_66077,28070,807,5.27,0,1,none,none,0,OCPP1.6,1268,3.29,message_injection,1
2026-01-01 01:13:02,CP_014,DataTransfer,SRC_014,SRC_014,1,eef49dbbd50df141,eef49dbbd50df141,1,SESSION_44660,83447,1000,26.62,0,0,password,TLS1.2,1,OCPP1.6,830,46.49,none,0
2026-01-01 00:35:07,CP_010,Authorize,SRC_020,SRC_020,1,57c576b7de083cfb,57c576b7de083cfb,1,SESSION_19755,27542,506,13.69,0,0,password,TLS1.2,1,OCPP1.6,1220,48.72,none,0
2025-12-31 20:00:00,CP_010,Reset,SRC_013,SRC_013,0,6d664137dc2ce023,6d664137dc2ce023,1,SESSION_20971,85802,79,83685.26,1,1,certificate,TLS1.2,1,OCPP1.6,1051,139.37,replay_attack,1
2026-01-01 03:32:40,CP_011,BootNotification,SRC_004,SRC_004,1,3fdca43f27ddab52,3fdca43f27ddab52,1,SESSION_84242,55591,519,27.34,0,0,token,TLS1.3,1,OCPP1.6,1965,197.3,none,0
2026-01-01 02:57:00,CP_010,StartTransaction,SRC_008,SRC_008,1,35ca522913dfcbce,35ca522913dfcbce,1,SESSION_78006,91470,490,15.12,0,0,token,TLS1.2,1,OCPP1.6,888,58.93,none,0
2026-01-01 12:55:50,CP_020,ChangeConfiguration,SRC_001,SRC_001,0,41e1d7264c04d0a2,41e1d7264c04d0a2,1,SESSION_91807,97456,483,8.7,0,1,none,TLS1.2,0,OCPP1.6,605,40.91,identity_spoofing,1
2026-01-01 05:05:25,CP_002,RemoteStartTransaction,SRC_FAKE_002,SRC_008,0,9c9b4d1c04cac7fd,9c9b4d1c04cac7fd,1,SESSION_79627,30728,389,25.26,0,1,none,TLS1.2,0,OCPP1.6,536,158.63,fake_source_id,1
2026-01-01 01:42:27,CP_010,StartTransaction,SRC_005,SRC_005,1,29e5ed6c2c5b8b50,29e5ed6c2c5b8b50,1,SESSION_19823,25130,758,13.57,0,0,password,TLS1.2,1,OCPP1.6,536,144.48,none,0
2026-01-01 00:33:36,CP_019,Authorize,SRC_007,SRC_007,1,9ab9fb9a0fdb0032,9ab9fb9a0fdb0032,1,SESSION_78918,81069,966,13.21,0,0,certificate,TLS1.2,1,OCPP1.6,649,60.32,none,0
2026-01-01 05:44:10,CP_012,Heartbeat,SRC_010,SRC_010,1,994135d58ee056a7,994135d58ee056a7,1,SESSION_46696,33943,981,22.02,0,0,password,TLS1.2,1,OCPP1.6,1343,194.67,none,0
2026-01-01 02:46:00,CP_015,Heartbeat,SRC_011,SRC_011,1,c85e586e69b870df,c85e586e69b870df,1,SESSION_59468,46823,623,10.37,0,0,token,TLS1.3,1,OCPP1.6,1143,174.76,none,0
2026-01-01 07:28:00,CP_009,DiagnosticsStatusNotification,SRC_015,SRC_015,1,71d6c624e30af597,71d6c624e30af597,1,SESSION_64794,92066,731,19.05,0,0,password,TLS1.2,1,OCPP1.6,553,187.07,none,0
2026-01-01 01:45:45,CP_018,RemoteStopTransaction,SRC_FAKE_004,SRC_002,0,929778813880d263,929778813880d263,1,SESSION_86903,47227,988,7.25,0,1,none,TLS1.3,0,OCPP1.6,454,130.41,fake_source_id,1
2026-01-01 04:24:33,CP_011,DataTransfer,SRC_001,SRC_001,1,86dbfd03dbedc475,86dbfd03dbedc475,1,SESSION_14862,19811,188,22.26,0,0,password,TLS1.2,1,OCPP1.6,641,132.67,none,0
2026-01-01 08:56:48,CP_014,Reset,SRC_FAKE_005,SRC_020,0,79cdbc34e660a48c,79cdbc34e660a48c,1,SESSION_77780,87222,589,18.4,0,1,none,TLS1.2,0,OCPP1.6,966,40.72,fake_source_id,1
2026-01-01 00:41:15,CP_004,StartTransaction,SRC_001,SRC_001,1,4a06d5bb94df63de,4a06d5bb94df63de,1,SESSION_12865,36080,197,18.68,0,0,password,TLS1.3,1,OCPP1.6,170,67.17,none,0
2026-01-01 02:39:49,CP_007,StopTransaction,SRC_004,SRC_004,1,09d5de810778740b,09d5de810778740b,1,SESSION_41426,72121,79,19.96,0,0,token,TLS1.3,1,OCPP1.6,1240,27.24,none,0
2026-01-01 11:27:24,CP_018,BootNotification,SRC_002,SRC_002,0,e5b43fb8d0efae17,e5b43fb8d0efae17,1,SESSION_56948,56675,952,29.27,0,0,password,none,1,OCPP1.5,12377,23.01,protocol_manipulation,1
2026-01-01 02:54:36,CP_003,ChangeConfiguration,SRC_018,SRC_018,0,894a28f5ca82cb55,894a28f5ca82cb55,1,SESSION_63597,8657,852,6.07,0,1,none,none,0,OCPP1.6,1376,3.92,message_injection,1
2026-01-01 08:34:48,CP_017,RemoteStartTransaction,SRC_019,SRC_019,0,cc07c4a7afe30bc5,e6a2ba618c780d14,0,SESSION_31787,12732,910,7.68,0,1,password,TLS1.2,1,OCPP1.6,1744,94.63,message_tampering,1
2026-01-01 04:40:48,CP_016,StopTransaction,SRC_007,SRC_007,1,7bf5f0e10b7da53c,7bf5f0e10b7da53c,1,SESSION_97827,64806,397,13.98,0,0,certificate,TLS1.2,1,OCPP1.6,660,162.81,none,0
2026-01-01 01:23:36,CP_006,StartTransaction,SRC_006,SRC_006,1,432ca22ec36988ae,432ca22ec36988ae,1,SESSION_14129,64586,407,28.01,0,0,token,TLS1.2,1,OCPP1.6,1871,56.48,none,0
2026-01-01 10:32:24,CP_020,ChangeConfiguration,SRC_FAKE_007,SRC_008,0,93e149130d7a3954,93e149130d7a3954,1,SESSION_41996,9057,732,4.26,0,1,none,TLS1.2,0,OCPP1.6,1482,170.96,fake_source_id,1
2026-01-01 04:26:12,CP_008,ChangeConfiguration,SRC_014,SRC_014,1,4e5ae2fcf32ae057,4e5ae2fcf32ae057,1,SESSION_36058,73022,943,14.49,0,1,token,TLS1.3,1,OCPP1.6,1217,69.37,none,0
2026-01-01 00:43:27,CP_009,RemoteStartTransaction,SRC_020,SRC_020,1,2c872852d5af584a,2c872852d5af584a,1,SESSION_58982,73664,697,20.28,0,1,certificate,TLS1.3,1,OCPP1.6,1010,86.27,none,0
2026-01-01 04:55:00,CP_015,BootNotification,SRC_008,SRC_008,1,0c564aa5b0bf540b,0c564aa5b0bf540b,1,SESSION_90873,45968,817,14.02,0,0,token,TLS1.2,1,OCPP1.6,996,130.74,none,0
2026-01-01 08:29:20,CP_012,BootNotification,SRC_018,SRC_018,0,8b7da94308b658e1,8b7da94308b658e1,1,SESSION_63026,5850,23,25.74,0,0,password,broken,1,OCPP2.0_fake,20,182.66,protocol_manipulation,1
2025-12-31 12:00:00,CP_006,RemoteStopTransaction,SRC_008,SRC_008,0,2e4b1db71092e93b,2e4b1db71092e93b,1,SESSION_86953,3047,10,35051.21,1,1,token,TLS1.2,1,OCPP1.6,343,63.51,replay_attack,1
2026-01-01 00:31:30,CP_006,Authorize,SRC_010,SRC_010,1,3a71b3fa9970bbaf,3a71b3fa9970bbaf,1,SESSION_20071,75025,500,21.5,0,0,password,TLS1.2,1,OCPP1.6,1366,49.81,none,0
2026-01-01 04:56:00,CP_015,UnlockConnector,SRC_012,SRC_012,1,9528747d7238c0d4,9528747d7238c0d4,1,SESSION_21038,85524,450,29.84,0,1,certificate,TLS1.2,1,OCPP1.6,1690,163.19,none,0
2026-01-01 01:30:40,CP_003,StartTransaction,SRC_013,SRC_013,1,de1795746e59f009,de1795746e59f009,1,SESSION_54856,83150,399,27.28,0,0,password,TLS1.2,1,OCPP1.6,1925,192.58,none,0
2026-01-01 00:21:00,CP_017,Authorize,SRC_002,SRC_002,1,bd01c6ae1cfb7853,bd01c6ae1cfb7853,1,SESSION_19560,55396,161,29.03,0,0,token,TLS1.2,1,OCPP1.6,1363,169.05,none,0
2026-01-01 10:42:00,CP_007,BootNotification,SRC_015,SRC_015,0,fd4a7600a56ec6b9,fd4a7600a56ec6b9,1,SESSION_85088,15561,348,29.06,0,0,certificate,broken,1,OCPP2.0_fake,3,186.87,protocol_manipulation,1
2026-01-01 04:31:26,CP_018,StartTransaction,SRC_001,SRC_001,1,17362a54f2c0240e,17362a54f2c0240e,1,SESSION_36050,52958,577,23.44,0,0,token,TLS1.3,1,OCPP1.6,263,175.03,none,0
2026-01-01 04:10:04,CP_007,FirmwareStatusNotification,SRC_014,SRC_014,1,49874dfcb19c8ace,49874dfcb19c8ace,1,SESSION_88247,19425,215,7.13,0,0,token,TLS1.2,1,OCPP1.6,415,119.19,none,0
2025-12-31 09:00:00,CP_013,UnlockConnector,SRC_016,SRC_016,0,de955a7d8b725372,de955a7d8b725372,1,SESSION_82827,56774,16,16593.17,1,1,token,TLS1.2,1,OCPP1.6,1385,93.37,replay_attack,1
2026-01-01 00:01:17,CP_019,Reset,SRC_012,SRC_012,1,dfb273080b2e6828,dfb273080b2e6828,1,SESSION_63284,14583,934,16.36,0,1,password,TLS1.2,1,OCPP1.6,148,179.96,none,0
2026-01-01 02:12:22,CP_011,MeterValues,SRC_009,SRC_009,1,480d4b2ccc0cbf7f,480d4b2ccc0cbf7f,1,SESSION_59773,15834,112,22.68,0,0,certificate,TLS1.3,1,OCPP1.6,540,24.82,none,0
2026-01-01 00:29:54,CP_011,Reset,SRC_009,SRC_009,1,0e7b29d9d3ea3da3,0e7b29d9d3ea3da3,1,SESSION_27203,70238,418,1.3,0,1,certificate,TLS1.3,1,OCPP1.6,1335,185.99,none,0
2026-01-01 00:50:13,CP_002,Authorize,SRC_013,SRC_013,1,6f3249e8fde4c674,6f3249e8fde4c674,1,SESSION_52950,24672,722,24.51,0,0,certificate,TLS1.3,1,OCPP1.6,488,14.16,none,0
2026-01-01 04:50:42,CP_007,RemoteStartTransaction,SRC_004,SRC_004,0,22da23820277f3aa,22da23820277f3aa,1,SESSION_92257,63024,736,20.63,0,1,invalid_cert,TLS1.3,0,OCPP1.6,1087,193.07,identity_spoofing,1
2026-01-01 03:52:32,CP_001,UnlockConnector,SRC_007,SRC_007,1,21d714ef412be655,21d714ef412be655,1,SESSION_79541,37523,411,24.62,0,1,token,TLS1.3,1,OCPP1.6,766,190.85,none,0
2026-01-01 01:16:42,CP_015,DataTransfer,SRC_009,SRC_009,1,e4002d33180af183,e4002d33180af183,1,SESSION_30282,46757,567,4.09,0,0,password,TLS1.2,1,OCPP1.6,1736,89.23,none,0
2026-01-01 04:49:12,CP_002,DiagnosticsStatusNotification,SRC_010,SRC_010,1,30451ed4b483efc2,30451ed4b483efc2,1,SESSION_10251,18712,691,9.87,0,0,token,TLS1.3,1,OCPP1.6,820,141.37,none,0
2026-01-01 02:53:20,CP_018,RemoteStopTransaction,SRC_003,SRC_003,1,5b1d884536cca592,5b1d884536cca592,1,SESSION_94161,7823,923,18.01,0,1,password,TLS1.2,1,OCPP1.6,277,179.42,none,0
2026-01-01 02:11:12,CP_019,StartTransaction,SRC_020,SRC_020,0,e9f45ab31e387ad6,e9f45ab31e387ad6,1,SESSION_34539,46458,793,24.03,0,0,token,broken,1,OCPP1.5,29,142.4,protocol_manipulation,1
2026-01-01 04:30:36,CP_007,StatusNotification,SRC_016,SRC_016,1,98ec0d1c25aaa0c1,98ec0d1c25aaa0c1,1,SESSION_49755,80456,751,14.11,0,0,token,TLS1.3,1,OCPP1.6,562,53.08,none,0
2026-01-01 00:27:12,CP_007,StartTransaction,SRC_001,SRC_001,1,37439541abbb93bc,37439541abbb93bc,1,SESSION_95524,22552,764,27.32,0,0,certificate,TLS1.3,1,OCPP1.6,1192,168.86,none,0
2026-01-01 02:22:56,CP_006,RemoteStartTransaction,SRC_013,SRC_013,1,b7ce9ad7fb4c37be,b7ce9ad7fb4c37be,1,SESSION_42411,10138,877,14.26,0,1,certificate,TLS1.3,1,OCPP1.6,741,181.24,none,0
2026-01-01 01:20:06,CP_017,RemoteStartTransaction,SRC_008,SRC_008,1,9611c7331048c019,9611c7331048c019,1,SESSION_88045,48762,499,16.06,0,1,certificate,TLS1.2,1,OCPP1.6,1108,149.72,none,0
2025-12-31 15:00:00,CP_011,UnlockConnector,SRC_014,SRC_014,0,812cc0939e948232,812cc0939e948232,1,SESSION_97571,12842,8,86150.33,1,1,token,TLS1.2,1,OCPP1.6,1511,52.37,replay_attack,1
2026-01-01 13:31:48,CP_014,UnlockConnector,SRC_002,SRC_002,0,75140ad83f72894a,75140ad83f72894a,1,SESSION_17579,63344,782,23.77,0,1,expired_token,TLS1.2,0,OCPP1.6,1820,138.77,identity_spoofing,1
2026-01-01 00:08:37,CP_014,MeterValues,SRC_005,SRC_005,1,8172e14603a79f8e,8172e14603a79f8e,1,SESSION_80057,72770,623,16.96,0,0,certificate,TLS1.3,1,OCPP1.6,1293,60.01,none,0
2026-01-01 00:50:20,CP_009,RemoteStopTransaction,SRC_009,SRC_009,0,81102f946ce44e36,5c387aada6ca7d0f,0,SESSION_36617,8046,417,1.64,0,1,token,TLS1.2,1,OCPP1.6,1774,10.29,message_tampering,1
2026-01-01 00:29:26,CP_003,UnlockConnector,SRC_013,SRC_013,0,1ca784c4afb48b27,1ca784c4afb48b27,1,SESSION_66284,35145,906,24.25,0,1,none,weak,0,OCPP1.6,1986,5.09,message_injection,1
2026-01-01 01:39:35,CP_016,FirmwareStatusNotification,SRC_005,SRC_005,1,c36f1358dbeb321b,c36f1358dbeb321b,1,SESSION_77250,14472,851,2.78,0,0,certificate,TLS1.2,1,OCPP1.6,448,124.24,none,0
2026-01-01 00:37:11,CP_020,StartTransaction,SRC_006,SRC_006,1,081c4335fa30492b,081c4335fa30492b,1,SESSION_21241,82149,476,9.23,0,0,password,TLS1.2,1,OCPP1.6,321,147.09,none,0
2026-01-01 03:23:08,CP_017,StatusNotification,SRC_019,SRC_019,1,779e2e3cddd2657d,779e2e3cddd2657d,1,SESSION_84200,40487,851,6.27,0,0,password,TLS1.3,1,OCPP1.6,1924,194.52,none,0
2026-01-01 09:25:15,CP_016,StopTransaction,SRC_013,SRC_013,1,fd0d6671dff25fb2,fd0d6671dff25fb2,1,SESSION_23149,6393,14,15.59,0,0,token,TLS1.3,1,OCPP1.6,2000,53.93,none,0
2026-01-01 09:31:16,CP_003,RemoteStopTransaction,SRC_009,SRC_009,0,9b068d15d9c194aa,907df040aa23b53b,0,SESSION_11615,9102,390,7.75,0,1,password,TLS1.2,1,OCPP1.6,950,140.41,message_tampering,1
2026-01-01 00:55:04,CP_018,FirmwareStatusNotification,SRC_003,SRC_003,1,3500d5bca2792856,3500d5bca2792856,1,SESSION_68354,86101,390,7.44,0,0,password,TLS1.2,1,OCPP1.6,1694,178.9,none,0
2026-01-01 00:46:08,CP_006,StartTransaction,SRC_003,SRC_003,1,7ad77b29998fc8ad,7ad77b29998fc8ad,1,SESSION_93524,40203,885,29.11,0,0,certificate,TLS1.3,1,OCPP1.6,845,181.75,none,0
2026-01-01 06:26:40,CP_007,DataTransfer,SRC_020,SRC_020,1,3e6652177b2be59c,3e6652177b2be59c,1,SESSION_49566,79185,801,14.0,0,0,token,TLS1.2,1,OCPP1.6,1425,145.71,none,0
2026-01-01 06:46:23,CP_013,Authorize,SRC_010,SRC_010,1,f68f29e56014c347,f68f29e56014c347,1,SESSION_30616,6432,626,9.1,0,0,password,TLS1.2,1,OCPP1.6,822,144.62,none,0
2026-01-01 12:56:00,CP_014,Reset,SRC_012,SRC_012,0,60a0b7934fe26c74,6f56a98e74fc860f,0,SESSION_73633,66934,207,20.69,0,1,token,TLS1.2,1,OCPP1.6,1780,57.21,message_tampering,1
2026-01-01 02:37:12,CP_016,Heartbeat,SRC_007,SRC_007,1,16a831b47c12192d,16a831b47c12192d,1,SESSION_21477,60284,138,12.14,0,0,token,TLS1.3,1,OCPP1.6,589,81.96,none,0
2026-01-01 01:53:57,CP_005,Authorize,SRC_007,SRC_007,1,aca8b644f1ae7f19,aca8b644f1ae7f19,1,SESSION_64525,81793,324,7.26,0,0,password,TLS1.3,1,OCPP1.6,359,124.68,none,0
2026-01-01 04:18:32,CP_018,UnlockConnector,SRC_018,SRC_018,1,2dc71f1963357bbd,2dc71f1963357bbd,1,SESSION_25851,99631,613,11.01,0,1,certificate,TLS1.2,1,OCPP1.6,811,66.71,none,0
2026-01-01 03:10:08,CP_006,StatusNotification,SRC_001,SRC_001,1,83a373be8a802d52,83a373be8a802d52,1,SESSION_50535,57676,936,29.27,0,0,certificate,TLS1.2,1,OCPP1.6,964,166.01,none,0
2025-12-31 11:00:00,CP_016,RemoteStartTransaction,SRC_001,SRC_001,0,159f76042b864868,159f76042b864868,1,SESSION_87011,10504,46,80046.89,1,1,certificate,TLS1.2,1,OCPP1.6,1556,68.88,replay_attack,1
2026-01-01 01:05:00,CP_006,StartTransaction,SRC_003,SRC_003,1,d0954474ec436682,d0954474ec436682,1,SESSION_58392,98776,876,20.13,0,0,token,TLS1.3,1,OCPP1.6,1788,185.01,none,0
2026-01-01 11:57:12,CP_011,StatusNotification,SRC_013,SRC_013,0,01ca8b50bcfa8919,01ca8b50bcfa8919,1,SESSION_78333,98002,778,7.38,0,0,token,broken,1,unknown,46,52.63,protocol_manipulation,1
2026-01-01 00:12:08,CP_014,DataTransfer,SRC_002,SRC_002,1,7452068cb61906e3,7452068cb61906e3,1,SESSION_84255,49891,335,17.88,0,0,certificate,TLS1.2,1,OCPP1.6,173,163.83,none,0
2026-01-01 00:04:42,CP_013,UnlockConnector,SRC_008,SRC_008,1,b8fe3fadcce45cd8,b8fe3fadcce45cd8,1,SESSION_20711,38414,791,29.12,0,1,certificate,TLS1.3,1,OCPP1.6,1581,23.22,none,0
2026-01-01 01:43:57,CP_002,Reset,SRC_004,SRC_004,0,8ff499a368e7bca0,8ff499a368e7bca0,1,SESSION_30153,42684,418,29.28,0,1,none,weak,0,OCPP1.6,1219,4.19,message_injection,1
2026-01-01 01:45:22,CP_008,StopTransaction,SRC_011,SRC_011,1,042b0759c31d2a3c,042b0759c31d2a3c,1,SESSION_19287,74045,520,8.68,0,0,certificate,TLS1.3,1,OCPP1.6,361,20.47,none,0
2026-01-01 03:37:30,CP_018,RemoteStartTransaction,SRC_018,SRC_018,1,89a2422808da3f35,89a2422808da3f35,1,SESSION_73983,38110,254,3.36,0,1,token,TLS1.2,1,OCPP1.6,157,97.43,none,0
2026-01-01 04:44:16,CP_014,StatusNotification,SRC_010,SRC_010,1,c04d6051a54a88a1,c04d6051a54a88a1,1,SESSION_35576,46146,647,26.56,0,0,token,TLS1.2,1,OCPP1.6,224,138.1,none,0
2026-01-01 02:52:54,CP_017,UnlockConnector,SRC_FAKE_005,SRC_003,0,330c4a2e856423fa,330c4a2e856423fa,1,SESSION_61414,53263,546,2.38,0,1,none,TLS1.2,0,OCPP1.6,1092,129.54,fake_source_id,1
2026-01-01 01:35:40,CP_003,RemoteStartTransaction,SRC_018,SRC_018,1,56856b3f60eb7832,56856b3f60eb7832,1,SESSION_79275,16443,520,22.31,0,1,password,TLS1.2,1,OCPP1.6,184,119.67,none,0
2026-01-01 06:20:30,CP_004,UnlockConnector,SRC_005,SRC_005,0,5ddede81007ec64f,2cd9a634977ce256,0,SESSION_86884,77760,391,26.36,0,1,password,TLS1.3,1,OCPP1.6,1722,173.98,message_tampering,1
2026-01-01 02:42:54,CP_019,MeterValues,SRC_014,SRC_014,1,6a62855c4ba10acb,6a62855c4ba10acb,1,SESSION_95391,79934,987,26.07,0,0,password,TLS1.2,1,OCPP1.6,1549,168.28,none,0
2026-01-01 01:18:16,CP_012,DataTransfer,SRC_019,SRC_019,1,08103be73c83c975,08103be73c83c975,1,SESSION_68505,18376,714,14.1,0,0,token,TLS1.2,1,OCPP1.6,1842,143.5,none,0
2026-01-01 00:50:40,CP_019,UnlockConnector,SRC_006,SRC_006,1,01e15eedd9481401,01e15eedd9481401,1,SESSION_19367,79198,498,18.72,0,1,token,TLS1.3,1,OCPP1.6,1930,90.71,none,0
