timestamp,charge_point_id,command_type,voltage,current_amp,temperature,state_of_charge,power_kw,max_allowed_current,max_allowed_temp,max_allowed_voltage,current_deviation,temp_deviation,voltage_deviation,is_rapid_charging,command_source,anomaly_type,risk_level,label
2025-01-06T19:39:08.000Z,CP_019,SetChargingProfile,564.45,29.52,23.1,67.0,16.66,32.0,55.0,440.0,2.48,31.9,-124.45,1,manipulated,voltage_spike,high,1
2025-01-02T04:32:09.000Z,CP_007,UpdateFirmware,411.8,24.94,37.2,91.0,19.75,37.07,57.7,447.85,12.13,20.5,36.05,1,csms,normal,none,0
2025-01-05T09:54:56.000Z,CP_015,RemoteStartTransaction,450.32,105.07,80.6,66.2,47.32,32.0,55.0,440.0,-73.07,-25.6,-10.32,1,manipulated,combined_attack,critical,1
2025-01-03T16:48:32.000Z,CP_013,ChangeConfiguration,417.97,20.31,28.0,57.0,8.36,25.6,47.5,456.24,5.29,19.5,38.27,1,csms,normal,none,0
2025-01-07T22:44:11.000Z,CP_008,ChangeConfiguration,407.59,23.3,68.2,61.8,15.46,32.0,55.0,440.0,8.7,-13.2,32.41,1,manipulated,temperature_limit_bypass,high,1
2025-01-01T17:40:36.000Z,CP_014,UpdateFirmware,395.01,17.21,39.9,75.4,13.28,29.71,60.3,432.56,12.5,20.4,37.55,1,local,normal,none,0
2025-01-07T06:46:32.000Z,CP_009,RemoteStartTransaction,389.29,278.7,21.2,54.0,108.5,32.0,55.0,440.0,-246.7,33.8,50.71,1,manipulated,overcurrent_attack,critical,1
2025-01-01T08:55:42.000Z,CP_015,SetChargingProfile,396.53,19.0,29.0,74.3,16.53,31.6,42.1,427.51,12.6,13.1,30.98,1,local,normal,none,0
2025-01-04T17:46:14.000Z,CP_018,ChangeConfiguration,398.61,25.19,99.3,62.6,14.66,32.0,55.0,440.0,6.81,-44.3,41.39,1,manipulated,temperature_limit_bypass,critical,1
2025-01-01T13:15:20.000Z,CP_009,ChangeConfiguration,414.91,29.62,44.2,85.3,10.45,35.43,61.3,448.18,5.81,17.1,33.27,0,local,normal,none,0
2025-01-02T23:26:05.000Z,CP_006,RemoteStartTransaction,395.74,22.04,40.9,58.5,7.7,27.27,59.3,427.98,5.23,18.4,32.24,0,local,normal,none,0
2025-01-02T08:47:14.000Z,CP_001,Reset,381.76,29.81,26.1,50.1,12.99,36.31,50.1,418.91,6.5,24.0,37.15,1,csms,normal,none,0
2025-01-04T20:27:44.000Z,CP_007,SetChargingProfile,512.12,147.76,74.1,19.2,75.67,32.0,55.0,440.0,-115.76,-19.1,-72.12,1,manipulated,combined_attack,critical,1
2025-01-01T06:35:13.000Z,CP_001,ChangeConfiguration,394.35,20.17,36.9,24.9,19.95,30.2,59.0,421.1,10.03,22.1,26.75,0,csms,normal,none,0
2025-01-01T01:15:05.000Z,CP_018,UpdateFirmware,410.58,25.7,39.8,29.2,15.03,35.21,56.4,447.78,9.51,16.6,37.2,1,csms,normal,none,0
2025-01-01T20:40:33.000Z,CP_020,Reset,395.55,22.28,22.9,39.9,14.08,29.01,43.0,431.56,6.73,20.1,36.01,0,csms,normal,none,0
2025-01-01T11:41:40.000Z,CP_012,UpdateFirmware,401.39,31.37,22.0,49.1,18.59,42.85,34.6,422.18,11.48,12.6,20.79,0,local,normal,none,0
2025-01-02T00:21:19.000Z,CP_012,SetChargingProfile,509.74,16.21,26.8,65.0,8.26,32.0,55.0,440.0,15.79,28.2,-69.74,1,manipulated,voltage_spike,high,1
2025-01-07T16:27:28.000Z,CP_013,SetChargingProfile,402.77,73.17,32.9,18.6,29.47,32.0,55.0,440.0,-41.17,22.1,37.23,1,manipulated,overcurrent_attack,high,1
2025-01-04T00:28:23.000Z,CP_004,ChangeConfiguration,215.18,28.0,28.1,75.9,6.03,32.0,55.0,440.0,4.0,26.9,224.82,1,manipulated,voltage_drop,medium,1
2025-01-02T07:29:18.000Z,CP_005,SetChargingProfile,414.04,23.49,24.8,19.6,9.77,33.08,38.7,437.76,9.59,13.9,23.72,1,csms,normal,none,0
2025-01-05T16:45:30.000Z,CP_010,ChangeConfiguration,409.75,27.12,117.3,34.8,13.01,32.0,55.0,440.0,4.88,-62.3,30.25,1,manipulated,temperature_limit_bypass,critical,1
2025-01-01T08:01:30.000Z,CP_002,ChangeConfiguration,420.0,21.6,36.3,76.4,16.92,34.14,60.5,443.99,12.54,24.2,23.99,0,csms,normal,none,0
2025-01-01T14:53:03.000Z,CP_005,ChangeConfiguration,387.93,22.41,37.2,89.7,8.63,33.27,61.0,409.43,10.86,23.8,21.5,0,local,normal,none,0
2025-01-01T00:59:44.000Z,CP_020,SetChargingProfile,405.4,24.55,26.1,49.3,11.34,38.8,46.4,429.79,14.25,20.3,24.39,0,csms,normal,none,0
2025-01-01T00:34:41.000Z,CP_003,UpdateFirmware,417.05,29.58,24.2,51.3,10.52,38.59,35.1,444.63,9.01,10.9,27.58,1,local,normal,none,0
2025-01-07T04:42:46.000Z,CP_020,RemoteStartTransaction,385.78,26.63,40.6,72.4,19.45,38.96,50.8,423.71,12.33,10.2,37.93,1,local,normal,none,0
2025-01-06T06:51:47.000Z,CP_014,Reset,400.51,22.4,24.8,24.7,17.43,36.27,39.0,428.37,13.87,14.2,27.86,1,csms,normal,none,0
2025-01-03T05:47:17.000Z,CP_013,SetChargingProfile,407.96,16.1,24.2,51.8,8.81,28.84,40.5,436.3,12.74,16.3,28.34,1,csms,normal,none,0
2025-01-05T03:53:35.000Z,CP_015,RemoteStartTransaction,406.75,270.85,26.2,22.0,110.17,32.0,55.0,440.0,-238.85,28.8,33.25,1,manipulated,overcurrent_attack,critical,1
2025-01-03T18:43:07.000Z,CP_015,UpdateFirmware,399.82,24.28,21.1,71.3,8.09,38.46,39.1,426.14,14.18,18.0,26.32,0,local,normal,none,0
2025-01-01T22:34:37.000Z,CP_013,SetChargingProfile,406.15,21.84,36.3,81.0,14.94,30.6,59.9,436.48,8.76,23.6,30.33,1,local,normal,none,0
2025-01-01T05:30:37.000Z,CP_017,ChangeConfiguration,405.16,25.92,41.0,22.6,17.34,31.24,65.2,427.36,5.32,24.2,22.2,1,local,normal,none,0
2025-01-02T08:36:14.000Z,CP_018,RemoteStartTransaction,411.06,22.52,85.8,21.7,11.2,32.0,55.0,440.0,9.48,-30.8,28.94,1,manipulated,temperature_limit_bypass,critical,1
2025-01-01T00:53:35.000Z,CP_010,RemoteStartTransaction,391.48,22.88,34.5,65.6,14.19,32.3,47.7,420.94,9.42,13.2,29.46,0,local,normal,none,0
2025-01-02T18:13:56.000Z,CP_011,SetChargingProfile,394.43,19.5,38.8,55.1,21.95,32.74,63.5,414.61,13.24,24.7,20.18,1,csms,normal,none,0
2025-01-03T04:04:55.000Z,CP_012,ChangeConfiguration,406.87,30.17,29.9,81.4,19.7,37.53,48.5,436.87,7.36,18.6,30.0,1,local,normal,none,0
2025-01-03T08:58:57.000Z,CP_015,ChangeConfiguration,478.73,185.02,66.2,83.9,88.57,32.0,55.0,440.0,-153.02,-11.2,-38.73,1,manipulated,combined_attack,critical,1
2025-01-04T20:18:21.000Z,CP_020,RemoteStartTransaction,414.24,22.89,42.3,75.8,13.06,29.98,61.5,435.74,7.09,19.2,21.5,1,csms,normal,none,0
2025-01-02T08:06:14.000Z,CP_017,ChangeConfiguration,384.73,25.23,29.8,74.8,20.78,38.6,42.2,411.18,13.37,12.4,26.45,0,csms,normal,none,0
2025-01-04T01:43:28.000Z,CP_008,SetChargingProfile,409.69,22.95,62.2,77.2,8.66,32.0,55.0,440.0,9.05,-7.2,30.31,1,manipulated,temperature_limit_bypass,high,1
2025-01-06T10:10:15.000Z,CP_018,RemoteStartTransaction,399.05,20.64,120.1,91.5,14.6,32.0,55.0,440.0,11.36,-65.1,40.95,1,manipulated,temperature_limit_bypass,critical,1
2025-01-01T07:10:57.000Z,CP_015,SetChargingProfile,390.37,19.96,35.9,75.1,15.01,31.23,50.0,411.92,11.27,14.1,21.55,0,local,normal,none,0
2025-01-03T22:21:15.000Z,CP_018,RemoteStartTransaction,392.35,78.97,44.4,106.4,14.52,32.0,55.0,440.0,-46.97,10.6,47.65,1,manipulated,battery_overcharge,critical,1
2025-01-01T05:57:55.000Z,CP_011,ChangeConfiguration,417.35,27.54,24.7,23.5,21.94,37.21,47.9,447.3,9.67,23.2,29.95,1,local,normal,none,0
2025-01-06T14:42:49.000Z,CP_009,ChangeConfiguration,407.91,25.42,66.1,59.7,19.52,32.0,55.0,440.0,6.58,-11.1,32.09,1,manipulated,temperature_limit_bypass,high,1
2025-01-03T12:47:29.000Z,CP_005,SetChargingProfile,391.23,183.12,26.9,94.9,71.64,32.0,55.0,440.0,-151.12,28.1,48.77,1,manipulated,overcurrent_attack,critical,1
2025-01-01T19:07:12.000Z,CP_016,UpdateFirmware,399.9,18.56,43.1,14.6,12.72,25.66,56.9,432.24,7.1,13.8,32.34,0,csms,normal,none,0
2025-01-01T08:43:56.000Z,CP_011,RemoteStartTransaction,419.85,23.84,38.8,24.0,20.64,36.96,49.1,444.34,13.12,10.3,24.49,0,csms,normal,none,0
2025-01-05T04:21:57.000Z,CP_013,SetChargingProfile,399.01,27.52,35.1,74.8,14.77,37.13,51.8,427.99,9.61,16.7,28.98,0,local,normal,none,0
2025-01-03T03:47:35.000Z,CP_007,RemoteStartTransaction,400.12,68.85,22.7,109.6,12.15,32.0,55.0,440.0,-36.85,32.3,39.88,1,manipulated,battery_overcharge,critical,1
2025-01-01T00:52:30.000Z,CP_012,SetChargingProfile,393.25,17.75,30.4,36.2,20.52,31.47,49.8,425.19,13.72,19.4,31.94,0,csms,normal,none,0
2025-01-05T18:59:03.000Z,CP_010,Reset,415.56,19.45,40.5,51.5,9.19,27.94,63.6,443.91,8.49,23.1,28.35,1,local,normal,none,0
2025-01-01T11:29:56.000Z,CP_009,ChangeConfiguration,392.96,26.38,37.8,23.9,18.11,32.29,58.4,425.64,5.91,20.6,32.68,1,csms,normal,none,0
2025-01-03T14:27:04.000Z,CP_015,ChangeConfiguration,416.37,31.53,22.5,54.8,18.01,44.61,41.5,443.93,13.08,19.0,27.56,0,csms,normal,none,0
2025-01-03T01:24:14.000Z,CP_005,Reset,384.34,19.24,41.5,52.9,13.53,25.74,52.9,413.86,6.5,11.4,29.52,0,csms,normal,none,0
2025-01-04T02:15:28.000Z,CP_002,ChangeConfiguration,385.33,28.66,35.8,42.0,9.7,42.46,47.0,405.47,13.8,11.2,20.14,1,local,normal,none,0
2025-01-02T04:32:14.000Z,CP_019,UpdateFirmware,416.36,21.43,35.1,81.6,16.99,27.74,49.5,450.59,6.31,14.4,34.23,1,local,normal,none,0
2025-01-04T16:41:00.000Z,CP_020,ChangeConfiguration,418.89,21.19,43.7,85.1,11.25,27.53,67.2,444.79,6.34,23.5,25.9,0,local,normal,none,0
2025-01-03T02:11:01.000Z,CP_003,SetChargingProfile,416.45,22.17,25.1,34.7,15.06,31.72,40.6,436.67,9.55,15.5,20.22,1,local,normal,none,0
2025-01-03T11:18:39.000Z,CP_005,SetChargingProfile,414.73,26.25,43.2,45.9,16.34,35.3,66.8,436.31,9.05,23.6,21.58,0,local,normal,none,0
2025-01-01T19:06:08.000Z,CP_019,RemoteStartTransaction,389.57,16.81,42.6,29.2,10.8,22.81,57.6,419.02,6.0,15.0,29.45,0,csms,normal,none,0
2025-01-02T23:41:45.000Z,CP_006,UpdateFirmware,414.09,23.86,23.4,26.4,7.87,36.51,33.6,439.49,12.65,10.2,25.4,0,csms,normal,none,0
2025-01-03T07:46:44.000Z,CP_016,RemoteStartTransaction,396.45,28.19,23.0,41.3,18.43,38.23,44.7,424.65,10.04,21.7,28.2,1,csms,normal,none,0
2025-01-01T01:34:30.000Z,CP_016,UpdateFirmware,417.88,23.63,20.2,46.6,11.68,30.94,30.3,445.35,7.31,10.1,27.47,1,local,normal,none,0
2025-01-04T01:31:11.000Z,CP_004,UpdateFirmware,403.81,20.81,38.3,59.0,8.55,26.37,59.9,430.77,5.56,21.6,26.96,1,csms,normal,none,0
2025-01-03T02:50:32.000Z,CP_010,SetChargingProfile,407.72,16.75,29.5,45.4,18.91,28.6,54.0,428.8,11.85,24.5,21.08,0,local,normal,none,0
2025-01-03T15:35:13.000Z,CP_001,RemoteStartTransaction,413.82,69.03,33.2,52.6,28.57,32.0,55.0,440.0,-37.03,21.8,26.18,1,manipulated,overcurrent_attack,high,1
2025-01-06T21:16:26.000Z,CP_016,RemoteStartTransaction,477.64,70.22,73.0,12.0,33.54,32.0,55.0,440.0,-38.22,-18.0,-37.64,1,manipulated,combined_attack,critical,1
2025-01-01T01:47:39.000Z,CP_007,UpdateFirmware,405.02,20.23,22.0,30.4,15.46,26.8,38.1,438.81,6.57,16.1,33.79,1,csms,normal,none,0
2025-01-04T14:57:30.000Z,CP_002,Reset,384.24,16.86,30.7,25.2,16.1,27.79,53.2,418.23,10.93,22.5,33.99,1,local,normal,none,0
2025-01-01T04:06:12.000Z,CP_017,Reset,403.73,23.51,42.7,13.7,11.8,28.61,54.1,426.21,5.1,11.4,22.48,0,csms,normal,none,0
2025-01-04T13:34:00.000Z,CP_015,ChangeConfiguration,485.7,117.44,77.3,65.5,57.04,32.0,55.0,440.0,-85.44,-22.3,-45.7,1,manipulated,combined_attack,critical,1
2025-01-01T17:23:24.000Z,CP_015,UpdateFirmware,408.79,26.11,44.4,27.2,9.26,38.03,55.3,431.52,11.92,10.9,22.73,1,local,normal,none,0
2025-01-01T11:35:32.000Z,CP_003,UpdateFirmware,395.88,27.87,30.9,49.1,8.54,36.0,47.3,423.97,8.13,16.4,28.09,1,csms,normal,none,0
2025-01-06T10:45:25.000Z,CP_015,SetChargingProfile,279.16,17.66,41.2,74.4,4.93,32.0,55.0,440.0,14.34,13.8,160.84,1,manipulated,voltage_drop,medium,1
2025-01-02T13:41:49.000Z,CP_011,RemoteStartTransaction,385.91,23.15,39.9,93.0,19.29,29.28,56.3,420.44,6.13,16.4,34.53,0,local,normal,none,0
2025-01-05T12:10:34.000Z,CP_001,SetChargingProfile,389.93,16.74,43.6,86.9,11.68,27.08,55.7,419.74,10.34,12.1,29.81,1,csms,normal,none,0
2025-01-01T19:16:06.000Z,CP_003,ChangeConfiguration,406.19,30.17,27.7,31.0,11.55,41.43,39.7,442.96,11.26,12.0,36.77,0,local,normal,none,0
2025-01-01T12:39:16.000Z,CP_007,Reset,384.83,29.64,25.4,80.1,10.18,38.02,46.8,405.76,8.38,21.4,20.93,0,local,normal,none,0
2025-01-02T09:56:09.000Z,CP_007,RemoteStartTransaction,387.67,22.05,29.4,61.0,21.66,29.5,40.1,419.99,7.45,10.7,32.32,1,csms,normal,none,0
2025-01-02T13:42:29.000Z,CP_017,RemoteStartTransaction,385.39,23.98,33.3,14.1,21.06,37.37,50.5,415.56,13.39,17.2,30.17,0,csms,normal,none,0
2025-01-02T07:44:32.000Z,CP_009,SetChargingProfile,419.87,27.3,32.0,80.4,14.63,39.34,47.7,459.49,12.04,15.7,39.62,0,csms,normal,none,0
2025-01-07T13:56:36.000Z,CP_011,RemoteStartTransaction,393.89,126.19,27.2,51.4,49.7,32.0,55.0,440.0,-94.19,27.8,46.11,1,manipulated,overcurrent_attack,critical,1
2025-01-02T21:29:02.000Z,CP_005,ChangeConfiguration,385.54,21.87,34.6,29.8,19.24,27.79,50.6,423.9,5.92,16.0,38.36,1,local,normal,none,0
2025-01-01T00:23:03.000Z,CP_014,UpdateFirmware,383.51,29.18,35.6,50.8,8.82,36.25,55.2,423.05,7.07,19.6,39.54,0,local,normal,none,0
2025-01-02T01:52:21.000Z,CP_018,SetChargingProfile,383.14,30.76,39.1,58.3,8.76,43.78,59.6,405.09,13.02,20.5,21.95,1,local,normal,none,0
2025-01-03T00:41:39.000Z,CP_003,RemoteStartTransaction,488.31,151.06,57.6,84.8,73.76,32.0,55.0,440.0,-119.06,-2.6,-48.31,1,manipulated,combined_attack,critical,1
2025-01-01T13:13:50.000Z,CP_002,Reset,402.8,24.52,34.9,24.3,21.69,32.45,53.5,441.85,7.93,18.6,39.05,0,csms,normal,none,0
2025-01-02T00:43:46.000Z,CP_014,UpdateFirmware,387.21,28.68,20.7,93.0,10.84,38.19,34.4,418.87,9.51,13.7,31.66,0,csms,normal,none,0
2025-01-01T03:02:36.000Z,CP_008,ChangeConfiguration,383.06,344.84,24.5,13.7,132.09,32.0,55.0,440.0,-312.84,30.5,56.94,1,manipulated,overcurrent_attack,critical,1
2025-01-05T08:00:02.000Z,CP_015,UpdateFirmware,418.44,25.93,36.3,24.2,8.28,40.15,50.4,443.46,14.22,14.1,25.02,1,csms,normal,none,0
2025-01-06T01:27:50.000Z,CP_007,UpdateFirmware,382.16,29.89,43.8,68.1,11.34,41.25,55.1,403.55,11.36,11.3,21.39,0,local,normal,none,0
2025-01-04T20:28:51.000Z,CP_006,SetChargingProfile,392.91,17.78,110.4,87.3,17.62,32.0,55.0,440.0,14.22,-55.4,47.09,1,manipulated,temperature_limit_bypass,critical,1
2025-01-05T10:32:06.000Z,CP_005,ChangeConfiguration,380.05,19.59,25.7,42.8,12.56,27.46,49.5,413.74,7.87,23.8,33.69,1,csms,normal,none,0
2025-01-02T21:37:09.000Z,CP_005,SetChargingProfile,410.97,29.54,41.5,91.6,12.85,43.96,57.4,432.99,14.42,15.9,22.02,1,csms,normal,none,0
2025-01-01T08:13:06.000Z,CP_005,SetChargingProfile,394.38,378.49,33.7,16.1,149.27,32.0,55.0,440.0,-346.49,21.3,45.62,1,manipulated,overcurrent_attack,critical,1
2025-01-04T07:38:49.000Z,CP_015,ChangeConfiguration,410.56,26.01,34.5,17.3,8.29,31.34,49.2,447.51,5.33,14.7,36.95,0,csms,normal,none,0
2025-01-01T06:41:05.000Z,CP_005,UpdateFirmware,414.67,18.91,26.5,37.8,14.04,27.29,49.7,440.24,8.38,23.2,25.57,1,csms,normal,none,0
2025-01-01T20:13:54.000Z,CP_013,SetChargingProfile,411.18,20.56,38.8,65.6,9.16,30.47,55.3,447.31,9.91,16.5,36.13,0,local,normal,none,0
2025-01-01T10:34:22.000Z,CP_006,ChangeConfiguration,413.22,26.95,44.5,50.7,10.06,33.3,65.2,452.09,6.35,20.7,38.87,1,csms,normal,none,0
2025-01-02T04:41:24.000Z,CP_011,UpdateFirmware,417.44,20.88,26.0,78.8,17.05,35.29,50.7,457.39,14.41,24.7,39.95,0,csms,normal,none,0
2025-01-01T12:38:20.000Z,CP_016,UpdateFirmware,392.57,31.43,44.2,34.8,17.55,41.34,62.8,417.42,9.91,18.6,24.85,1,local,normal,none,0
2025-01-02T13:50:43.000Z,CP_013,Reset,418.02,22.83,41.0,88.7,8.8,37.57,53.7,439.07,14.74,12.7,21.05,1,local,normal,none,0
2025-01-06T01:43:27.000Z,CP_012,RemoteStartTransaction,410.31,22.26,33.2,34.1,17.57,29.21,56.0,438.19,6.95,22.8,27.88,1,csms,normal,none,0
2025-01-03T09:54:16.000Z,CP_019,SetChargingProfile,494.34,189.55,86.3,27.0,93.7,32.0,55.0,440.0,-157.55,-31.3,-54.34,1,manipulated,combined_attack,critical,1
2025-01-07T08:41:30.000Z,CP_014,SetChargingProfile,461.85,80.3,66.7,82.8,37.09,32.0,55.0,440.0,-48.3,-11.7,-21.85,1,manipulated,combined_attack,critical,1
2025-01-02T02:40:53.000Z,CP_013,RemoteStartTransaction,407.61,23.1,35.0,14.1,12.91,30.12,48.7,445.79,7.02,13.7,38.18,0,csms,normal,none,0
2025-01-04T13:12:34.000Z,CP_007,Reset,407.0,20.0,38.6,75.3,19.74,26.91,57.7,429.76,6.91,19.1,22.76,1,csms,normal,none,0
2025-01-01T14:42:48.000Z,CP_001,RemoteStartTransaction,393.65,29.28,44.1,34.8,15.02,41.3,54.8,416.93,12.02,10.7,23.28,1,csms,normal,none,0
2025-01-03T00:49:50.000Z,CP_012,ChangeConfiguration,403.56,27.86,39.0,69.2,8.83,34.2,56.2,428.21,6.34,17.2,24.65,1,local,normal,none,0
2025-01-01T23:02:36.000Z,CP_010,UpdateFirmware,405.85,30.7,28.7,81.6,18.97,39.61,51.1,442.85,8.91,22.4,37.0,0,csms,normal,none,0
2025-01-03T18:24:35.000Z,CP_002,Reset,387.59,23.03,42.1,75.8,11.57,29.69,56.5,425.97,6.66,14.4,38.38,0,local,normal,none,0
2025-01-02T19:03:32.000Z,CP_010,RemoteStartTransaction,390.41,31.85,20.8,44.4,14.0,44.33,34.5,419.65,12.48,13.7,29.24,0,csms,normal,none,0
2025-01-05T01:00:01.000Z,CP_014,SetChargingProfile,294.59,17.6,29.0,36.3,5.18,32.0,55.0,440.0,14.4,26.0,145.41,1,manipulated,voltage_drop,medium,1
2025-01-02T03:58:32.000Z,CP_002,SetChargingProfile,413.26,24.29,27.6,23.8,21.05,31.54,51.8,443.64,7.25,24.2,30.38,0,local,normal,none,0
2025-01-01T15:55:21.000Z,CP_004,SetChargingProfile,442.28,138.69,88.9,69.6,61.34,32.0,55.0,440.0,-106.69,-33.9,-2.28,1,manipulated,combined_attack,critical,1
2025-01-04T17:23:37.000Z,CP_017,SetChargingProfile,215.57,26.99,24.3,90.7,5.82,32.0,55.0,440.0,5.01,30.7,224.43,1,manipulated,voltage_drop,medium,1
2025-01-03T08:51:58.000Z,CP_002,UpdateFirmware,392.06,26.02,21.6,67.6,15.57,33.97,37.3,413.98,7.95,15.7,21.92,0,csms,normal,none,0
2025-01-01T22:54:40.000Z,CP_010,SetChargingProfile,396.26,21.0,22.3,16.8,18.06,35.45,34.8,417.41,14.45,12.5,21.15,1,csms,normal,none,0
2025-01-07T06:42:24.000Z,CP_002,SetChargingProfile,500.21,26.07,41.7,10.7,13.04,32.0,55.0,440.0,5.93,13.3,-60.21,1,manipulated,voltage_spike,high,1
2025-01-04T23:51:03.000Z,CP_014,ChangeConfiguration,387.79,17.73,21.9,61.3,19.76,23.01,36.1,418.62,5.28,14.2,30.83,0,csms,normal,none,0
2025-01-01T03:31:35.000Z,CP_012,UpdateFirmware,417.66,26.74,39.6,37.1,13.48,33.23,55.2,452.75,6.49,15.6,35.09,0,csms,normal,none,0
2025-01-05T06:03:55.000Z,CP_010,UpdateFirmware,392.93,16.89,21.8,90.9,12.97,25.88,34.5,432.23,8.99,12.7,39.3,0,csms,normal,none,0
2025-01-04T01:39:25.000Z,CP_020,RemoteStartTransaction,401.45,26.26,37.6,13.3,9.0,35.83,60.8,439.01,9.57,23.2,37.56,1,csms,normal,none,0
2025-01-01T18:44:46.000Z,CP_005,SetChargingProfile,387.11,16.03,37.6,58.7,19.82,28.74,56.1,410.75,12.71,18.5,23.64,0,csms,normal,none,0
2025-01-08T11:14:19.000Z,CP_003,ChangeConfiguration,442.67,150.63,66.3,90.9,66.68,32.0,55.0,440.0,-118.63,-11.3,-2.67,1,manipulated,combined_attack,critical,1
2025-01-02T15:29:45.000Z,CP_017,RemoteStartTransaction,416.57,281.06,29.1,92.9,117.08,32.0,55.0,440.0,-249.06,25.9,23.43,1,manipulated,overcurrent_attack,critical,1
2025-01-04T21:07:32.000Z,CP_002,ChangeConfiguration,413.66,20.16,32.7,20.5,18.45,34.57,49.4,445.11,14.41,16.7,31.45,1,local,normal,none,0
2025-01-01T05:08:51.000Z,CP_011,UpdateFirmware,384.9,31.08,21.3,88.6,13.72,43.32,38.7,412.55,12.24,17.4,27.65,0,local,normal,none,0
2025-01-01T22:40:36.000Z,CP_018,RemoteStartTransaction,409.97,22.64,22.6,64.3,12.63,32.23,42.6,447.63,9.59,20.0,37.66,0,local,normal,none,0
2025-01-01T21:06:03.000Z,CP_007,UpdateFirmware,418.98,22.55,33.9,88.7,15.29,34.16,48.4,440.9,11.61,14.5,21.92,1,csms,normal,none,0
2025-01-05T17:28:46.000Z,CP_013,ChangeConfiguration,221.7,21.22,30.0,71.5,4.7,32.0,55.0,440.0,10.78,25.0,218.3,1,manipulated,voltage_drop,medium,1
2025-01-07T12:33:54.000Z,CP_017,RemoteStartTransaction,587.61,16.91,37.4,19.4,9.94,32.0,55.0,440.0,15.09,17.6,-147.61,1,manipulated,voltage_spike,high,1
2025-01-02T12:50:19.000Z,CP_012,ChangeConfiguration,230.75,23.37,36.5,27.0,5.39,32.0,55.0,440.0,8.63,18.5,209.25,1,manipulated,voltage_drop,medium,1
2025-01-01T18:41:30.000Z,CP_008,RemoteStartTransaction,397.43,26.02,39.8,26.2,11.79,35.65,56.9,417.87,9.63,17.1,20.44,0,local,normal,none,0
2025-01-02T12:07:23.000Z,CP_007,SetChargingProfile,403.69,24.73,37.0,56.8,21.31,34.35,57.6,432.46,9.62,20.6,28.77,0,local,normal,none,0
2025-01-09T07:06:17.000Z,CP_016,SetChargingProfile,404.27,44.31,35.2,100.8,17.15,32.0,55.0,440.0,-12.31,19.8,35.73,1,manipulated,battery_overcharge,critical,1
2025-01-01T06:23:20.000Z,CP_003,UpdateFirmware,380.21,20.93,29.0,32.9,9.33,27.8,45.7,411.3,6.87,16.7,31.09,0,csms,normal,none,0
2025-01-01T16:47:08.000Z,CP_018,SetChargingProfile,410.52,18.93,37.0,38.5,8.7,27.48,58.2,436.66,8.55,21.2,26.14,1,local,normal,none,0
2025-01-05T14:22:41.000Z,CP_016,ChangeConfiguration,567.27,30.02,25.7,89.2,17.03,32.0,55.0,440.0,1.98,29.3,-127.27,1,manipulated,voltage_spike,high,1
2025-01-05T08:43:43.000Z,CP_017,SetChargingProfile,212.1,17.13,30.4,32.1,3.63,32.0,55.0,440.0,14.87,24.6,227.9,1,manipulated,voltage_drop,medium,1
2025-01-02T10:40:29.000Z,CP_020,Reset,406.32,21.27,21.1,62.9,14.02,35.74,46.1,444.46,14.47,25.0,38.14,0,csms,normal,none,0
2025-01-01T07:11:53.000Z,CP_016,ChangeConfiguration,492.68,114.24,69.3,58.8,56.28,32.0,55.0,440.0,-82.24,-14.3,-52.68,1,manipulated,combined_attack,critical,1
2025-01-06T03:22:21.000Z,CP_020,RemoteStartTransaction,404.0,16.08,33.0,31.6,9.18,27.14,51.0,434.36,11.06,18.0,30.36,0,local,normal,none,0
2025-01-04T17:40:19.000Z,CP_012,SetChargingProfile,416.13,26.96,33.4,30.1,13.86,32.04,57.8,454.68,5.08,24.4,38.55,1,csms,normal,none,0
2025-01-01T02:34:59.000Z,CP_007,ChangeConfiguration,408.52,22.38,36.8,41.7,20.53,31.89,50.5,429.8,9.51,13.7,21.28,0,csms,normal,none,0
2025-01-01T06:00:06.000Z,CP_009,Reset,388.88,27.95,33.9,68.5,10.63,36.69,50.8,422.47,8.74,16.9,33.59,0,local,normal,none,0
2025-01-01T23:08:06.000Z,CP_001,UpdateFirmware,410.5,25.79,26.7,58.2,10.77,33.11,47.0,437.69,7.32,20.3,27.19,0,local,normal,none,0
2025-01-07T00:30:23.000Z,CP_004,ChangeConfiguration,483.41,89.08,88.0,17.1,43.06,32.0,55.0,440.0,-57.08,-33.0,-43.41,1,manipulated,combined_attack,critical,1
2025-01-09T05:49:08.000Z,CP_003,RemoteStartTransaction,472.15,183.84,61.4,86.9,86.8,32.0,55.0,440.0,-151.84,-6.4,-32.15,1,manipulated,combined_attack,critical,1
2025-01-01T02:27:46.000Z,CP_014,UpdateFirmware,404.1,29.16,33.6,37.3,8.57,40.77,48.2,436.15,11.61,14.6,32.05,0,local,normal,none,0
2025-01-02T07:47:33.000Z,CP_004,ChangeConfiguration,393.11,25.32,40.6,40.7,8.83,37.44,63.0,414.75,12.12,22.4,21.64,1,csms,normal,none,0
2025-01-05T11:19:39.000Z,CP_011,Reset,386.49,23.27,39.7,13.6,10.6,28.31,53.0,411.1,5.04,13.3,24.61,0,csms,normal,none,0
2025-01-05T02:11:08.000Z,CP_012,RemoteStartTransaction,392.77,22.78,37.3,45.2,18.99,31.11,59.3,425.85,8.33,22.0,33.08,1,local,normal,none,0
2025-01-03T14:43:36.000Z,CP_018,Reset,407.41,25.16,31.9,82.6,14.8,34.07,49.3,446.83,8.91,17.4,39.42,1,local,normal,none,0
2025-01-05T05:11:34.000Z,CP_020,RemoteStartTransaction,460.61,179.31,60.1,87.7,82.59,32.0,55.0,440.0,-147.31,-5.1,-20.61,1,manipulated,combined_attack,critical,1
2025-01-02T23:26:13.000Z,CP_012,RemoteStartTransaction,414.17,20.47,24.5,21.1,15.81,27.76,36.0,439.57,7.29,11.5,25.4,1,local,normal,none,0
2025-01-01T18:15:22.000Z,CP_007,RemoteStartTransaction,481.07,160.35,62.5,10.8,77.14,32.0,55.0,440.0,-128.35,-7.5,-41.07,1,manipulated,combined_attack,critical,1
2025-01-01T01:30:08.000Z,CP_019,RemoteStartTransaction,417.91,23.44,26.4,41.4,16.25,38.08,47.2,453.47,14.64,20.8,35.56,1,csms,normal,none,0
2025-01-03T02:30:45.000Z,CP_005,SetChargingProfile,416.65,16.07,41.5,72.1,12.86,25.12,57.7,444.54,9.05,16.2,27.89,1,local,normal,none,0
2025-01-06T21:53:09.000Z,CP_014,UpdateFirmware,389.7,29.25,21.4,21.7,21.45,41.29,37.1,410.23,12.04,15.7,20.53,1,csms,normal,none,0
2025-01-07T01:29:31.000Z,CP_001,RemoteStartTransaction,438.9,152.99,68.9,29.4,67.15,32.0,55.0,440.0,-120.99,-13.9,1.1,1,manipulated,combined_attack,critical,1
2025-01-01T08:36:35.000Z,CP_019,RemoteStartTransaction,414.1,28.61,42.4,74.8,8.07,39.87,65.0,434.43,11.26,22.6,20.33,1,local,normal,none,0
2025-01-08T08:20:02.000Z,CP_019,SetChargingProfile,396.26,52.52,37.3,110.9,19.0,32.0,55.0,440.0,-20.52,17.7,43.74,1,manipulated,battery_overcharge,critical,1
2025-01-01T02:08:46.000Z,CP_010,RemoteStartTransaction,393.07,22.65,25.0,76.9,20.2,31.31,42.5,418.52,8.66,17.5,25.45,1,local,normal,none,0
2025-01-02T05:28:57.000Z,CP_016,RemoteStartTransaction,406.51,19.85,25.3,74.0,17.03,25.74,41.8,440.83,5.89,16.5,34.32,1,local,normal,none,0
2025-01-05T02:08:25.000Z,CP_004,SetChargingProfile,433.67,199.92,70.5,58.5,86.7,32.0,55.0,440.0,-167.92,-15.5,6.33,1,manipulated,combined_attack,critical,1
2025-01-06T08:12:04.000Z,CP_005,ChangeConfiguration,505.79,117.3,77.2,61.7,59.33,32.0,55.0,440.0,-85.3,-22.2,-65.79,1,manipulated,combined_attack,critical,1
2025-01-01T08:21:22.000Z,CP_018,SetChargingProfile,395.09,30.93,41.7,93.4,10.89,39.76,64.5,423.31,8.83,22.8,28.22,1,local,normal,none,0
2025-01-05T18:38:01.000Z,CP_013,RemoteStartTransaction,400.44,27.87,32.6,69.9,7.59,33.08,54.0,422.92,5.21,21.4,22.48,1,csms,normal,none,0
2025-01-05T02:18:23.000Z,CP_002,RemoteStartTransaction,385.93,20.55,43.9,62.6,9.75,30.9,56.6,409.44,10.35,12.7,23.51,0,csms,normal,none,0
2025-01-03T03:54:51.000Z,CP_020,ChangeConfiguration,396.16,21.11,23.5,12.2,14.66,29.07,47.1,424.25,7.96,23.6,28.09,0,local,normal,none,0
2025-01-01T04:00:33.000Z,CP_003,SetChargingProfile,389.65,22.5,33.9,30.4,14.35,34.62,50.6,409.99,12.12,16.7,20.34,0,local,normal,none,0
2025-01-03T21:04:32.000Z,CP_018,SetChargingProfile,413.86,49.79,22.0,110.5,13.92,32.0,55.0,440.0,-17.79,33.0,26.14,1,manipulated,battery_overcharge,critical,1
2025-01-04T06:46:33.000Z,CP_019,RemoteStartTransaction,412.85,23.83,33.2,69.5,20.03,34.35,52.3,450.78,10.52,19.1,37.93,1,local,normal,none,0
2025-01-04T10:08:44.000Z,CP_008,SetChargingProfile,403.16,44.19,42.9,110.7,17.74,32.0,55.0,440.0,-12.19,12.1,36.84,1,manipulated,battery_overcharge,critical,1
2025-01-03T16:15:03.000Z,CP_018,UpdateFirmware,414.35,22.75,24.9,27.0,20.66,35.6,40.0,447.71,12.85,15.1,33.36,1,local,normal,none,0
2025-01-03T10:14:53.000Z,CP_012,RemoteStartTransaction,410.2,24.75,35.1,76.0,21.48,32.69,47.8,443.85,7.94,12.7,33.65,0,csms,normal,none,0
2025-01-02T21:19:04.000Z,CP_017,ChangeConfiguration,396.14,28.49,33.1,58.3,9.94,42.24,46.1,417.29,13.75,13.0,21.15,1,csms,normal,none,0
2025-01-01T09:45:38.000Z,CP_001,UpdateFirmware,417.21,19.34,32.3,85.6,8.57,32.35,43.2,448.37,13.01,10.9,31.16,1,csms,normal,none,0
2025-01-04T05:44:46.000Z,CP_010,UpdateFirmware,397.08,29.56,26.5,58.9,16.5,43.83,45.7,427.01,14.27,19.2,29.93,1,csms,normal,none,0
2025-01-03T10:35:02.000Z,CP_002,ChangeConfiguration,451.12,135.66,56.6,81.8,61.2,32.0,55.0,440.0,-103.66,-1.6,-11.12,1,manipulated,combined_attack,critical,1
2025-01-01T14:17:28.000Z,CP_003,SetChargingProfile,417.74,18.18,39.3,19.3,8.94,27.68,54.0,440.15,9.5,14.7,22.41,0,local,normal,none,0
2025-01-01T15:22:02.000Z,CP_016,SetChargingProfile,481.76,104.88,73.5,54.2,50.53,32.0,55.0,440.0,-72.88,-18.5,-41.76,1,manipulated,combined_attack,critical,1
2025-01-04T07:01:02.000Z,CP_003,Reset,382.28,25.51,42.3,28.4,16.15,31.73,66.7,404.01,6.22,24.4,21.73,0,local,normal,none,0
2025-01-02T03:44:24.000Z,CP_015,ChangeConfiguration,258.05,18.37,27.1,20.2,4.74,32.0,55.0,440.0,13.63,27.9,181.95,1,manipulated,voltage_drop,medium,1
2025-01-03T23:11:26.000Z,CP_015,Reset,408.41,28.08,23.4,25.8,12.97,38.62,34.0,444.93,10.54,10.6,36.52,1,local,normal,none,0
2025-01-05T01:55:38.000Z,CP_017,RemoteStartTransaction,392.87,23.08,20.2,83.9,8.42,30.0,39.7,415.7,6.92,19.5,22.83,0,csms,normal,none,0
2025-01-07T19:18:09.000Z,CP_006,RemoteStartTransaction,214.4,30.11,29.2,11.8,6.46,32.0,55.0,440.0,1.89,25.8,225.6,1,manipulated,voltage_drop,medium,1
2025-01-02T00:09:48.000Z,CP_004,RemoteStartTransaction,549.51,21.37,32.3,39.8,11.74,32.0,55.0,440.0,10.63,22.7,-109.51,1,manipulated,voltage_spike,high,1
2025-01-06T08:12:37.000Z,CP_015,UpdateFirmware,391.02,16.12,23.6,15.4,13.23,29.2,41.5,429.23,13.08,17.9,38.21,1,local,normal,none,0
2025-01-01T21:21:49.000Z,CP_020,Reset,382.09,26.09,28.4,38.0,15.55,34.96,42.2,419.12,8.87,13.8,37.03,0,local,normal,none,0
2025-01-07T04:03:26.000Z,CP_003,RemoteStartTransaction,568.01,24.82,43.8,47.4,14.1,32.0,55.0,440.0,7.18,11.2,-128.01,1,manipulated,voltage_spike,high,1
2025-01-07T04:06:44.000Z,CP_003,UpdateFirmware,399.07,25.5,24.0,22.5,9.46,32.95,34.2,435.69,7.45,10.2,36.62,0,csms,normal,none,0
2025-01-01T05:28:30.000Z,CP_006,RemoteStartTransaction,418.62,20.04,41.5,19.7,8.35,29.96,60.2,452.35,9.92,18.7,33.73,0,local,normal,none,0
2025-01-01T02:10:18.000Z,CP_018,UpdateFirmware,399.85,19.32,43.3,38.1,7.44,31.04,66.9,436.55,11.72,23.6,36.7,0,csms,normal,none,0
2025-01-03T03:57:14.000Z,CP_015,RemoteStartTransaction,414.53,22.33,27.6,85.5,15.74,36.68,43.2,445.54,14.35,15.6,31.01,0,local,normal,none,0
2025-01-02T18:24:06.000Z,CP_020,SetChargingProfile,404.25,21.15,42.0,45.6,16.29,33.08,55.7,432.21,11.93,13.7,27.96,1,local,normal,none,0
2025-01-03T08:12:54.000Z,CP_014,UpdateFirmware,410.77,16.11,40.9,50.3,11.59,22.82,54.9,445.07,6.71,14.0,34.3,1,csms,normal,none,0
2025-01-05T00:30:36.000Z,CP_010,ChangeConfiguration,253.32,31.47,34.0,51.1,7.97,32.0,55.0,440.0,0.53,21.0,186.68,1,manipulated,voltage_drop,medium,1
2025-01-05T00:21:41.000Z,CP_013,SetChargingProfile,406.16,28.56,44.2,47.1,10.81,36.15,58.6,428.39,7.59,14.4,22.23,0,csms,normal,none,0
2025-01-01T10:32:37.000Z,CP_004,ChangeConfiguration,394.66,26.41,20.9,84.5,11.13,36.76,31.6,434.55,10.35,10.7,39.89,0,csms,normal,none,0
2025-01-03T12:49:11.000Z,CP_012,ChangeConfiguration,546.84,29.17,35.3,73.9,15.95,32.0,55.0,440.0,2.83,19.7,-106.84,1,manipulated,voltage_spike,high,1
2025-01-05T00:48:09.000Z,CP_017,SetChargingProfile,396.87,19.65,40.0,45.1,13.38,29.24,62.8,432.76,9.59,22.8,35.89,0,local,normal,none,0
2025-01-01T22:46:11.000Z,CP_006,ChangeConfiguration,506.18,31.45,39.2,77.0,15.92,32.0,55.0,440.0,0.55,15.8,-66.18,1,manipulated,voltage_spike,high,1
2025-01-05T04:34:34.000Z,CP_008,RemoteStartTransaction,217.76,23.42,40.7,48.2,5.1,32.0,55.0,440.0,8.58,14.3,222.24,1,manipulated,voltage_drop,medium,1
2025-01-03T07:37:19.000Z,CP_017,SetChargingProfile,418.39,28.07,27.8,85.2,18.72,34.54,42.4,445.25,6.47,14.6,26.86,0,csms,normal,none,0
2025-01-04T11:01:09.000Z,CP_020,ChangeConfiguration,543.29,22.53,36.3,50.0,12.24,32.0,55.0,440.0,9.47,18.7,-103.29,1,manipulated,voltage_spike,high,1
2025-01-01T00:06:24.000Z,CP_012,Reset,404.15,28.91,38.2,55.6,21.61,37.7,56.5,440.74,8.79,18.3,36.59,1,csms,normal,none,0
2025-01-03T00:13:43.000Z,CP_019,RemoteStartTransaction,384.03,21.79,41.5,25.9,11.24,29.48,65.9,410.89,7.69,24.4,26.86,1,local,normal,none,0
2025-01-01T15:09:33.000Z,CP_007,RemoteStartTransaction,404.79,20.04,28.9,77.6,8.55,34.63,45.8,429.65,14.59,16.9,24.86,1,csms,normal,none,0
2025-01-02T11:47:30.000Z,CP_017,ChangeConfiguration,407.94,20.79,30.3,38.7,18.81,32.74,44.6,431.06,11.95,14.3,23.12,0,csms,normal,none,0
2025-01-01T00:07:40.000Z,CP_009,RemoteStartTransaction,389.8,18.23,22.6,73.0,15.36,29.13,33.1,411.67,10.9,10.5,21.87,0,csms,normal,none,0
2025-01-01T05:02:16.000Z,CP_014,SetChargingProfile,380.07,30.81,33.5,71.2,18.23,42.52,49.0,401.47,11.71,15.5,21.4,1,csms,normal,none,0
2025-01-02T15:54:40.000Z,CP_010,ChangeConfiguration,484.34,76.06,55.0,51.2,36.84,32.0,55.0,440.0,-44.06,0.0,-44.34,1,manipulated,combined_attack,critical,1
2025-01-05T17:25:26.000Z,CP_018,UpdateFirmware,414.94,27.54,27.8,39.3,19.47,41.54,47.0,437.88,14.0,19.2,22.94,1,csms,normal,none,0
2025-01-04T05:59:54.000Z,CP_015,ChangeConfiguration,406.19,25.23,31.0,51.0,20.5,32.33,53.1,430.1,7.1,22.1,23.91,1,csms,normal,none,0
2025-01-04T03:11:17.000Z,CP_012,SetChargingProfile,203.66,21.19,35.9,60.6,4.32,32.0,55.0,440.0,10.81,19.1,236.34,1,manipulated,voltage_drop,medium,1
2025-01-02T09:10:03.000Z,CP_006,RemoteStartTransaction,400.67,22.49,44.2,64.2,20.23,34.77,66.5,439.62,12.28,22.3,38.95,1,local,normal,none,0
2025-01-02T04:39:25.000Z,CP_015,ChangeConfiguration,394.3,21.22,35.2,26.6,15.09,34.03,56.7,418.21,12.81,21.5,23.91,1,csms,normal,none,0
2025-01-01T15:46:42.000Z,CP_016,RemoteStartTransaction,393.83,26.82,29.6,81.3,15.55,41.7,40.4,426.7,14.88,10.8,32.87,1,local,normal,none,0
2025-01-01T00:52:16.000Z,CP_007,ChangeConfiguration,403.13,16.72,28.6,15.4,21.91,31.07,39.6,441.81,14.35,11.0,38.68,1,local,normal,none,0
2025-01-06T07:01:24.000Z,CP_013,RemoteStartTransaction,565.68,27.43,31.3,59.1,15.52,32.0,55.0,440.0,4.57,23.7,-125.68,1,manipulated,voltage_spike,high,1
2025-01-01T11:25:48.000Z,CP_002,Reset,396.02,25.12,24.9,57.0,8.47,35.16,46.4,421.61,10.04,21.5,25.59,0,csms,normal,none,0
2025-01-01T08:46:11.000Z,CP_009,ChangeConfiguration,404.64,30.71,39.4,49.5,19.46,41.63,54.2,429.55,10.92,14.8,24.91,1,local,normal,none,0
2025-01-04T01:00:38.000Z,CP_016,SetChargingProfile,413.87,19.79,32.5,44.9,15.37,28.46,57.2,445.23,8.67,24.7,31.36,0,local,normal,none,0
2025-01-04T05:44:16.000Z,CP_017,Reset,418.71,26.54,29.6,36.2,13.41,40.3,50.5,440.49,13.76,20.9,21.78,1,csms,normal,none,0
2025-01-03T07:34:13.000Z,CP_003,Reset,409.88,18.46,31.5,38.2,8.68,24.0,53.4,441.04,5.54,21.9,31.16,0,local,normal,none,0
2025-01-01T22:50:00.000Z,CP_016,RemoteStartTransaction,397.56,19.23,36.4,78.3,11.58,24.57,55.4,427.88,5.34,19.0,30.32,0,csms,normal,none,0
2025-01-03T09:34:31.000Z,CP_001,Reset,381.48,16.9,39.7,13.6,9.13,29.97,59.7,410.65,13.07,20.0,29.17,0,csms,normal,none,0
2025-01-03T21:36:43.000Z,CP_005,RemoteStartTransaction,392.86,31.44,25.3,13.9,9.93,37.07,39.4,428.01,5.63,14.1,35.15,1,csms,normal,none,0
2025-01-01T17:33:07.000Z,CP_016,SetChargingProfile,410.49,27.28,33.9,13.5,12.19,33.44,48.2,442.5,6.16,14.3,32.01,1,csms,normal,none,0
2025-01-01T05:02:26.000Z,CP_016,ChangeConfiguration,409.34,24.07,30.6,43.5,19.22,36.04,42.1,439.25,11.97,11.5,29.91,0,local,normal,none,0
2025-01-01T16:52:07.000Z,CP_001,SetChargingProfile,399.18,20.99,29.1,79.4,20.39,31.97,50.6,426.02,10.98,21.5,26.84,0,csms,normal,none,0
2025-01-05T16:32:08.000Z,CP_014,SetChargingProfile,461.95,168.35,79.7,30.5,77.77,32.0,55.0,440.0,-136.35,-24.7,-21.95,1,manipulated,combined_attack,critical,1
2025-01-03T09:01:21.000Z,CP_010,ChangeConfiguration,530.16,21.73,41.8,23.4,11.52,32.0,55.0,440.0,10.27,13.2,-90.16,1,manipulated,voltage_spike,high,1
2025-01-01T09:31:59.000Z,CP_011,SetChargingProfile,409.81,19.81,44.6,24.3,20.33,25.7,65.2,442.59,5.89,20.6,32.78,1,csms,normal,none,0
2025-01-01T08:07:20.000Z,CP_006,SetChargingProfile,387.66,27.82,26.9,60.1,18.5,38.79,51.6,424.31,10.97,24.7,36.65,0,local,normal,none,0
2025-01-08T14:00:00.000Z,CP_019,ChangeConfiguration,492.26,29.01,38.2,48.7,14.28,32.0,55.0,440.0,2.99,16.8,-52.26,1,manipulated,voltage_spike,high,1
2025-01-01T04:47:15.000Z,CP_007,ChangeConfiguration,398.43,28.34,33.0,93.5,14.3,40.15,47.7,424.89,11.81,14.7,26.46,0,local,normal,none,0
2025-01-03T10:02:46.000Z,CP_013,ChangeConfiguration,408.55,24.36,20.1,89.2,17.43,35.3,31.4,437.89,10.94,11.3,29.34,0,local,normal,none,0
2025-01-06T21:06:51.000Z,CP_013,RemoteStartTransaction,453.41,160.69,81.9,55.5,72.86,32.0,55.0,440.0,-128.69,-26.9,-13.41,1,manipulated,combined_attack,critical,1
2025-01-06T19:48:47.000Z,CP_004,ChangeConfiguration,405.34,24.05,40.1,66.8,19.83,31.17,61.8,436.37,7.12,21.7,31.03,0,local,normal,none,0
2025-01-08T00:11:24.000Z,CP_014,RemoteStartTransaction,382.09,75.73,33.5,112.2,7.78,32.0,55.0,440.0,-43.73,21.5,57.91,1,manipulated,battery_overcharge,critical,1
2025-01-04T12:03:22.000Z,CP_008,SetChargingProfile,389.9,26.37,34.8,87.4,8.36,34.42,49.9,410.29,8.05,15.1,20.39,0,local,normal,none,0
2025-01-05T18:01:34.000Z,CP_015,ChangeConfiguration,406.89,21.65,40.3,80.3,12.63,28.42,61.8,440.83,6.77,21.5,33.94,0,local,normal,none,0
2025-01-03T02:05:05.000Z,CP_006,ChangeConfiguration,391.53,31.31,22.7,33.5,17.58,41.27,45.8,421.94,9.96,23.1,30.41,1,local,normal,none,0
2025-01-02T06:25:50.000Z,CP_016,UpdateFirmware,415.8,20.24,36.0,42.9,12.82,29.05,48.8,436.69,8.81,12.8,20.89,1,local,normal,none,0
2025-01-03T20:03:47.000Z,CP_006,SetChargingProfile,386.32,16.47,32.9,16.0,10.84,25.92,51.6,414.7,9.45,18.7,28.38,0,csms,normal,none,0
2025-01-04T21:54:25.000Z,CP_003,SetChargingProfile,401.61,16.05,43.9,79.5,14.44,26.72,67.9,428.79,10.67,24.0,27.18,1,csms,normal,none,0
2025-01-01T04:45:59.000Z,CP_017,RemoteStartTransaction,408.22,22.65,32.1,50.1,14.07,29.1,45.0,440.21,6.45,12.9,31.99,0,local,normal,none,0
2025-01-02T12:23:07.000Z,CP_002,RemoteStartTransaction,407.93,26.4,63.0,19.7,14.68,32.0,55.0,440.0,5.6,-8.0,32.07,1,manipulated,temperature_limit_bypass,high,1
2025-01-05T11:50:37.000Z,CP_007,ChangeConfiguration,416.17,18.02,32.7,40.2,14.43,29.23,45.5,438.92,11.21,12.8,22.75,0,csms,normal,none,0
2025-01-01T16:34:43.000Z,CP_016,SetChargingProfile,393.87,23.1,36.1,34.8,8.32,36.82,49.6,432.82,13.72,13.5,38.95,1,local,normal,none,0
2025-01-03T05:10:22.000Z,CP_009,RemoteStartTransaction,409.96,27.02,27.1,42.9,9.78,37.74,51.6,447.1,10.72,24.5,37.14,0,local,normal,none,0
2025-01-05T20:27:07.000Z,CP_019,RemoteStartTransaction,472.53,31.51,32.5,68.3,14.89,32.0,55.0,440.0,0.49,22.5,-32.53,1,manipulated,voltage_spike,high,1
2025-01-07T18:50:20.000Z,CP_003,RemoteStartTransaction,399.13,23.07,113.8,18.5,16.0,32.0,55.0,440.0,8.93,-58.8,40.87,1,manipulated,temperature_limit_bypass,critical,1
2025-01-06T08:32:22.000Z,CP_007,SetChargingProfile,548.39,24.4,32.8,24.8,13.38,32.0,55.0,440.0,7.6,22.2,-108.39,1,manipulated,voltage_spike,high,1
2025-01-03T00:03:36.000Z,CP_013,Reset,399.8,24.52,32.8,16.4,13.79,34.61,51.2,427.6,10.09,18.4,27.8,1,csms,normal,none,0
2025-01-02T09:07:30.000Z,CP_003,SetChargingProfile,395.31,28.62,25.5,69.6,19.08,37.74,40.8,426.02,9.12,15.3,30.71,0,local,normal,none,0
2025-01-01T11:39:00.000Z,CP_008,Reset,402.83,19.0,36.7,54.5,12.66,33.53,54.9,438.56,14.53,18.2,35.73,0,local,normal,none,0
2025-01-09T18:26:39.000Z,CP_006,ChangeConfiguration,218.16,30.98,44.1,73.1,6.76,32.0,55.0,440.0,1.02,10.9,221.84,1,manipulated,voltage_drop,medium,1
2025-01-01T08:42:18.000Z,CP_009,RemoteStartTransaction,383.93,27.61,32.2,38.1,9.27,39.16,43.7,416.32,11.55,11.5,32.39,1,local,normal,none,0
2025-01-02T10:18:06.000Z,CP_005,SetChargingProfile,408.61,27.63,25.8,22.8,14.61,36.05,40.5,444.6,8.42,14.7,35.99,1,csms,normal,none,0
2025-01-03T20:46:14.000Z,CP_016,ChangeConfiguration,386.84,19.26,60.3,70.0,11.6,32.0,55.0,440.0,12.74,-5.3,53.16,1,manipulated,temperature_limit_bypass,high,1
2025-01-01T10:06:28.000Z,CP_003,SetChargingProfile,400.18,18.76,26.2,47.2,13.82,28.99,38.6,427.64,10.23,12.4,27.46,1,local,normal,none,0
2025-01-02T00:25:32.000Z,CP_016,SetChargingProfile,392.71,25.68,43.6,87.2,12.67,32.16,66.4,420.1,6.48,22.8,27.39,0,local,normal,none,0
2025-01-05T00:53:07.000Z,CP_001,RemoteStartTransaction,219.86,29.67,25.2,14.2,6.52,32.0,55.0,440.0,2.33,29.8,220.14,1,manipulated,voltage_drop,medium,1
2025-01-02T05:42:41.000Z,CP_011,UpdateFirmware,394.53,16.87,25.6,48.6,15.58,28.07,42.7,427.67,11.2,17.1,33.14,0,csms,normal,none,0
2025-01-01T16:14:00.000Z,CP_012,ChangeConfiguration,391.83,26.36,22.3,50.8,11.85,38.39,45.2,426.78,12.03,22.9,34.95,1,local,normal,none,0
2025-01-03T15:08:02.000Z,CP_009,RemoteStartTransaction,409.91,30.82,27.1,84.5,16.35,43.44,41.1,436.17,12.62,14.0,26.26,1,local,normal,none,0
2025-01-01T09:09:26.000Z,CP_019,SetChargingProfile,403.52,28.13,43.5,88.6,15.62,34.14,57.8,434.23,6.01,14.3,30.71,1,local,normal,none,0
2025-01-01T09:22:29.000Z,CP_009,RemoteStartTransaction,387.54,30.0,39.1,12.7,17.04,41.15,63.1,425.32,11.15,24.0,37.78,0,csms,normal,none,0
2025-01-04T01:56:07.000Z,CP_014,SetChargingProfile,211.35,26.6,22.9,49.5,5.62,32.0,55.0,440.0,5.4,32.1,228.65,1,manipulated,voltage_drop,medium,1
2025-01-04T13:01:47.000Z,CP_011,ChangeConfiguration,490.1,153.03,69.6,41.1,75.0,32.0,55.0,440.0,-121.03,-14.6,-50.1,1,manipulated,combined_attack,critical,1
2025-01-02T10:39:52.000Z,CP_017,RemoteStartTransaction,381.63,17.13,27.6,90.3,21.42,23.1,48.5,412.26,5.97,20.9,30.63,0,csms,normal,none,0
2025-01-01T14:30:04.000Z,CP_012,ChangeConfiguration,399.15,29.53,27.1,39.6,15.79,39.61,43.2,433.44,10.08,16.1,34.29,1,csms,normal,none,0
2025-01-01T09:49:29.000Z,CP_013,SetChargingProfile,400.12,22.7,24.1,27.0,16.23,36.43,34.9,429.73,13.73,10.8,29.61,0,csms,normal,none,0
2025-01-02T10:23:50.000Z,CP_020,UpdateFirmware,405.53,17.36,39.2,65.9,12.58,28.83,49.9,445.2,11.47,10.7,39.67,1,local,normal,none,0
2025-01-01T03:51:27.000Z,CP_019,Reset,411.89,30.96,41.0,31.0,14.31,45.55,63.5,448.32,14.59,22.5,36.43,0,csms,normal,none,0
2025-01-02T21:10:31.000Z,CP_003,ChangeConfiguration,282.26,17.51,41.6,39.1,4.94,32.0,55.0,440.0,14.49,13.4,157.74,1,manipulated,voltage_drop,medium,1
2025-01-01T03:29:23.000Z,CP_012,ChangeConfiguration,539.36,30.26,39.4,82.8,16.32,32.0,55.0,440.0,1.74,15.6,-99.36,1,manipulated,voltage_spike,high,1
2025-01-05T00:52:59.000Z,CP_008,SetChargingProfile,391.9,29.75,24.0,47.3,12.03,42.87,43.7,427.69,13.12,19.7,35.79,0,local,normal,none,0
2025-01-09T07:33:29.000Z,CP_014,ChangeConfiguration,396.06,195.07,35.6,43.1,77.26,32.0,55.0,440.0,-163.07,19.4,43.94,1,manipulated,overcurrent_attack,critical,1
2025-01-02T09:26:25.000Z,CP_015,ChangeConfiguration,394.67,29.52,43.8,41.8,17.36,39.58,57.7,432.18,10.06,13.9,37.51,0,csms,normal,none,0
2025-01-03T06:55:42.000Z,CP_019,ChangeConfiguration,400.59,22.74,20.5,49.9,7.72,30.91,39.1,427.04,8.17,18.6,26.45,1,csms,normal,none,0
2025-01-06T23:39:13.000Z,CP_007,SetChargingProfile,219.49,30.93,44.9,26.6,6.79,32.0,55.0,440.0,1.07,10.1,220.51,1,manipulated,voltage_drop,medium,1
2025-01-06T15:47:15.000Z,CP_020,RemoteStartTransaction,381.69,23.18,24.2,89.1,18.55,37.22,36.8,409.03,14.04,12.6,27.34,1,csms,normal,none,0
2025-01-03T22:16:45.000Z,CP_002,SetChargingProfile,412.93,58.94,43.2,109.8,16.63,32.0,55.0,440.0,-26.94,11.8,27.07,1,manipulated,battery_overcharge,critical,1
2025-01-02T14:03:16.000Z,CP_019,Reset,396.08,19.61,38.6,17.8,19.73,25.56,53.7,417.43,5.95,15.1,21.35,1,local,normal,none,0
2025-01-04T23:10:53.000Z,CP_017,ChangeConfiguration,412.9,25.01,36.6,28.1,21.97,30.05,58.1,436.51,5.04,21.5,23.61,0,local,normal,none,0
2025-01-01T07:28:28.000Z,CP_012,UpdateFirmware,385.56,29.98,27.6,72.7,14.7,41.57,42.9,410.07,11.59,15.3,24.51,1,local,normal,none,0
2025-01-02T02:00:09.000Z,CP_001,SetChargingProfile,389.32,21.54,41.0,84.6,21.28,26.55,60.9,426.3,5.01,19.9,36.98,0,csms,normal,none,0
2025-01-01T09:44:17.000Z,CP_011,Reset,394.04,18.9,23.6,65.9,8.42,31.31,48.2,415.88,12.41,24.6,21.84,0,local,normal,none,0
2025-01-01T04:10:55.000Z,CP_016,UpdateFirmware,392.83,21.29,27.0,53.1,15.44,30.08,49.3,414.41,8.79,22.3,21.58,1,csms,normal,none,0
2025-01-02T20:15:25.000Z,CP_003,ChangeConfiguration,383.78,67.56,35.8,119.4,11.41,32.0,55.0,440.0,-35.56,19.2,56.22,1,manipulated,battery_overcharge,critical,1
2025-01-01T15:34:35.000Z,CP_006,SetChargingProfile,392.7,30.07,38.2,75.1,20.25,39.21,54.4,421.56,9.14,16.2,28.86,0,csms,normal,none,0
2025-01-01T15:07:20.000Z,CP_010,Reset,384.68,21.97,23.5,43.0,16.11,32.72,39.8,414.41,10.75,16.3,29.73,0,csms,normal,none,0
2025-01-02T08:31:55.000Z,CP_008,RemoteStartTransaction,469.63,85.8,72.7,29.8,40.29,32.0,55.0,440.0,-53.8,-17.7,-29.63,1,manipulated,combined_attack,critical,1
2025-01-02T16:00:11.000Z,CP_019,RemoteStartTransaction,388.71,27.15,42.0,77.2,14.05,39.23,59.9,414.78,12.08,17.9,26.07,1,local,normal,none,0
2025-01-01T00:12:16.000Z,CP_001,Reset,403.12,17.89,20.2,65.6,17.44,26.05,35.6,426.22,8.16,15.4,23.1,1,local,normal,none,0
2025-01-01T02:36:52.000Z,CP_005,RemoteStartTransaction,418.9,26.28,31.2,67.8,12.43,40.06,52.9,451.7,13.78,21.7,32.8,0,local,normal,none,0
2025-01-05T02:20:18.000Z,CP_011,RemoteStartTransaction,418.14,16.67,98.7,85.0,18.07,32.0,55.0,440.0,15.33,-43.7,21.86,1,manipulated,temperature_limit_bypass,critical,1
2025-01-04T16:58:01.000Z,CP_005,UpdateFirmware,405.86,16.03,31.9,86.6,17.22,25.16,55.3,439.93,9.13,23.4,34.07,0,csms,normal,none,0
2025-01-01T00:24:10.000Z,CP_003,UpdateFirmware,412.93,23.55,35.0,17.5,11.24,32.26,54.1,447.42,8.71,19.1,34.49,1,csms,normal,none,0
2025-01-02T02:43:44.000Z,CP_011,ChangeConfiguration,399.87,28.98,36.7,24.2,11.77,43.67,49.7,432.58,14.69,13.0,32.71,0,local,normal,none,0
2025-01-06T02:32:39.000Z,CP_011,RemoteStartTransaction,415.36,31.13,35.9,93.3,17.73,38.86,55.8,441.79,7.73,19.9,26.43,1,local,normal,none,0
2025-01-05T04:47:00.000Z,CP_007,ChangeConfiguration,416.92,30.87,44.0,53.8,20.44,45.22,67.4,453.89,14.35,23.4,36.97,1,csms,normal,none,0
2025-01-03T05:51:41.000Z,CP_015,RemoteStartTransaction,415.74,27.13,43.3,63.0,14.03,36.37,65.6,443.43,9.24,22.3,27.69,0,local,normal,none,0
2025-01-02T02:08:24.000Z,CP_007,UpdateFirmware,405.71,28.76,26.2,94.5,15.34,33.96,41.9,439.98,5.2,15.7,34.27,1,local,normal,none,0
2025-01-05T07:40:09.000Z,CP_008,ChangeConfiguration,381.36,19.85,32.2,68.5,21.34,31.38,47.8,415.2,11.53,15.6,33.84,1,local,normal,none,0
2025-01-03T10:32:12.000Z,CP_018,SetChargingProfile,417.05,16.34,26.2,55.0,12.27,25.27,38.6,443.99,8.93,12.4,26.94,1,local,normal,none,0
2025-01-01T20:52:14.000Z,CP_019,ChangeConfiguration,403.92,26.76,28.0,35.6,9.49,38.36,41.3,429.93,11.6,13.3,26.01,0,local,normal,none,0
2025-01-06T16:54:21.000Z,CP_012,RemoteStartTransaction,411.42,117.67,33.3,42.6,48.41,32.0,55.0,440.0,-85.67,21.7,28.58,1,manipulated,overcurrent_attack,critical,1
2025-01-05T15:50:24.000Z,CP_004,RemoteStartTransaction,401.06,27.11,91.9,68.2,12.62,32.0,55.0,440.0,4.89,-36.9,38.94,1,manipulated,temperature_limit_bypass,critical,1
2025-01-03T02:46:43.000Z,CP_015,ChangeConfiguration,410.11,25.2,22.3,46.7,18.88,31.68,37.3,439.63,6.48,15.0,29.52,1,local,normal,none,0
2025-01-02T09:23:00.000Z,CP_017,ChangeConfiguration,411.32,27.53,24.2,20.8,18.8,35.22,47.5,446.75,7.69,23.3,35.43,1,local,normal,none,0
2025-01-03T17:53:37.000Z,CP_010,SetChargingProfile,381.82,27.83,34.1,35.6,13.17,34.06,46.2,412.95,6.23,12.1,31.13,1,csms,normal,none,0
2025-01-05T17:40:17.000Z,CP_012,UpdateFirmware,380.46,17.87,23.1,64.5,20.66,25.12,41.9,420.21,7.25,18.8,39.75,1,csms,normal,none,0
2025-01-06T17:31:35.000Z,CP_018,RemoteStartTransaction,399.7,24.58,25.8,17.1,17.84,34.85,47.4,435.93,10.27,21.6,36.23,0,csms,normal,none,0
2025-01-05T06:46:27.000Z,CP_016,ChangeConfiguration,390.1,21.97,147.4,67.7,11.78,32.0,55.0,440.0,10.03,-92.4,49.9,1,manipulated,temperature_limit_bypass,critical,1
2025-01-01T01:14:32.000Z,CP_017,UpdateFirmware,392.07,26.29,20.8,94.9,19.77,35.55,32.4,426.32,9.26,11.6,34.25,0,csms,normal,none,0
2025-01-01T17:40:12.000Z,CP_009,Reset,385.01,20.85,33.3,52.7,9.86,35.27,45.6,418.18,14.42,12.3,33.17,1,csms,normal,none,0
2025-01-01T21:38:54.000Z,CP_015,SetChargingProfile,381.39,17.08,39.5,41.1,12.99,27.75,58.6,414.97,10.67,19.1,33.58,1,local,normal,none,0
2025-01-02T15:35:49.000Z,CP_003,SetChargingProfile,461.92,90.64,71.6,59.7,41.87,32.0,55.0,440.0,-58.64,-16.6,-21.92,1,manipulated,combined_attack,critical,1
2025-01-06T00:30:19.000Z,CP_009,SetChargingProfile,392.92,24.64,104.4,66.8,8.81,32.0,55.0,440.0,7.36,-49.4,47.08,1,manipulated,temperature_limit_bypass,critical,1
2025-01-03T06:55:03.000Z,CP_005,ChangeConfiguration,385.49,19.2,30.2,58.4,20.64,28.78,44.9,419.8,9.58,14.7,34.31,1,local,normal,none,0
2025-01-01T22:22:42.000Z,CP_003,RemoteStartTransaction,402.0,20.65,27.5,23.4,17.76,32.65,40.1,429.23,12.0,12.6,27.23,0,csms,normal,none,0
2025-01-06T08:39:39.000Z,CP_003,RemoteStartTransaction,402.82,67.37,20.6,112.5,9.83,32.0,55.0,440.0,-35.37,34.4,37.18,1,manipulated,battery_overcharge,critical,1
2025-01-01T03:58:07.000Z,CP_013,SetChargingProfile,417.24,28.3,43.7,88.9,9.68,43.0,61.9,447.39,14.7,18.2,30.15,1,local,normal,none,0
2025-01-02T18:43:08.000Z,CP_016,RemoteStartTransaction,398.51,21.74,27.6,56.9,9.97,32.81,50.2,435.68,11.07,22.6,37.17,0,local,normal,none,0
2025-01-03T09:09:42.000Z,CP_018,UpdateFirmware,391.66,25.85,31.2,27.5,20.21,33.85,53.1,425.25,8.0,21.9,33.59,1,csms,normal,none,0
2025-01-05T02:41:37.000Z,CP_011,ChangeConfiguration,410.88,58.94,26.9,113.4,20.12,32.0,55.0,440.0,-26.94,28.1,29.12,1,manipulated,battery_overcharge,critical,1
2025-01-01T11:48:08.000Z,CP_017,Reset,402.47,21.11,31.7,32.7,11.02,27.08,46.1,430.15,5.97,14.4,27.68,1,csms,normal,none,0
2025-01-02T16:46:54.000Z,CP_008,SetChargingProfile,406.61,397.28,37.0,37.5,161.54,32.0,55.0,440.0,-365.28,18.0,33.39,1,manipulated,overcurrent_attack,critical,1
2025-01-03T11:24:29.000Z,CP_014,ChangeConfiguration,415.2,25.91,28.5,89.7,18.83,35.45,43.4,439.05,9.54,14.9,23.85,0,csms,normal,none,0
2025-01-01T13:50:49.000Z,CP_014,RemoteStartTransaction,393.6,28.6,26.7,10.2,18.0,41.97,45.4,426.8,13.37,18.7,33.2,1,local,normal,none,0
2025-01-03T14:48:31.000Z,CP_009,ChangeConfiguration,539.16,23.11,39.7,69.5,12.46,32.0,55.0,440.0,8.89,15.3,-99.16,1,manipulated,voltage_spike,high,1
2025-01-02T04:49:00.000Z,CP_006,RemoteStartTransaction,417.96,18.67,25.3,26.4,8.02,24.45,45.5,442.0,5.78,20.2,24.04,1,local,normal,none,0
2025-01-01T01:30:55.000Z,CP_013,SetChargingProfile,419.24,20.06,20.4,77.0,12.43,32.39,39.8,454.67,12.33,19.4,35.43,0,csms,normal,none,0
2025-01-01T04:15:44.000Z,CP_019,RemoteStartTransaction,394.76,24.86,28.6,94.7,15.44,33.38,45.4,420.89,8.52,16.8,26.13,0,csms,normal,none,0
2025-01-02T14:50:18.000Z,CP_020,UpdateFirmware,383.46,28.24,30.9,43.6,17.05,37.98,48.9,406.19,9.74,18.0,22.73,1,csms,normal,none,0
2025-01-01T04:38:20.000Z,CP_003,UpdateFirmware,385.05,25.99,34.6,70.5,12.96,36.96,49.0,415.16,10.97,14.4,30.11,0,csms,normal,none,0
2025-01-02T19:50:36.000Z,CP_018,SetChargingProfile,407.77,18.77,36.7,72.8,17.79,32.14,48.4,439.69,13.37,11.7,31.92,0,local,normal,none,0
2025-01-02T19:28:07.000Z,CP_020,ChangeConfiguration,536.36,19.78,20.5,11.5,10.61,32.0,55.0,440.0,12.22,34.5,-96.36,1,manipulated,voltage_spike,high,1
2025-01-02T08:36:58.000Z,CP_011,Reset,395.54,18.88,28.0,28.6,20.48,31.67,38.9,435.37,12.79,10.9,39.83,1,csms,normal,none,0
2025-01-05T05:22:13.000Z,CP_003,UpdateFirmware,406.06,20.83,40.1,46.8,15.28,27.83,56.1,438.56,7.0,16.0,32.5,0,csms,normal,none,0
2025-01-03T23:46:14.000Z,CP_006,SetChargingProfile,390.24,16.25,36.4,83.8,21.11,27.08,57.2,424.0,10.83,20.8,33.76,0,local,normal,none,0
2025-01-07T16:41:00.000Z,CP_001,ChangeConfiguration,385.47,22.02,73.6,67.2,11.27,32.0,55.0,440.0,9.98,-18.6,54.53,1,manipulated,temperature_limit_bypass,high,1
2025-01-02T08:06:37.000Z,CP_005,UpdateFirmware,405.49,22.31,34.8,15.3,17.07,28.62,49.2,442.51,6.31,14.4,37.02,1,local,normal,none,0
2025-01-03T23:48:15.000Z,CP_005,RemoteStartTransaction,392.18,22.51,22.1,64.0,10.37,37.19,37.7,431.89,14.68,15.6,39.71,1,local,normal,none,0
2025-01-01T06:56:54.000Z,CP_016,Reset,380.24,21.63,38.8,82.5,21.32,30.82,60.0,411.16,9.19,21.2,30.92,0,local,normal,none,0
2025-01-02T03:35:21.000Z,CP_015,Reset,389.27,22.48,24.6,64.4,13.71,27.77,43.8,413.22,5.29,19.2,23.95,1,local,normal,none,0
2025-01-02T22:21:54.000Z,CP_004,ChangeConfiguration,510.21,27.32,42.0,52.5,13.94,32.0,55.0,440.0,4.68,13.0,-70.21,1,manipulated,voltage_spike,high,1
2025-01-04T00:31:46.000Z,CP_005,RemoteStartTransaction,405.39,17.42,99.1,71.5,10.53,32.0,55.0,440.0,14.58,-44.1,34.61,1,manipulated,temperature_limit_bypass,critical,1
2025-01-06T20:47:08.000Z,CP_014,RemoteStartTransaction,227.11,17.88,44.9,71.2,4.06,32.0,55.0,440.0,14.12,10.1,212.89,1,manipulated,voltage_drop,medium,1
2025-01-01T19:31:04.000Z,CP_007,Reset,407.49,22.0,27.8,87.2,19.2,28.8,38.0,431.06,6.8,10.2,23.57,0,csms,normal,none,0
2025-01-02T03:18:59.000Z,CP_012,SetChargingProfile,514.4,199.63,87.2,52.3,102.69,32.0,55.0,440.0,-167.63,-32.2,-74.4,1,manipulated,combined_attack,critical,1
2025-01-01T00:19:11.000Z,CP_018,ChangeConfiguration,385.06,16.73,21.4,34.8,21.18,28.11,42.7,407.11,11.38,21.3,22.05,1,local,normal,none,0
2025-01-01T00:55:52.000Z,CP_003,Reset,381.82,26.26,34.4,65.3,18.6,35.43,54.0,411.78,9.17,19.6,29.96,1,local,normal,none,0
2025-01-01T19:31:57.000Z,CP_001,UpdateFirmware,417.32,26.63,26.7,69.5,20.61,37.38,44.4,456.12,10.75,17.7,38.8,1,local,normal,none,0
2025-01-05T01:38:34.000Z,CP_001,ChangeConfiguration,399.29,44.62,29.4,111.0,17.64,32.0,55.0,440.0,-12.62,25.6,40.71,1,manipulated,battery_overcharge,critical,1
2025-01-02T05:40:04.000Z,CP_004,SetChargingProfile,416.09,23.82,83.1,37.8,21.18,32.0,55.0,440.0,8.18,-28.1,23.91,1,manipulated,temperature_limit_bypass,critical,1
2025-01-05T23:34:41.000Z,CP_004,Reset,383.43,27.71,42.9,88.4,18.62,34.7,57.8,409.78,6.99,14.9,26.35,1,csms,normal,none,0
2025-01-01T00:25:50.000Z,CP_009,RemoteStartTransaction,401.46,23.28,36.8,67.1,15.93,36.5,60.9,423.63,13.22,24.1,22.17,1,csms,normal,none,0
2025-01-03T01:50:07.000Z,CP_019,SetChargingProfile,457.32,25.85,33.5,77.5,11.82,32.0,55.0,440.0,6.15,21.5,-17.32,1,manipulated,voltage_spike,high,1
2025-01-07T06:46:11.000Z,CP_017,ChangeConfiguration,386.09,194.2,34.8,67.3,74.98,32.0,55.0,440.0,-162.2,20.2,53.91,1,manipulated,overcurrent_attack,critical,1
2025-01-01T04:32:49.000Z,CP_004,SetChargingProfile,416.19,26.31,31.4,93.1,11.26,31.81,53.6,453.67,5.5,22.2,37.48,1,local,normal,none,0
2025-01-01T05:50:06.000Z,CP_005,UpdateFirmware,386.22,24.0,39.2,30.1,17.3,32.42,63.8,420.97,8.42,24.6,34.75,1,local,normal,none,0
2025-01-02T07:52:37.000Z,CP_003,SetChargingProfile,400.27,25.25,144.7,23.8,10.46,32.0,55.0,440.0,6.75,-89.7,39.73,1,manipulated,temperature_limit_bypass,critical,1
2025-01-04T04:42:39.000Z,CP_019,UpdateFirmware,411.49,18.84,31.4,59.2,21.0,24.77,45.9,438.86,5.93,14.5,27.37,0,local,normal,none,0
2025-01-02T02:50:45.000Z,CP_017,RemoteStartTransaction,404.44,19.02,41.4,63.5,9.57,25.22,57.4,429.92,6.2,16.0,25.48,0,local,normal,none,0
2025-01-01T02:57:46.000Z,CP_017,RemoteStartTransaction,392.37,22.53,30.1,35.1,9.26,31.73,54.2,425.92,9.2,24.1,33.55,1,local,normal,none,0
2025-01-02T04:31:54.000Z,CP_011,Reset,384.75,23.96,36.3,18.7,13.42,34.53,46.3,406.57,10.57,10.0,21.82,1,csms,normal,none,0
2025-01-01T11:12:31.000Z,CP_007,RemoteStartTransaction,508.02,21.43,36.4,46.2,10.89,32.0,55.0,440.0,10.57,18.6,-68.02,1,manipulated,voltage_spike,high,1
2025-01-01T00:30:50.000Z,CP_017,ChangeConfiguration,415.28,23.04,25.7,53.7,11.5,29.54,38.1,447.32,6.5,12.4,32.04,0,local,normal,none,0
2025-01-02T02:02:14.000Z,CP_017,Reset,416.31,21.78,31.7,48.6,8.08,36.59,46.6,450.38,14.81,14.9,34.07,1,local,normal,none,0
2025-01-03T03:19:11.000Z,CP_003,RemoteStartTransaction,403.93,26.97,34.9,79.7,12.18,38.42,45.8,428.28,11.45,10.9,24.35,0,csms,normal,none,0
2025-01-04T16:08:14.000Z,CP_005,UpdateFirmware,407.52,20.92,25.2,93.4,13.6,33.55,36.9,427.9,12.63,11.7,20.38,1,csms,normal,none,0
2025-01-02T17:41:41.000Z,CP_016,SetChargingProfile,403.73,27.15,41.0,47.8,11.84,33.47,62.8,427.16,6.32,21.8,23.43,0,local,normal,none,0
2025-01-01T01:05:32.000Z,CP_003,UpdateFirmware,403.8,26.8,25.9,20.2,20.4,34.26,44.8,436.19,7.46,18.9,32.39,1,local,normal,none,0
2025-01-04T10:35:03.000Z,CP_009,ChangeConfiguration,460.59,97.56,80.5,43.9,44.94,32.0,55.0,440.0,-65.56,-25.5,-20.59,1,manipulated,combined_attack,critical,1
2025-01-03T01:45:43.000Z,CP_016,ChangeConfiguration,390.51,24.49,30.9,34.5,19.04,33.31,45.6,421.12,8.82,14.7,30.61,0,local,normal,none,0
2025-01-01T06:16:09.000Z,CP_006,UpdateFirmware,404.1,28.16,36.4,25.1,18.68,38.1,57.7,439.3,9.94,21.3,35.2,1,local,normal,none,0
2025-01-01T15:05:39.000Z,CP_005,SetChargingProfile,394.98,20.75,23.8,27.4,7.95,34.98,42.8,433.9,14.23,19.0,38.92,0,local,normal,none,0
2025-01-05T09:20:36.000Z,CP_008,RemoteStartTransaction,390.91,19.19,68.3,32.0,13.82,32.0,55.0,440.0,12.81,-13.3,49.09,1,manipulated,temperature_limit_bypass,high,1
2025-01-03T09:46:54.000Z,CP_002,ChangeConfiguration,416.93,28.42,41.4,71.8,11.77,41.57,65.1,440.11,13.15,23.7,23.18,1,local,normal,none,0
2025-01-05T02:03:44.000Z,CP_014,SetChargingProfile,409.43,19.88,20.9,79.1,16.61,31.64,41.4,442.34,11.76,20.5,32.91,1,csms,normal,none,0
2025-01-03T13:22:58.000Z,CP_018,RemoteStartTransaction,389.09,17.43,27.7,45.0,9.67,22.54,45.5,424.26,5.11,17.8,35.17,1,local,normal,none,0
2025-01-04T12:47:30.000Z,CP_013,RemoteStartTransaction,388.21,18.95,44.7,40.8,8.48,24.25,56.4,414.02,5.3,11.7,25.81,1,csms,normal,none,0
2025-01-02T23:43:19.000Z,CP_001,SetChargingProfile,402.14,24.88,23.1,10.4,16.11,35.25,47.3,428.23,10.37,24.2,26.09,0,local,normal,none,0
2025-01-04T16:44:43.000Z,CP_012,RemoteStartTransaction,383.83,25.28,40.6,11.1,14.97,34.01,57.9,410.64,8.73,17.3,26.81,0,csms,normal,none,0
2025-01-01T08:35:53.000Z,CP_010,Reset,398.83,17.95,41.5,38.0,13.44,25.05,54.6,419.99,7.1,13.1,21.16,0,local,normal,none,0
2025-01-02T01:52:48.000Z,CP_003,ChangeConfiguration,391.97,25.02,34.2,82.2,17.28,35.43,50.0,426.76,10.41,15.8,34.79,1,csms,normal,none,0
2025-01-01T01:19:31.000Z,CP_014,SetChargingProfile,578.85,16.01,26.3,39.8,9.27,32.0,55.0,440.0,15.99,28.7,-138.85,1,manipulated,voltage_spike,high,1
2025-01-05T01:00:47.000Z,CP_019,ChangeConfiguration,414.85,27.25,38.8,74.7,12.08,41.23,56.4,443.31,13.98,17.6,28.46,0,local,normal,none,0
2025-01-08T17:00:01.000Z,CP_001,SetChargingProfile,265.49,27.28,42.8,75.2,7.24,32.0,55.0,440.0,4.72,12.2,174.51,1,manipulated,voltage_drop,medium,1
2025-01-01T18:41:57.000Z,CP_006,Reset,387.36,25.87,26.3,19.7,17.2,36.54,37.1,422.38,10.67,10.8,35.02,1,csms,normal,none,0
2025-01-06T17:23:13.000Z,CP_007,RemoteStartTransaction,413.53,22.33,93.6,34.7,9.76,32.0,55.0,440.0,9.67,-38.6,26.47,1,manipulated,temperature_limit_bypass,critical,1
2025-01-01T02:56:07.000Z,CP_006,ChangeConfiguration,403.22,31.74,21.0,60.7,12.45,44.6,37.5,442.9,12.86,16.5,39.68,1,csms,normal,none,0
2025-01-06T08:47:57.000Z,CP_004,UpdateFirmware,400.09,28.4,20.6,77.7,14.36,42.09,31.2,423.31,13.69,10.6,23.22,0,csms,normal,none,0
2025-01-01T16:26:05.000Z,CP_004,ChangeConfiguration,280.94,22.64,42.5,47.4,6.36,32.0,55.0,440.0,9.36,12.5,159.06,1,manipulated,voltage_drop,medium,1
2025-01-01T11:53:48.000Z,CP_005,SetChargingProfile,389.93,17.34,23.6,63.3,7.6,32.0,48.0,412.06,14.66,24.4,22.13,0,csms,normal,none,0
2025-01-01T06:55:39.000Z,CP_020,UpdateFirmware,407.33,23.96,34.6,29.7,16.71,33.56,54.6,445.31,9.6,20.0,37.98,1,csms,normal,none,0
2025-01-02T20:36:19.000Z,CP_013,UpdateFirmware,409.43,29.68,36.5,73.6,13.92,41.67,48.9,433.72,11.99,12.4,24.29,1,csms,normal,none,0
2025-01-05T14:39:57.000Z,CP_015,Reset,395.39,26.55,37.5,18.1,17.6,31.99,60.8,418.55,5.44,23.3,23.16,1,csms,normal,none,0
2025-01-01T02:25:06.000Z,CP_018,ChangeConfiguration,414.09,21.05,40.4,35.2,10.6,32.85,52.6,439.76,11.8,12.2,25.67,1,local,normal,none,0
2025-01-02T07:41:24.000Z,CP_019,SetChargingProfile,404.36,16.6,26.9,22.2,16.29,28.54,37.5,442.15,11.94,10.6,37.79,0,csms,normal,none,0
2025-01-01T03:01:26.000Z,CP_011,ChangeConfiguration,412.82,26.88,21.6,91.5,8.81,40.23,41.6,447.3,13.35,20.0,34.48,1,csms,normal,none,0
2025-01-01T05:37:20.000Z,CP_019,UpdateFirmware,411.41,30.75,23.8,91.0,12.22,42.05,42.8,443.57,11.3,19.0,32.16,1,csms,normal,none,0
2025-01-01T05:05:18.000Z,CP_009,UpdateFirmware,397.97,24.21,40.8,17.8,20.69,37.38,64.1,436.58,13.17,23.3,38.61,0,local,normal,none,0
2025-01-05T17:06:43.000Z,CP_011,ChangeConfiguration,381.04,26.9,37.0,43.5,16.02,41.41,59.6,404.12,14.51,22.6,23.08,1,local,normal,none,0
2025-01-05T03:36:40.000Z,CP_009,ChangeConfiguration,478.63,189.57,63.2,46.7,90.73,32.0,55.0,440.0,-157.57,-8.2,-38.63,1,manipulated,combined_attack,critical,1
2025-01-01T14:39:23.000Z,CP_008,RemoteStartTransaction,418.29,23.65,31.4,94.1,12.85,35.67,55.1,453.44,12.02,23.7,35.15,0,csms,normal,none,0
2025-01-01T02:06:42.000Z,CP_011,ChangeConfiguration,396.47,23.93,36.6,44.0,18.5,29.3,47.9,421.52,5.37,11.3,25.05,1,csms,normal,none,0
2025-01-01T18:29:23.000Z,CP_008,UpdateFirmware,386.02,26.96,27.5,47.0,12.05,40.26,38.5,410.09,13.3,11.0,24.07,1,local,normal,none,0
2025-01-05T22:11:50.000Z,CP_017,ChangeConfiguration,430.62,124.71,88.7,88.2,53.7,32.0,55.0,440.0,-92.71,-33.7,9.38,1,manipulated,combined_attack,critical,1
2025-01-01T17:53:14.000Z,CP_019,Reset,382.47,28.04,36.7,17.3,12.42,38.45,61.3,414.26,10.41,24.6,31.79,0,local,normal,none,0
2025-01-02T11:52:22.000Z,CP_008,SetChargingProfile,404.25,19.11,43.2,58.9,11.21,28.18,54.8,425.7,9.07,11.6,21.45,1,csms,normal,none,0
2025-01-01T17:41:54.000Z,CP_007,SetChargingProfile,397.2,30.21,30.3,80.3,13.22,42.51,45.0,423.45,12.3,14.7,26.25,1,csms,normal,none,0
2025-01-05T04:07:18.000Z,CP_006,RemoteStartTransaction,383.1,28.22,36.9,23.0,12.63,35.39,47.4,416.6,7.17,10.5,33.5,1,csms,normal,none,0
2025-01-01T02:13:16.000Z,CP_002,Reset,417.95,22.37,27.2,70.6,18.6,31.61,43.2,450.76,9.24,16.0,32.81,0,local,normal,none,0
2025-01-01T01:49:09.000Z,CP_017,RemoteStartTransaction,417.75,17.36,27.9,93.5,9.8,22.97,49.3,450.95,5.61,21.4,33.2,0,local,normal,none,0
2025-01-02T02:33:52.000Z,CP_018,Reset,407.48,30.98,34.3,30.0,11.76,39.93,57.1,428.17,8.95,22.8,20.69,0,csms,normal,none,0
2025-01-01T03:12:17.000Z,CP_015,RemoteStartTransaction,383.67,19.39,36.0,92.5,8.14,27.73,60.8,419.41,8.34,24.8,35.74,0,csms,normal,none,0
2025-01-03T08:05:51.000Z,CP_003,SetChargingProfile,461.11,21.37,31.3,72.5,9.85,32.0,55.0,440.0,10.63,23.7,-21.11,1,manipulated,voltage_spike,high,1
2025-01-07T12:21:16.000Z,CP_013,SetChargingProfile,472.2,30.8,34.6,20.2,14.54,32.0,55.0,440.0,1.2,20.4,-32.2,1,manipulated,voltage_spike,high,1
2025-01-02T17:15:16.000Z,CP_001,UpdateFirmware,384.67,17.48,37.8,42.7,17.71,32.22,49.0,422.87,14.74,11.2,38.2,0,local,normal,none,0
2025-01-09T03:26:27.000Z,CP_001,ChangeConfiguration,541.07,23.85,25.9,88.3,12.9,32.0,55.0,440.0,8.15,29.1,-101.07,1,manipulated,voltage_spike,high,1
2025-01-03T00:05:10.000Z,CP_012,ChangeConfiguration,419.58,77.89,41.7,102.2,18.86,32.0,55.0,440.0,-45.89,13.3,20.42,1,manipulated,battery_overcharge,critical,1
2025-01-03T00:44:19.000Z,CP_007,RemoteStartTransaction,509.5,69.35,77.3,63.1,35.33,32.0,55.0,440.0,-37.35,-22.3,-69.5,1,manipulated,combined_attack,critical,1
2025-01-03T09:00:59.000Z,CP_015,Reset,418.51,28.09,44.4,76.4,16.3,41.67,55.9,449.76,13.58,11.5,31.25,0,csms,normal,none,0
2025-01-03T20:04:46.000Z,CP_013,ChangeConfiguration,387.59,26.93,39.1,23.1,11.53,36.03,53.9,409.52,9.1,14.8,21.93,0,csms,normal,none,0
2025-01-07T02:19:37.000Z,CP_007,ChangeConfiguration,383.52,51.66,34.3,110.6,11.21,32.0,55.0,440.0,-19.66,20.7,56.48,1,manipulated,battery_overcharge,critical,1
2025-01-04T17:16:11.000Z,CP_011,SetChargingProfile,270.18,31.12,26.9,26.2,8.41,32.0,55.0,440.0,0.88,28.1,169.82,1,manipulated,voltage_drop,medium,1
2025-01-05T11:16:02.000Z,CP_006,SetChargingProfile,395.93,24.28,125.9,78.5,12.46,32.0,55.0,440.0,7.72,-70.9,44.07,1,manipulated,temperature_limit_bypass,critical,1
2025-01-05T01:31:27.000Z,CP_006,SetChargingProfile,394.93,17.81,42.9,31.2,15.27,30.47,54.7,420.91,12.66,11.8,25.98,1,csms,normal,none,0
2025-01-01T07:03:07.000Z,CP_014,RemoteStartTransaction,405.56,25.96,21.6,81.1,14.7,36.32,41.1,437.06,10.36,19.5,31.5,1,local,normal,none,0
2025-01-01T11:06:39.000Z,CP_003,SetChargingProfile,493.01,121.0,81.5,63.6,59.65,32.0,55.0,440.0,-89.0,-26.5,-53.01,1,manipulated,combined_attack,critical,1
2025-01-08T19:52:58.000Z,CP_017,RemoteStartTransaction,398.34,75.28,29.3,112.8,21.66,32.0,55.0,440.0,-43.28,25.7,41.66,1,manipulated,battery_overcharge,critical,1
2025-01-01T01:02:52.000Z,CP_013,UpdateFirmware,390.71,19.38,43.6,84.5,11.99,30.93,59.5,429.0,11.55,15.9,38.29,0,local,normal,none,0
2025-01-03T04:00:23.000Z,CP_001,RemoteStartTransaction,394.5,23.58,23.3,19.4,20.71,32.19,46.0,430.07,8.61,22.7,35.57,1,local,normal,none,0
2025-01-06T17:35:25.000Z,CP_017,ChangeConfiguration,399.54,24.3,34.6,70.7,18.93,30.54,55.9,438.85,6.24,21.3,39.31,0,csms,normal,none,0
2025-01-01T08:13:48.000Z,CP_006,ChangeConfiguration,417.08,31.77,41.7,51.6,12.14,41.35,55.4,445.18,9.58,13.7,28.1,1,local,normal,none,0
2025-01-01T05:02:31.000Z,CP_002,SetChargingProfile,389.3,19.5,33.2,10.1,20.8,26.51,45.2,423.64,7.01,12.0,34.34,0,csms,normal,none,0
2025-01-09T04:12:49.000Z,CP_007,SetChargingProfile,448.06,189.06,67.3,39.0,84.71,32.0,55.0,440.0,-157.06,-12.3,-8.06,1,manipulated,combined_attack,critical,1
2025-01-03T11:46:00.000Z,CP_007,SetChargingProfile,412.3,26.47,39.2,23.7,21.47,36.63,60.1,445.33,10.16,20.9,33.03,1,csms,normal,none,0
2025-01-01T16:57:38.000Z,CP_005,Reset,393.12,25.81,24.1,94.2,18.19,33.8,39.1,429.69,7.99,15.0,36.57,1,local,normal,none,0
2025-01-04T18:33:28.000Z,CP_008,UpdateFirmware,403.36,23.44,35.5,46.2,14.23,32.53,57.6,429.7,9.09,22.1,26.34,0,csms,normal,none,0
2025-01-05T22:20:15.000Z,CP_016,ChangeConfiguration,402.19,45.09,38.3,101.6,13.62,32.0,55.0,440.0,-13.09,16.7,37.81,1,manipulated,battery_overcharge,critical,1
2025-01-04T15:43:23.000Z,CP_011,UpdateFirmware,412.67,31.06,36.6,42.2,8.24,39.62,51.6,434.67,8.56,15.0,22.0,1,csms,normal,none,0
2025-01-01T07:10:50.000Z,CP_016,RemoteStartTransaction,392.24,26.0,130.5,32.5,12.09,32.0,55.0,440.0,6.0,-75.5,47.76,1,manipulated,temperature_limit_bypass,critical,1
2025-01-03T07:48:22.000Z,CP_014,SetChargingProfile,391.16,65.45,35.8,112.7,17.43,32.0,55.0,440.0,-33.45,19.2,48.84,1,manipulated,battery_overcharge,critical,1
2025-01-03T01:25:35.000Z,CP_020,SetChargingProfile,405.78,29.26,40.0,59.1,9.28,40.62,64.7,429.25,11.36,24.7,23.47,0,local,normal,none,0
2025-01-03T16:30:51.000Z,CP_005,Reset,387.61,30.78,38.3,54.5,18.72,37.21,61.4,424.05,6.43,23.1,36.44,0,csms,normal,none,0
2025-01-01T03:56:26.000Z,CP_013,RemoteStartTransaction,399.78,19.9,36.4,10.5,18.36,32.6,48.0,428.28,12.7,11.6,28.5,1,csms,normal,none,0
2025-01-07T07:48:51.000Z,CP_007,ChangeConfiguration,393.64,380.94,30.9,46.3,149.95,32.0,55.0,440.0,-348.94,24.1,46.36,1,manipulated,overcurrent_attack,critical,1
2025-01-05T15:07:40.000Z,CP_007,SetChargingProfile,416.44,18.51,27.3,47.5,14.79,30.84,38.8,449.38,12.33,11.5,32.94,0,csms,normal,none,0
2025-01-01T16:26:00.000Z,CP_018,RemoteStartTransaction,395.46,23.6,28.2,91.8,16.73,31.65,40.8,428.96,8.05,12.6,33.5,0,local,normal,none,0
2025-01-01T01:12:51.000Z,CP_016,RemoteStartTransaction,394.78,106.78,43.7,46.3,42.15,32.0,55.0,440.0,-74.78,11.3,45.22,1,manipulated,overcurrent_attack,critical,1
2025-01-02T08:32:51.000Z,CP_018,UpdateFirmware,412.53,25.2,37.4,92.1,15.62,37.9,58.8,451.75,12.7,21.4,39.22,1,csms,normal,none,0
2025-01-01T21:37:05.000Z,CP_005,SetChargingProfile,416.67,20.96,36.4,66.3,9.28,33.05,47.7,447.85,12.09,11.3,31.18,0,csms,normal,none,0
2025-01-01T19:41:22.000Z,CP_018,RemoteStartTransaction,411.66,18.01,25.8,93.4,18.91,30.58,47.9,440.43,12.57,22.1,28.77,0,local,normal,none,0
2025-01-03T12:51:44.000Z,CP_005,UpdateFirmware,388.25,26.24,33.1,45.0,21.1,37.35,43.7,411.85,11.11,10.6,23.6,0,local,normal,none,0
2025-01-05T16:50:41.000Z,CP_015,ChangeConfiguration,414.54,76.32,30.0,108.6,18.27,32.0,55.0,440.0,-44.32,25.0,25.46,1,manipulated,battery_overcharge,critical,1
2025-01-01T07:23:32.000Z,CP_013,SetChargingProfile,419.78,22.0,20.7,89.1,19.65,33.5,42.6,442.53,11.5,21.9,22.75,1,csms,normal,none,0
2025-01-02T21:50:31.000Z,CP_003,ChangeConfiguration,411.36,21.09,25.5,25.6,8.4,31.14,41.7,442.1,10.05,16.2,30.74,1,csms,normal,none,0
2025-01-05T01:37:52.000Z,CP_001,Reset,401.15,27.45,44.1,24.6,18.41,32.49,65.0,439.63,5.04,20.9,38.48,1,local,normal,none,0
2025-01-07T03:53:12.000Z,CP_010,SetChargingProfile,393.15,28.78,147.5,29.6,12.0,32.0,55.0,440.0,3.22,-92.5,46.85,1,manipulated,temperature_limit_bypass,critical,1
2025-01-05T02:19:03.000Z,CP_007,ChangeConfiguration,528.6,16.84,40.6,84.3,8.9,32.0,55.0,440.0,15.16,14.4,-88.6,1,manipulated,voltage_spike,high,1
2025-01-08T00:41:41.000Z,CP_020,ChangeConfiguration,227.69,30.51,44.1,49.8,6.95,32.0,55.0,440.0,1.49,10.9,212.31,1,manipulated,voltage_drop,medium,1
2025-01-02T09:07:10.000Z,CP_018,UpdateFirmware,396.74,27.89,29.7,86.8,10.41,41.59,44.3,433.1,13.7,14.6,36.36,0,local,normal,none,0
2025-01-01T00:19:21.000Z,CP_009,SetChargingProfile,406.15,27.08,21.6,20.0,11.88,36.13,39.1,444.05,9.05,17.5,37.9,0,local,normal,none,0
2025-01-07T06:22:48.000Z,CP_004,ChangeConfiguration,404.55,320.69,38.3,72.3,129.74,32.0,55.0,440.0,-288.69,16.7,35.45,1,manipulated,overcurrent_attack,critical,1
2025-01-01T09:01:00.000Z,CP_002,SetChargingProfile,407.61,19.48,31.1,30.1,12.7,34.29,46.6,445.64,14.81,15.5,38.03,0,local,normal,none,0
2025-01-05T19:14:24.000Z,CP_013,SetChargingProfile,393.56,16.73,36.8,47.7,11.45,22.62,49.3,414.06,5.89,12.5,20.5,0,csms,normal,none,0
2025-01-02T06:27:25.000Z,CP_013,ChangeConfiguration,380.19,24.54,38.3,90.8,20.42,37.11,56.3,400.55,12.57,18.0,20.36,0,csms,normal,none,0
2025-01-02T13:41:20.000Z,CP_009,RemoteStartTransaction,404.22,22.33,42.2,76.4,21.11,34.81,60.0,433.23,12.48,17.8,29.01,0,csms,normal,none,0
2025-01-05T06:13:47.000Z,CP_020,UpdateFirmware,382.24,22.28,40.6,93.0,16.23,28.05,61.0,411.79,5.77,20.4,29.55,1,csms,normal,none,0
2025-01-01T22:16:28.000Z,CP_003,UpdateFirmware,397.56,31.9,39.4,30.1,19.24,42.78,54.7,431.78,10.88,15.3,34.22,0,csms,normal,none,0
2025-01-01T16:53:46.000Z,CP_005,ChangeConfiguration,392.11,75.27,26.1,102.0,14.37,32.0,55.0,440.0,-43.27,28.9,47.89,1,manipulated,battery_overcharge,critical,1
2025-01-01T00:41:45.000Z,CP_008,SetChargingProfile,397.97,20.45,41.7,74.5,9.73,29.68,55.9,422.28,9.23,14.2,24.31,0,csms,normal,none,0
2025-01-03T02:21:23.000Z,CP_009,ChangeConfiguration,570.91,30.92,23.5,64.6,17.65,32.0,55.0,440.0,1.08,31.5,-130.91,1,manipulated,voltage_spike,high,1
2025-01-01T22:16:49.000Z,CP_015,UpdateFirmware,388.58,25.79,37.3,94.9,10.32,32.15,48.4,412.03,6.36,11.1,23.45,0,local,normal,none,0
2025-01-06T01:47:44.000Z,CP_004,UpdateFirmware,391.14,16.61,23.9,49.9,16.75,24.81,34.4,423.16,8.2,10.5,32.02,0,local,normal,none,0
2025-01-02T02:15:50.000Z,CP_006,RemoteStartTransaction,436.56,76.03,84.6,15.5,33.19,32.0,55.0,440.0,-44.03,-29.6,3.44,1,manipulated,combined_attack,critical,1
2025-01-01T05:42:32.000Z,CP_020,UpdateFirmware,393.41,29.09,38.8,67.2,10.68,36.08,49.2,418.31,6.99,10.4,24.9,0,local,normal,none,0
2025-01-05T10:06:42.000Z,CP_012,Reset,400.51,23.83,42.1,50.5,15.62,33.06,63.4,436.73,9.23,21.3,36.22,0,local,normal,none,0
2025-01-01T09:57:20.000Z,CP_014,ChangeConfiguration,417.29,444.91,27.9,81.5,185.66,32.0,55.0,440.0,-412.91,27.1,22.71,1,manipulated,overcurrent_attack,critical,1
2025-01-01T03:25:55.000Z,CP_006,RemoteStartTransaction,550.53,24.11,37.2,11.0,13.27,32.0,55.0,440.0,7.89,17.8,-110.53,1,manipulated,voltage_spike,high,1
2025-01-01T04:15:06.000Z,CP_013,ChangeConfiguration,398.15,26.73,38.6,90.4,13.52,39.15,50.9,426.45,12.42,12.3,28.3,1,local,normal,none,0
2025-01-03T09:49:46.000Z,CP_010,Reset,405.06,17.88,23.3,27.2,16.49,25.41,40.2,442.17,7.53,16.9,37.11,0,local,normal,none,0
2025-01-01T23:28:33.000Z,CP_003,UpdateFirmware,416.69,17.8,40.7,86.7,10.35,28.17,53.2,453.78,10.37,12.5,37.09,0,csms,normal,none,0
2025-01-04T08:00:05.000Z,CP_001,ChangeConfiguration,419.22,28.03,44.0,52.5,11.99,36.94,59.3,441.81,8.91,15.3,22.59,1,local,normal,none,0
2025-01-01T13:31:41.000Z,CP_005,SetChargingProfile,401.63,22.9,35.3,19.0,13.85,30.49,45.8,423.04,7.59,10.5,21.41,1,csms,normal,none,0
2025-01-01T17:49:32.000Z,CP_017,RemoteStartTransaction,381.51,21.39,39.2,21.1,12.9,28.01,61.7,416.93,6.62,22.5,35.42,1,csms,normal,none,0
2025-01-02T20:46:36.000Z,CP_002,Reset,405.69,28.09,22.9,24.2,13.22,36.1,44.1,440.74,8.01,21.2,35.05,0,local,normal,none,0
2025-01-07T13:25:09.000Z,CP_016,ChangeConfiguration,408.92,53.51,25.8,106.2,11.08,32.0,55.0,440.0,-21.51,29.2,31.08,1,manipulated,battery_overcharge,critical,1
2025-01-03T03:46:58.000Z,CP_003,Reset,383.48,24.9,33.8,82.8,14.99,39.07,44.0,417.49,14.17,10.2,34.01,1,csms,normal,none,0
2025-01-01T01:20:21.000Z,CP_005,UpdateFirmware,386.03,22.13,23.8,28.2,13.46,30.44,40.8,407.28,8.31,17.0,21.25,1,csms,normal,none,0
2025-01-01T11:53:56.000Z,CP_002,Reset,419.89,22.35,32.4,89.6,21.45,36.61,55.6,440.08,14.26,23.2,20.19,0,local,normal,none,0
2025-01-04T06:36:46.000Z,CP_001,RemoteStartTransaction,413.28,19.1,40.8,88.4,14.39,28.85,51.3,436.0,9.75,10.5,22.72,1,local,normal,none,0
2025-01-01T20:00:48.000Z,CP_018,UpdateFirmware,414.12,26.52,40.0,14.5,9.57,33.82,50.5,439.32,7.3,10.5,25.2,1,csms,normal,none,0
2025-01-02T00:59:23.000Z,CP_015,RemoteStartTransaction,380.37,27.89,39.0,67.8,17.75,34.81,61.2,412.87,6.92,22.2,32.5,0,local,normal,none,0
2025-01-02T01:28:45.000Z,CP_003,UpdateFirmware,417.67,25.9,27.5,50.3,18.51,36.24,39.8,440.23,10.34,12.3,22.56,1,local,normal,none,0
2025-01-04T12:29:39.000Z,CP_010,Reset,394.16,16.08,42.3,25.8,12.58,22.09,59.7,415.85,6.01,17.4,21.69,0,local,normal,none,0
2025-01-02T06:47:15.000Z,CP_009,UpdateFirmware,388.27,19.24,26.2,62.6,9.68,25.31,50.0,421.79,6.07,23.8,33.52,0,csms,normal,none,0
2025-01-02T21:23:58.000Z,CP_007,RemoteStartTransaction,390.96,29.18,32.6,64.0,9.21,34.49,48.2,422.84,5.31,15.6,31.88,1,local,normal,none,0
2025-01-08T02:26:21.000Z,CP_009,SetChargingProfile,538.66,17.62,40.1,30.6,9.49,32.0,55.0,440.0,14.38,14.9,-98.66,1,manipulated,voltage_spike,high,1
2025-01-01T03:53:09.000Z,CP_010,Reset,388.16,24.66,29.0,48.5,16.4,36.42,47.4,412.65,11.76,18.4,24.49,1,csms,normal,none,0
2025-01-05T05:09:13.000Z,CP_017,RemoteStartTransaction,273.2,16.85,26.8,18.3,4.6,32.0,55.0,440.0,15.15,28.2,166.8,1,manipulated,voltage_drop,medium,1
2025-01-03T09:13:30.000Z,CP_003,UpdateFirmware,394.77,24.42,34.7,54.1,13.16,32.06,52.2,423.24,7.64,17.5,28.47,1,local,normal,none,0
2025-01-01T12:46:34.000Z,CP_002,UpdateFirmware,390.74,26.78,35.1,84.3,10.15,39.4,56.0,421.92,12.62,20.9,31.18,0,local,normal,none,0
2025-01-05T01:25:03.000Z,CP_005,RemoteStartTransaction,453.8,19.6,35.7,38.6,8.89,32.0,55.0,440.0,12.4,19.3,-13.8,1,manipulated,voltage_spike,high,1
2025-01-01T18:41:19.000Z,CP_014,SetChargingProfile,415.4,31.88,23.1,89.2,9.77,44.51,47.5,450.83,12.63,24.4,35.43,1,local,normal,none,0
2025-01-04T18:53:15.000Z,CP_019,UpdateFirmware,397.77,28.91,35.2,44.2,8.06,42.53,45.5,426.51,13.62,10.3,28.74,0,local,normal,none,0
2025-01-05T08:28:15.000Z,CP_012,RemoteStartTransaction,394.08,252.04,42.9,65.5,99.32,32.0,55.0,440.0,-220.04,12.1,45.92,1,manipulated,overcurrent_attack,critical,1
2025-01-04T02:02:23.000Z,CP_005,RemoteStartTransaction,381.02,63.26,40.2,110.2,18.8,32.0,55.0,440.0,-31.26,14.8,58.98,1,manipulated,battery_overcharge,critical,1
2025-01-01T17:38:39.000Z,CP_002,RemoteStartTransaction,297.83,23.69,24.0,92.6,7.06,32.0,55.0,440.0,8.31,31.0,142.17,1,manipulated,voltage_drop,medium,1
2025-01-04T10:12:58.000Z,CP_005,ChangeConfiguration,516.55,16.49,34.4,49.0,8.52,32.0,55.0,440.0,15.51,20.6,-76.55,1,manipulated,voltage_spike,high,1
2025-01-04T08:20:04.000Z,CP_008,RemoteStartTransaction,442.36,90.41,67.4,33.0,39.99,32.0,55.0,440.0,-58.41,-12.4,-2.36,1,manipulated,combined_attack,critical,1
2025-01-01T20:52:49.000Z,CP_009,SetChargingProfile,409.15,25.68,22.2,47.5,20.74,34.75,39.5,439.48,9.07,17.3,30.33,0,csms,normal,none,0
2025-01-02T21:04:05.000Z,CP_015,ChangeConfiguration,390.32,23.57,26.4,84.5,16.89,29.97,38.3,421.69,6.4,11.9,31.37,1,local,normal,none,0
2025-01-01T13:09:26.000Z,CP_007,SetChargingProfile,396.42,28.4,43.0,84.2,18.14,34.02,55.1,420.57,5.62,12.1,24.15,1,local,normal,none,0
2025-01-01T04:33:17.000Z,CP_009,SetChargingProfile,408.49,25.23,21.9,48.7,12.66,35.23,40.4,435.84,10.0,18.5,27.35,0,csms,normal,none,0
2025-01-01T02:36:11.000Z,CP_005,RemoteStartTransaction,386.23,66.44,39.1,117.3,19.11,32.0,55.0,440.0,-34.44,15.9,53.77,1,manipulated,battery_overcharge,critical,1
2025-01-02T12:53:55.000Z,CP_001,SetChargingProfile,393.73,28.87,27.6,50.1,12.25,41.27,40.8,424.66,12.4,13.2,30.93,1,csms,normal,none,0
2025-01-02T19:46:39.000Z,CP_011,RemoteStartTransaction,458.76,30.42,37.1,10.5,13.96,32.0,55.0,440.0,1.58,17.9,-18.76,1,manipulated,voltage_spike,high,1
2025-01-01T08:56:10.000Z,CP_017,SetChargingProfile,390.12,22.56,35.1,84.6,21.28,32.86,51.1,412.41,10.3,16.0,22.29,1,csms,normal,none,0
2025-01-06T16:22:11.000Z,CP_018,UpdateFirmware,403.78,29.59,31.9,20.8,7.54,39.73,44.2,426.31,10.14,12.3,22.53,1,csms,normal,none,0
2025-01-02T00:57:27.000Z,CP_012,SetChargingProfile,398.36,19.49,27.6,54.3,16.5,30.33,37.7,438.35,10.84,10.1,39.99,1,local,normal,none,0
2025-01-01T04:55:11.000Z,CP_007,ChangeConfiguration,384.28,19.07,20.8,64.5,13.07,28.97,40.2,416.09,9.9,19.4,31.81,1,csms,normal,none,0
2025-01-01T15:06:10.000Z,CP_008,SetChargingProfile,390.66,29.06,42.9,14.8,21.95,36.25,65.6,426.61,7.19,22.7,35.95,0,csms,normal,none,0
2025-01-03T09:53:26.000Z,CP_004,RemoteStartTransaction,400.46,25.88,27.1,76.7,14.67,36.97,48.8,437.09,11.09,21.7,36.63,1,local,normal,none,0
2025-01-06T20:55:49.000Z,CP_011,ChangeConfiguration,496.59,106.73,76.6,81.8,53.0,32.0,55.0,440.0,-74.73,-21.6,-56.59,1,manipulated,combined_attack,critical,1
2025-01-02T11:02:23.000Z,CP_016,UpdateFirmware,416.18,27.31,25.2,26.7,19.39,36.27,48.2,447.56,8.96,23.0,31.38,0,csms,normal,none,0
2025-01-01T12:01:00.000Z,CP_013,SetChargingProfile,460.84,68.3,57.0,93.9,31.48,32.0,55.0,440.0,-36.3,-2.0,-20.84,1,manipulated,combined_attack,critical,1
2025-01-01T02:42:13.000Z,CP_008,Reset,390.62,18.09,36.1,48.9,20.96,32.45,46.2,423.04,14.36,10.1,32.42,0,csms,normal,none,0
2025-01-02T06:54:53.000Z,CP_002,SetChargingProfile,219.42,17.0,22.4,56.2,3.73,32.0,55.0,440.0,15.0,32.6,220.58,1,manipulated,voltage_drop,medium,1
2025-01-06T22:59:30.000Z,CP_001,SetChargingProfile,481.6,21.54,31.1,49.3,10.37,32.0,55.0,440.0,10.46,23.9,-41.6,1,manipulated,voltage_spike,high,1
2025-01-06T09:59:48.000Z,CP_004,RemoteStartTransaction,216.64,20.31,34.4,60.4,4.4,32.0,55.0,440.0,11.69,20.6,223.36,1,manipulated,voltage_drop,medium,1
2025-01-02T11:29:21.000Z,CP_009,SetChargingProfile,481.84,126.05,78.1,64.8,60.74,32.0,55.0,440.0,-94.05,-23.1,-41.84,1,manipulated,combined_attack,critical,1
2025-01-06T19:15:52.000Z,CP_009,SetChargingProfile,407.25,72.74,35.4,103.7,16.69,32.0,55.0,440.0,-40.74,19.6,32.75,1,manipulated,battery_overcharge,critical,1
2025-01-05T12:24:40.000Z,CP_013,SetChargingProfile,415.72,444.17,34.9,24.7,184.65,32.0,55.0,440.0,-412.17,20.1,24.28,1,manipulated,overcurrent_attack,critical,1
2025-01-07T00:30:08.000Z,CP_015,ChangeConfiguration,412.62,20.92,32.0,30.7,15.34,28.59,50.2,433.04,7.67,18.2,20.42,0,local,normal,none,0
2025-01-06T23:14:57.000Z,CP_003,SetChargingProfile,294.63,19.39,25.4,57.7,5.71,32.0,55.0,440.0,12.61,29.6,145.37,1,manipulated,voltage_drop,medium,1
2025-01-01T10:00:14.000Z,CP_010,Reset,408.2,27.04,32.2,50.8,15.58,41.38,53.0,433.96,14.34,20.8,25.76,1,local,normal,none,0
2025-01-07T15:58:32.000Z,CP_016,ChangeConfiguration,442.77,86.23,86.5,36.8,38.18,32.0,55.0,440.0,-54.23,-31.5,-2.77,1,manipulated,combined_attack,critical,1
2025-01-02T15:22:22.000Z,CP_015,UpdateFirmware,414.97,17.4,38.2,47.8,21.89,30.44,52.5,451.08,13.04,14.3,36.11,1,csms,normal,none,0
2025-01-02T06:46:08.000Z,CP_009,ChangeConfiguration,417.62,27.21,22.0,24.2,8.9,32.85,45.2,448.59,5.64,23.2,30.97,1,csms,normal,none,0
2025-01-01T04:17:49.000Z,CP_007,SetChargingProfile,406.48,20.09,94.4,12.0,13.64,32.0,55.0,440.0,11.91,-39.4,33.52,1,manipulated,temperature_limit_bypass,critical,1
2025-01-08T07:35:30.000Z,CP_013,ChangeConfiguration,458.65,188.37,68.6,49.4,86.4,32.0,55.0,440.0,-156.37,-13.6,-18.65,1,manipulated,combined_attack,critical,1
2025-01-02T20:07:26.000Z,CP_020,UpdateFirmware,387.96,25.21,36.2,24.8,18.79,33.76,56.3,417.71,8.55,20.1,29.75,0,local,normal,none,0
2025-01-03T03:43:08.000Z,CP_009,ChangeConfiguration,396.65,19.19,101.5,35.3,20.94,32.0,55.0,440.0,12.81,-46.5,43.35,1,manipulated,temperature_limit_bypass,critical,1
2025-01-02T09:38:47.000Z,CP_004,Reset,397.35,16.29,29.9,11.1,16.97,25.89,46.0,430.5,9.6,16.1,33.15,1,local,normal,none,0
2025-01-02T10:48:27.000Z,CP_020,SetChargingProfile,401.7,28.71,39.7,16.9,20.26,41.07,50.5,440.61,12.36,10.8,38.91,0,csms,normal,none,0
2025-01-01T15:13:16.000Z,CP_003,UpdateFirmware,394.02,28.59,38.0,14.1,13.8,37.79,50.5,422.3,9.2,12.5,28.28,1,local,normal,none,0
2025-01-07T20:34:35.000Z,CP_007,SetChargingProfile,403.71,107.02,25.4,25.2,43.21,32.0,55.0,440.0,-75.02,29.6,36.29,1,manipulated,overcurrent_attack,critical,1
2025-01-01T11:16:24.000Z,CP_004,ChangeConfiguration,419.19,24.67,27.1,25.5,18.62,31.21,51.4,452.76,6.54,24.3,33.57,1,csms,normal,none,0
2025-01-02T06:06:43.000Z,CP_003,Reset,393.45,20.42,28.1,33.5,16.98,34.94,47.9,417.22,14.52,19.8,23.77,0,csms,normal,none,0
2025-01-01T08:49:11.000Z,CP_014,RemoteStartTransaction,394.98,30.26,31.2,88.0,12.91,36.06,55.7,432.47,5.8,24.5,37.49,1,csms,normal,none,0
2025-01-02T15:43:36.000Z,CP_011,SetChargingProfile,387.68,22.34,89.3,23.4,17.07,32.0,55.0,440.0,9.66,-34.3,52.32,1,manipulated,temperature_limit_bypass,critical,1
2025-01-01T01:17:18.000Z,CP_014,RemoteStartTransaction,380.75,22.63,147.8,32.7,16.15,32.0,55.0,440.0,9.37,-92.8,59.25,1,manipulated,temperature_limit_bypass,critical,1
2025-01-01T17:46:22.000Z,CP_009,UpdateFirmware,415.95,23.76,30.9,35.1,17.58,30.66,43.7,442.9,6.9,12.8,26.95,1,csms,normal,none,0
2025-01-01T06:40:14.000Z,CP_020,UpdateFirmware,390.03,28.09,39.2,67.9,9.4,34.06,58.6,410.82,5.97,19.4,20.79,0,local,normal,none,0
2025-01-06T05:00:37.000Z,CP_008,ChangeConfiguration,252.53,29.1,34.2,94.2,7.35,32.0,55.0,440.0,2.9,20.8,187.47,1,manipulated,voltage_drop,medium,1
2025-01-03T11:50:00.000Z,CP_007,ChangeConfiguration,417.18,85.0,23.6,50.4,35.46,32.0,55.0,440.0,-53.0,31.4,22.82,1,manipulated,overcurrent_attack,high,1
2025-01-05T09:22:03.000Z,CP_020,ChangeConfiguration,274.19,19.26,23.4,93.0,5.28,32.0,55.0,440.0,12.74,31.6,165.81,1,manipulated,voltage_drop,medium,1
2025-01-05T06:05:27.000Z,CP_016,ChangeConfiguration,392.02,31.75,37.1,35.5,11.03,41.03,55.6,423.04,9.28,18.5,31.02,0,local,normal,none,0
2025-01-09T08:04:16.000Z,CP_012,SetChargingProfile,211.11,31.44,23.2,29.3,6.64,32.0,55.0,440.0,0.56,31.8,228.89,1,manipulated,voltage_drop,medium,1
2025-01-02T13:18:03.000Z,CP_017,SetChargingProfile,405.56,17.23,24.8,63.4,18.56,28.22,37.3,432.01,10.99,12.5,26.45,1,local,normal,none,0
2025-01-07T18:41:22.000Z,CP_003,SetChargingProfile,533.57,17.5,26.4,84.7,9.34,32.0,55.0,440.0,14.5,28.6,-93.57,1,manipulated,voltage_spike,high,1
2025-01-04T06:28:20.000Z,CP_014,RemoteStartTransaction,395.74,72.21,39.1,107.1,21.54,32.0,55.0,440.0,-40.21,15.9,44.26,1,manipulated,battery_overcharge,critical,1
2025-01-08T21:46:07.000Z,CP_019,SetChargingProfile,439.24,76.42,65.9,74.6,33.57,32.0,55.0,440.0,-44.42,-10.9,0.76,1,manipulated,combined_attack,critical,1
2025-01-01T22:21:04.000Z,CP_012,ChangeConfiguration,416.37,28.45,23.7,77.8,11.4,34.43,48.4,440.81,5.98,24.7,24.44,0,csms,normal,none,0
2025-01-06T10:42:36.000Z,CP_020,Reset,386.56,29.15,27.9,77.0,12.93,43.79,41.6,411.96,14.64,13.7,25.4,0,local,normal,none,0
2025-01-02T15:21:28.000Z,CP_019,UpdateFirmware,386.1,25.07,40.2,91.5,9.86,33.2,62.0,420.34,8.13,21.8,34.24,1,local,normal,none,0
2025-01-03T19:14:28.000Z,CP_003,ChangeConfiguration,394.36,17.32,41.1,53.6,16.8,30.18,65.0,416.33,12.86,23.9,21.97,1,csms,normal,none,0
2025-01-09T03:06:49.000Z,CP_008,ChangeConfiguration,392.29,20.89,143.5,50.1,17.4,32.0,55.0,440.0,11.11,-88.5,47.71,1,manipulated,temperature_limit_bypass,critical,1
2025-01-05T14:44:53.000Z,CP_014,SetChargingProfile,405.52,163.25,27.0,71.5,66.2,32.0,55.0,440.0,-131.25,28.0,34.48,1,manipulated,overcurrent_attack,critical,1
2025-01-01T23:44:43.000Z,CP_011,SetChargingProfile,401.9,26.76,40.8,11.0,8.83,32.8,57.5,426.29,6.04,16.7,24.39,1,csms,normal,none,0
2025-01-01T20:54:51.000Z,CP_020,UpdateFirmware,388.29,27.05,22.2,51.0,9.93,33.61,39.6,424.16,6.56,17.4,35.87,1,csms,normal,none,0
2025-01-01T06:00:04.000Z,CP_005,ChangeConfiguration,401.82,29.35,34.6,22.6,9.26,37.43,58.1,437.74,8.08,23.5,35.92,1,csms,normal,none,0
2025-01-03T11:21:19.000Z,CP_019,SetChargingProfile,417.85,64.38,33.5,100.1,11.99,32.0,55.0,440.0,-32.38,21.5,22.15,1,manipulated,battery_overcharge,critical,1
2025-01-04T06:53:20.000Z,CP_004,RemoteStartTransaction,473.69,88.3,85.0,64.4,41.83,32.0,55.0,440.0,-56.3,-30.0,-33.69,1,manipulated,combined_attack,critical,1
2025-01-02T00:18:02.000Z,CP_011,RemoteStartTransaction,400.56,31.17,24.2,91.3,15.25,36.24,35.2,433.97,5.07,11.0,33.41,1,csms,normal,none,0
2025-01-03T15:46:56.000Z,CP_010,ChangeConfiguration,446.02,67.47,79.7,74.2,30.09,32.0,55.0,440.0,-35.47,-24.7,-6.02,1,manipulated,combined_attack,critical,1
2025-01-04T17:16:12.000Z,CP_006,Reset,381.99,25.89,35.0,22.7,21.39,32.59,53.5,402.27,6.7,18.5,20.28,1,local,normal,none,0
2025-01-04T06:27:54.000Z,CP_009,Reset,393.4,20.27,22.5,65.6,13.11,33.0,43.7,428.09,12.73,21.2,34.69,0,local,normal,none,0
2025-01-03T01:00:40.000Z,CP_009,RemoteStartTransaction,510.49,29.89,34.6,36.0,15.26,32.0,55.0,440.0,2.11,20.4,-70.49,1,manipulated,voltage_spike,high,1
2025-01-01T13:42:41.000Z,CP_017,ChangeConfiguration,394.47,21.8,24.5,28.2,21.24,31.66,37.9,417.22,9.86,13.4,22.75,1,csms,normal,none,0
2025-01-08T13:36:43.000Z,CP_010,RemoteStartTransaction,417.61,26.45,134.1,44.8,7.55,32.0,55.0,440.0,5.55,-79.1,22.39,1,manipulated,temperature_limit_bypass,critical,1
2025-01-01T12:27:00.000Z,CP_005,RemoteStartTransaction,415.29,20.83,41.9,84.5,8.76,29.43,53.1,448.58,8.6,11.2,33.29,0,local,normal,none,0
2025-01-09T05:12:09.000Z,CP_005,RemoteStartTransaction,392.34,17.61,71.5,90.3,7.98,32.0,55.0,440.0,14.39,-16.5,47.66,1,manipulated,temperature_limit_bypass,high,1
2025-01-08T12:28:57.000Z,CP_006,RemoteStartTransaction,385.95,77.63,20.8,119.2,15.25,32.0,55.0,440.0,-45.63,34.2,54.05,1,manipulated,battery_overcharge,critical,1
2025-01-04T21:32:23.000Z,CP_019,SetChargingProfile,380.7,20.15,34.5,22.4,14.13,32.08,49.9,401.76,11.93,15.4,21.06,1,local,normal,none,0
2025-01-01T00:55:51.000Z,CP_008,Reset,387.66,24.58,23.5,25.6,14.15,38.32,34.6,423.82,13.74,11.1,36.16,0,csms,normal,none,0
2025-01-01T03:53:17.000Z,CP_011,SetChargingProfile,419.34,26.02,41.1,58.5,13.09,36.97,64.1,454.37,10.95,23.0,35.03,0,local,normal,none,0
2025-01-01T13:24:44.000Z,CP_012,UpdateFirmware,399.46,30.16,30.9,26.1,7.92,35.41,55.8,424.23,5.25,24.9,24.77,0,local,normal,none,0
2025-01-01T00:58:19.000Z,CP_007,RemoteStartTransaction,417.49,31.39,22.9,95.0,14.39,38.82,42.0,441.58,7.43,19.1,24.09,1,local,normal,none,0
2025-01-05T03:43:10.000Z,CP_009,ChangeConfiguration,234.53,29.64,44.2,63.7,6.95,32.0,55.0,440.0,2.36,10.8,205.47,1,manipulated,voltage_drop,medium,1
2025-01-02T00:36:06.000Z,CP_004,RemoteStartTransaction,394.43,26.76,127.0,45.9,13.15,32.0,55.0,440.0,5.24,-72.0,45.57,1,manipulated,temperature_limit_bypass,critical,1
2025-01-03T16:50:44.000Z,CP_004,RemoteStartTransaction,415.99,53.84,24.5,115.4,19.89,32.0,55.0,440.0,-21.84,30.5,24.01,1,manipulated,battery_overcharge,critical,1
2025-01-01T01:19:22.000Z,CP_008,Reset,380.95,19.09,28.2,83.5,21.52,26.88,47.8,408.94,7.79,19.6,27.99,1,csms,normal,none,0
2025-01-03T14:28:22.000Z,CP_017,ChangeConfiguration,401.07,17.96,37.7,67.7,15.18,25.88,57.0,437.07,7.92,19.3,36.0,0,local,normal,none,0
2025-01-03T20:21:57.000Z,CP_001,ChangeConfiguration,398.75,24.2,31.7,72.4,13.55,38.81,53.7,424.53,14.61,22.0,25.78,1,local,normal,none,0
2025-01-02T01:34:11.000Z,CP_017,UpdateFirmware,385.09,31.66,40.9,74.3,21.69,41.29,61.7,413.57,9.63,20.8,28.48,0,csms,normal,none,0
2025-01-01T03:53:00.000Z,CP_001,Reset,396.5,29.48,25.8,70.1,7.53,39.54,41.4,428.86,10.06,15.6,32.36,1,local,normal,none,0
2025-01-08T23:58:28.000Z,CP_008,ChangeConfiguration,509.15,185.8,70.9,64.1,94.6,32.0,55.0,440.0,-153.8,-15.9,-69.15,1,manipulated,combined_attack,critical,1
2025-01-03T08:17:13.000Z,CP_014,SetChargingProfile,390.17,25.43,32.3,41.8,21.25,33.59,48.7,423.82,8.16,16.4,33.65,0,local,normal,none,0
2025-01-02T06:05:56.000Z,CP_020,RemoteStartTransaction,384.89,28.91,28.2,59.7,13.09,41.39,41.7,413.35,12.48,13.5,28.46,0,csms,normal,none,0
2025-01-04T03:10:39.000Z,CP_003,UpdateFirmware,412.71,17.7,32.4,77.9,10.62,30.74,48.8,448.94,13.04,16.4,36.23,1,csms,normal,none,0
2025-01-01T19:33:04.000Z,CP_015,SetChargingProfile,391.83,20.21,29.2,10.1,16.72,29.0,42.0,412.2,8.79,12.8,20.37,0,local,normal,none,0
2025-01-01T17:17:10.000Z,CP_001,ChangeConfiguration,390.34,28.86,36.5,25.0,19.85,43.5,53.8,410.74,14.64,17.3,20.4,1,local,normal,none,0
2025-01-02T23:45:30.000Z,CP_010,RemoteStartTransaction,380.84,31.47,35.1,81.5,17.07,45.88,55.5,416.62,14.41,20.4,35.78,1,local,normal,none,0
2025-01-04T16:10:57.000Z,CP_005,ChangeConfiguration,414.1,61.01,29.4,103.4,14.48,32.0,55.0,440.0,-29.01,25.6,25.9,1,manipulated,battery_overcharge,critical,1
2025-01-03T09:41:53.000Z,CP_003,RemoteStartTransaction,408.91,17.81,39.5,89.7,17.56,24.16,55.7,437.93,6.35,16.2,29.02,1,csms,normal,none,0
2025-01-01T07:48:15.000Z,CP_019,Reset,404.41,22.06,20.7,82.3,10.05,29.18,42.7,431.22,7.12,22.0,26.81,1,csms,normal,none,0
2025-01-09T02:13:30.000Z,CP_014,SetChargingProfile,586.46,28.45,26.9,67.1,16.68,32.0,55.0,440.0,3.55,28.1,-146.46,1,manipulated,voltage_spike,high,1
2025-01-04T20:40:01.000Z,CP_002,UpdateFirmware,418.78,27.77,36.9,29.9,14.47,40.16,58.8,445.75,12.39,21.9,26.97,0,local,normal,none,0
2025-01-02T04:58:18.000Z,CP_004,RemoteStartTransaction,266.87,23.89,22.2,21.6,6.38,32.0,55.0,440.0,8.11,32.8,173.13,1,manipulated,voltage_drop,medium,1
2025-01-01T20:59:23.000Z,CP_005,Reset,395.47,29.42,30.5,56.4,9.92,39.13,55.3,416.93,9.71,24.8,21.46,0,csms,normal,none,0
2025-01-04T23:56:48.000Z,CP_016,Reset,400.76,18.86,37.8,54.7,14.46,33.42,54.9,432.38,14.56,17.1,31.62,0,csms,normal,none,0
2025-01-08T23:22:38.000Z,CP_011,RemoteStartTransaction,211.2,31.76,40.0,40.6,6.71,32.0,55.0,440.0,0.24,15.0,228.8,1,manipulated,voltage_drop,medium,1
2025-01-01T15:56:58.000Z,CP_008,ChangeConfiguration,203.54,31.17,42.6,69.8,6.34,32.0,55.0,440.0,0.83,12.4,236.46,1,manipulated,voltage_drop,medium,1
2025-01-05T15:44:13.000Z,CP_012,ChangeConfiguration,438.17,176.18,82.8,69.5,77.2,32.0,55.0,440.0,-144.18,-27.8,1.83,1,manipulated,combined_attack,critical,1
2025-01-03T14:14:35.000Z,CP_009,Reset,419.75,28.56,39.2,75.5,15.53,42.52,62.0,457.22,13.96,22.8,37.47,0,csms,normal,none,0
2025-01-03T22:22:34.000Z,CP_011,ChangeConfiguration,390.84,31.09,40.1,58.8,9.9,39.2,63.5,421.65,8.11,23.4,30.81,0,csms,normal,none,0
2025-01-03T15:59:57.000Z,CP_002,RemoteStartTransaction,397.66,31.82,34.0,48.9,9.04,44.02,46.2,424.65,12.2,12.2,26.99,1,csms,normal,none,0
2025-01-04T11:03:09.000Z,CP_012,RemoteStartTransaction,381.47,29.66,36.7,81.2,11.76,43.86,47.4,409.81,14.2,10.7,28.34,0,local,normal,none,0
2025-01-03T08:24:54.000Z,CP_015,UpdateFirmware,381.44,18.83,36.5,76.2,20.32,25.47,53.0,407.69,6.64,16.5,26.25,1,csms,normal,none,0
2025-01-03T14:18:00.000Z,CP_001,RemoteStartTransaction,399.33,60.74,33.9,103.7,10.21,32.0,55.0,440.0,-28.74,21.1,40.67,1,manipulated,battery_overcharge,critical,1
2025-01-01T18:45:39.000Z,CP_012,SetChargingProfile,416.85,18.12,37.8,92.9,10.0,28.54,57.4,451.06,10.42,19.6,34.21,1,local,normal,none,0
2025-01-04T11:06:16.000Z,CP_013,UpdateFirmware,407.12,31.56,37.3,38.2,16.68,45.4,52.1,444.15,13.84,14.8,37.03,0,local,normal,none,0
2025-01-04T13:36:18.000Z,CP_003,RemoteStartTransaction,481.65,131.89,84.8,19.5,63.52,32.0,55.0,440.0,-99.89,-29.8,-41.65,1,manipulated,combined_attack,critical,1
2025-01-03T18:16:35.000Z,CP_013,SetChargingProfile,405.99,18.61,31.4,90.3,17.28,33.01,43.5,430.07,14.4,12.1,24.08,0,local,normal,none,0
2025-01-02T05:39:56.000Z,CP_010,UpdateFirmware,419.17,16.03,20.6,63.2,9.12,29.51,42.6,459.15,13.48,22.0,39.98,0,local,normal,none,0
2025-01-03T01:38:18.000Z,CP_005,Reset,414.79,30.02,39.6,70.9,7.86,40.0,50.9,451.44,9.98,11.3,36.65,1,csms,normal,none,0
2025-01-01T07:40:38.000Z,CP_006,RemoteStartTransaction,479.36,23.19,23.3,64.2,11.12,32.0,55.0,440.0,8.81,31.7,-39.36,1,manipulated,voltage_spike,high,1
2025-01-01T10:19:55.000Z,CP_008,RemoteStartTransaction,393.32,18.69,32.8,19.7,14.85,32.75,48.0,427.87,14.06,15.2,34.55,0,csms,normal,none,0
2025-01-01T02:04:00.000Z,CP_002,Reset,389.16,30.49,41.5,16.0,10.87,42.18,54.7,411.81,11.69,13.2,22.65,1,csms,normal,none,0
2025-01-04T14:42:33.000Z,CP_003,RemoteStartTransaction,384.77,22.32,37.4,93.1,18.22,36.24,49.9,412.04,13.92,12.5,27.27,1,csms,normal,none,0
2025-01-05T15:18:24.000Z,CP_010,UpdateFirmware,408.08,31.01,42.6,18.4,8.68,44.38,53.9,428.41,13.37,11.3,20.33,0,local,normal,none,0
2025-01-04T04:37:53.000Z,CP_003,ChangeConfiguration,385.75,20.85,44.7,54.7,12.3,35.18,63.6,413.27,14.33,18.9,27.52,1,local,normal,none,0
2025-01-03T20:31:00.000Z,CP_004,UpdateFirmware,396.84,24.8,40.0,70.7,12.14,37.44,63.2,426.88,12.64,23.2,30.04,0,csms,normal,none,0
2025-01-01T12:42:24.000Z,CP_005,UpdateFirmware,399.81,16.59,32.6,60.2,20.1,30.33,49.2,430.33,13.74,16.6,30.52,0,csms,normal,none,0
2025-01-03T04:54:15.000Z,CP_014,ChangeConfiguration,408.97,121.7,33.9,75.9,49.77,32.0,55.0,440.0,-89.7,21.1,31.03,1,manipulated,overcurrent_attack,critical,1
2025-01-01T02:30:31.000Z,CP_015,UpdateFirmware,403.41,19.22,34.2,80.9,8.14,24.3,53.7,437.67,5.08,19.5,34.26,1,local,normal,none,0
2025-01-01T04:44:10.000Z,CP_001,RemoteStartTransaction,381.84,28.74,27.3,41.9,9.53,39.05,45.8,417.69,10.31,18.5,35.85,0,csms,normal,none,0
2025-01-01T14:45:40.000Z,CP_016,ChangeConfiguration,414.9,16.57,21.7,63.6,20.85,31.54,42.9,443.58,14.97,21.2,28.68,0,local,normal,none,0
2025-01-03T15:06:33.000Z,CP_007,ChangeConfiguration,398.95,232.05,31.1,14.7,92.58,32.0,55.0,440.0,-200.05,23.9,41.05,1,manipulated,overcurrent_attack,critical,1
2025-01-02T11:22:05.000Z,CP_003,RemoteStartTransaction,403.88,28.55,41.6,11.0,13.44,41.34,62.5,435.07,12.79,20.9,31.19,0,local,normal,none,0
2025-01-03T09:18:48.000Z,CP_017,RemoteStartTransaction,383.54,432.48,44.0,83.5,165.87,32.0,55.0,440.0,-400.48,11.0,56.46,1,manipulated,overcurrent_attack,critical,1
2025-01-01T10:55:00.000Z,CP_004,RemoteStartTransaction,396.64,25.45,40.1,67.7,10.05,34.25,55.5,417.22,8.8,15.4,20.58,1,local,normal,none,0
2025-01-01T01:04:38.000Z,CP_013,SetChargingProfile,403.84,23.49,26.3,57.0,21.16,35.29,38.0,441.54,11.8,11.7,37.7,1,csms,normal,none,0
2025-01-04T20:34:51.000Z,CP_018,SetChargingProfile,407.75,31.95,117.1,23.5,17.33,32.0,55.0,440.0,0.05,-62.1,32.25,1,manipulated,temperature_limit_bypass,critical,1
2025-01-01T20:11:40.000Z,CP_002,Reset,380.19,20.38,39.0,24.3,18.56,30.28,60.5,401.95,9.9,21.5,21.76,1,local,normal,none,0
2025-01-03T18:24:46.000Z,CP_020,RemoteStartTransaction,414.91,26.98,30.4,58.7,13.63,35.1,49.5,443.89,8.12,19.1,28.98,0,csms,normal,none,0
2025-01-01T11:21:52.000Z,CP_004,ChangeConfiguration,396.03,31.4,26.8,42.8,19.82,44.4,46.5,431.97,13.0,19.7,35.94,0,csms,normal,none,0
2025-01-04T01:49:00.000Z,CP_005,ChangeConfiguration,411.98,27.66,43.1,38.8,9.04,37.45,53.7,445.54,9.79,10.6,33.56,1,csms,normal,none,0
2025-01-01T10:24:56.000Z,CP_003,RemoteStartTransaction,401.88,30.37,22.3,60.5,16.36,40.2,32.8,440.73,9.83,10.5,38.85,1,csms,normal,none,0
2025-01-01T14:21:51.000Z,CP_016,RemoteStartTransaction,407.01,23.66,34.8,65.0,13.4,31.1,46.7,438.86,7.44,11.9,31.85,0,csms,normal,none,0
2025-01-02T02:14:07.000Z,CP_010,Reset,394.29,25.85,23.0,88.5,20.83,39.81,42.1,417.85,13.96,19.1,23.56,1,csms,normal,none,0
2025-01-04T07:34:56.000Z,CP_020,SetChargingProfile,406.08,27.16,42.2,76.4,13.31,34.13,56.7,426.82,6.97,14.5,20.74,1,csms,normal,none,0
2025-01-08T09:59:45.000Z,CP_013,ChangeConfiguration,573.43,20.56,34.3,19.2,11.79,32.0,55.0,440.0,11.44,20.7,-133.43,1,manipulated,voltage_spike,high,1
2025-01-02T22:37:50.000Z,CP_013,RemoteStartTransaction,399.37,26.31,30.8,58.6,8.85,31.94,54.4,435.27,5.63,23.6,35.9,1,csms,normal,none,0
2025-01-01T00:15:23.000Z,CP_006,ChangeConfiguration,383.47,20.41,30.0,66.9,13.32,27.41,40.2,417.54,7.0,10.2,34.07,1,local,normal,none,0
2025-01-07T07:00:27.000Z,CP_005,SetChargingProfile,381.11,27.32,43.0,16.7,12.98,39.74,55.0,410.18,12.42,12.0,29.07,0,csms,normal,none,0
2025-01-02T21:11:29.000Z,CP_007,RemoteStartTransaction,402.79,31.09,24.5,34.0,11.93,44.94,46.8,436.54,13.85,22.3,33.75,0,csms,normal,none,0
2025-01-01T09:10:16.000Z,CP_009,RemoteStartTransaction,411.08,22.12,28.3,15.1,21.35,29.77,44.9,440.91,7.65,16.6,29.83,1,csms,normal,none,0
2025-01-01T17:08:10.000Z,CP_010,UpdateFirmware,390.74,18.33,24.2,33.5,11.78,31.16,39.6,429.62,12.83,15.4,38.88,0,local,normal,none,0
2025-01-01T17:30:47.000Z,CP_012,RemoteStartTransaction,380.81,29.08,27.6,33.8,14.58,41.04,39.1,418.19,11.96,11.5,37.38,1,local,normal,none,0
2025-01-01T01:15:50.000Z,CP_002,SetChargingProfile,403.24,27.05,37.2,23.2,18.65,34.54,54.7,436.96,7.49,17.5,33.72,0,csms,normal,none,0
2025-01-01T00:36:33.000Z,CP_020,ChangeConfiguration,406.0,23.04,38.1,63.4,9.61,32.16,58.4,443.2,9.12,20.3,37.2,0,csms,normal,none,0
2025-01-02T13:07:48.000Z,CP_013,SetChargingProfile,394.06,22.87,39.8,31.1,16.81,30.35,58.8,428.48,7.48,19.0,34.42,0,local,normal,none,0
2025-01-05T22:26:26.000Z,CP_001,RemoteStartTransaction,381.06,63.21,22.2,115.7,20.64,32.0,55.0,440.0,-31.21,32.8,58.94,1,manipulated,battery_overcharge,critical,1
2025-01-01T11:25:06.000Z,CP_011,UpdateFirmware,402.31,21.85,23.6,61.2,13.26,27.25,34.2,436.58,5.4,10.6,34.27,1,csms,normal,none,0
2025-01-02T14:33:13.000Z,CP_017,Reset,387.55,22.27,36.2,76.6,18.99,29.66,52.0,412.37,7.39,15.8,24.82,0,csms,normal,none,0
2025-01-01T21:54:27.000Z,CP_010,ChangeConfiguration,403.81,18.44,38.2,31.9,14.17,27.98,53.8,435.93,9.54,15.6,32.12,1,csms,normal,none,0
2025-01-10T09:45:26.000Z,CP_018,RemoteStartTransaction,419.5,18.0,139.5,27.7,13.32,32.0,55.0,440.0,14.0,-84.5,20.5,1,manipulated,temperature_limit_bypass,critical,1
2025-01-01T02:38:06.000Z,CP_015,ChangeConfiguration,403.91,27.25,21.2,72.9,13.27,34.59,34.5,441.18,7.34,13.3,37.27,0,local,normal,none,0
2025-01-02T08:45:25.000Z,CP_016,RemoteStartTransaction,285.1,27.0,20.7,32.8,7.7,32.0,55.0,440.0,5.0,34.3,154.9,1,manipulated,voltage_drop,medium,1
2025-01-06T04:13:50.000Z,CP_014,SetChargingProfile,415.31,22.78,38.7,79.4,16.49,33.85,55.1,446.65,11.07,16.4,31.34,0,local,normal,none,0
2025-01-02T02:31:43.000Z,CP_015,UpdateFirmware,399.55,17.32,20.8,74.7,11.66,25.07,38.9,422.91,7.75,18.1,23.36,1,csms,normal,none,0
2025-01-03T22:19:46.000Z,CP_011,RemoteStartTransaction,554.47,24.9,27.8,62.0,13.81,32.0,55.0,440.0,7.1,27.2,-114.47,1,manipulated,voltage_spike,high,1
2025-01-01T01:15:08.000Z,CP_019,RemoteStartTransaction,397.14,25.34,29.0,94.8,9.42,35.28,50.3,434.36,9.94,21.3,37.22,0,local,normal,none,0
2025-01-02T12:34:33.000Z,CP_007,RemoteStartTransaction,383.71,24.83,33.0,74.3,9.74,30.11,54.9,415.56,5.28,21.9,31.85,1,local,normal,none,0
2025-01-01T14:19:40.000Z,CP_014,SetChargingProfile,406.22,27.26,20.0,50.5,9.34,34.52,40.2,426.41,7.26,20.2,20.19,0,local,normal,none,0
2025-01-07T14:40:12.000Z,CP_016,ChangeConfiguration,401.41,31.61,93.7,68.1,9.66,32.0,55.0,440.0,0.39,-38.7,38.59,1,manipulated,temperature_limit_bypass,critical,1
2025-01-01T10:55:26.000Z,CP_005,Reset,382.99,28.5,26.6,63.0,13.2,34.3,41.5,416.48,5.8,14.9,33.49,1,local,normal,none,0
2025-01-02T08:23:36.000Z,CP_011,SetChargingProfile,418.16,25.23,20.0,15.3,15.22,38.7,44.7,444.55,13.47,24.7,26.39,0,csms,normal,none,0
2025-01-03T00:22:54.000Z,CP_019,SetChargingProfile,227.93,19.44,35.5,56.4,4.43,32.0,55.0,440.0,12.56,19.5,212.07,1,manipulated,voltage_drop,medium,1
2025-01-01T21:30:55.000Z,CP_008,SetChargingProfile,413.21,25.61,39.9,79.7,10.06,37.21,53.9,447.69,11.6,14.0,34.48,1,csms,normal,none,0
2025-01-05T09:23:10.000Z,CP_011,SetChargingProfile,416.52,28.73,66.7,18.3,16.77,32.0,55.0,440.0,3.27,-11.7,23.48,1,manipulated,temperature_limit_bypass,high,1
2025-01-05T21:01:15.000Z,CP_006,RemoteStartTransaction,462.61,26.59,31.3,32.6,12.3,32.0,55.0,440.0,5.41,23.7,-22.61,1,manipulated,voltage_spike,high,1
2025-01-01T11:06:44.000Z,CP_008,Reset,381.47,18.27,41.4,28.3,9.36,28.79,60.3,407.02,10.52,18.9,25.55,1,csms,normal,none,0
2025-01-04T10:57:17.000Z,CP_014,UpdateFirmware,415.57,17.87,35.6,64.9,13.95,27.23,48.0,450.09,9.36,12.4,34.52,1,local,normal,none,0
2025-01-03T15:22:22.000Z,CP_009,SetChargingProfile,216.06,21.19,37.5,64.0,4.58,32.0,55.0,440.0,10.81,17.5,223.94,1,manipulated,voltage_drop,medium,1
2025-01-02T21:58:30.000Z,CP_020,UpdateFirmware,417.57,31.48,35.0,73.6,8.06,39.02,54.3,443.62,7.54,19.3,26.05,1,csms,normal,none,0
2025-01-07T09:27:00.000Z,CP_020,ChangeConfiguration,415.5,273.47,23.2,71.5,113.63,32.0,55.0,440.0,-241.47,31.8,24.5,1,manipulated,overcurrent_attack,critical,1
2025-01-04T00:47:42.000Z,CP_020,SetChargingProfile,402.61,17.05,23.2,15.5,11.19,27.75,36.6,433.07,10.7,13.4,30.46,0,csms,normal,none,0
2025-01-02T01:38:58.000Z,CP_014,SetChargingProfile,387.39,31.17,29.1,35.9,8.81,36.31,47.4,424.63,5.14,18.3,37.24,1,local,normal,none,0
2025-01-02T02:34:48.000Z,CP_002,RemoteStartTransaction,469.75,30.31,23.8,72.6,14.24,32.0,55.0,440.0,1.69,31.2,-29.75,1,manipulated,voltage_spike,high,1
2025-01-02T11:17:39.000Z,CP_009,RemoteStartTransaction,380.57,17.78,24.4,60.3,9.61,27.25,46.5,405.8,9.47,22.1,25.23,1,csms,normal,none,0
2025-01-01T15:59:43.000Z,CP_003,Reset,383.65,17.37,30.8,73.3,12.84,23.67,41.7,422.78,6.3,10.9,39.13,1,csms,normal,none,0
2025-01-01T11:18:14.000Z,CP_010,UpdateFirmware,408.12,23.26,37.2,88.5,18.9,34.51,57.1,446.79,11.25,19.9,38.67,0,csms,normal,none,0
2025-01-01T20:37:15.000Z,CP_012,UpdateFirmware,416.56,16.45,37.5,90.5,15.63,27.08,50.3,456.32,10.63,12.8,39.76,1,csms,normal,none,0
2025-01-02T08:26:41.000Z,CP_001,Reset,414.59,31.47,37.1,50.3,9.33,38.2,59.1,439.07,6.73,22.0,24.48,1,local,normal,none,0
2025-01-05T11:36:04.000Z,CP_014,ChangeConfiguration,491.16,19.17,21.2,52.0,9.42,32.0,55.0,440.0,12.83,33.8,-51.16,1,manipulated,voltage_spike,high,1
2025-01-04T04:56:11.000Z,CP_008,ChangeConfiguration,494.31,23.84,35.8,60.8,11.78,32.0,55.0,440.0,8.16,19.2,-54.31,1,manipulated,voltage_spike,high,1
2025-01-01T00:04:45.000Z,CP_008,SetChargingProfile,410.92,31.76,41.4,83.7,12.95,41.29,63.9,434.17,9.53,22.5,23.25,0,local,normal,none,0
2025-01-07T13:02:25.000Z,CP_009,SetChargingProfile,496.03,20.01,36.3,75.6,9.93,32.0,55.0,440.0,11.99,18.7,-56.03,1,manipulated,voltage_spike,high,1
2025-01-01T16:38:39.000Z,CP_013,UpdateFirmware,398.51,24.87,39.8,86.1,13.97,37.97,59.6,424.94,13.1,19.8,26.43,0,csms,normal,none,0
2025-01-02T06:08:44.000Z,CP_003,RemoteStartTransaction,389.16,17.43,40.1,18.8,12.77,25.42,55.8,425.43,7.99,15.7,36.27,0,csms,normal,none,0
2025-01-01T18:17:48.000Z,CP_008,SetChargingProfile,412.29,29.52,44.4,79.6,16.36,40.95,54.8,450.87,11.43,10.4,38.58,0,csms,normal,none,0
2025-01-03T11:30:38.000Z,CP_015,SetChargingProfile,563.14,24.66,35.3,23.1,13.89,32.0,55.0,440.0,7.34,19.7,-123.14,1,manipulated,voltage_spike,high,1
2025-01-02T07:37:45.000Z,CP_003,SetChargingProfile,415.96,23.13,21.4,21.2,13.47,33.77,39.8,449.42,10.64,18.4,33.46,0,local,normal,none,0
2025-01-01T10:01:07.000Z,CP_020,ChangeConfiguration,411.97,27.36,27.8,11.2,13.36,34.61,50.4,434.24,7.25,22.6,22.27,0,local,normal,none,0
2025-01-01T18:13:15.000Z,CP_012,RemoteStartTransaction,381.95,20.5,34.9,81.6,17.22,28.36,45.0,404.1,7.86,10.1,22.15,1,local,normal,none,0
2025-01-09T00:53:14.000Z,CP_005,SetChargingProfile,417.69,51.86,41.5,119.0,21.4,32.0,55.0,440.0,-19.86,13.5,22.31,1,manipulated,battery_overcharge,critical,1
2025-01-01T06:50:02.000Z,CP_002,ChangeConfiguration,392.62,20.96,30.0,79.3,14.31,26.33,49.7,418.34,5.37,19.7,25.72,1,local,normal,none,0
2025-01-06T03:27:00.000Z,CP_016,Reset,401.42,28.54,44.1,47.1,20.72,39.24,66.4,432.64,10.7,22.3,31.22,0,csms,normal,none,0
2025-01-01T20:21:32.000Z,CP_018,UpdateFirmware,419.94,23.09,28.8,36.8,21.88,31.34,44.4,455.22,8.25,15.6,35.28,1,csms,normal,none,0
2025-01-02T19:07:35.000Z,CP_008,RemoteStartTransaction,381.82,19.81,21.0,22.6,20.3,34.08,35.1,417.63,14.27,14.1,35.81,0,csms,normal,none,0
2025-01-02T08:10:41.000Z,CP_020,UpdateFirmware,389.45,19.82,23.7,12.4,19.04,27.93,41.0,429.28,8.11,17.3,39.83,0,csms,normal,none,0
2025-01-06T15:49:47.000Z,CP_020,Reset,394.86,26.4,25.3,42.6,20.35,32.7,46.4,417.27,6.3,21.1,22.41,0,csms,normal,none,0
2025-01-02T23:23:11.000Z,CP_005,RemoteStartTransaction,387.92,18.91,43.7,48.3,19.29,25.77,54.6,411.57,6.86,10.9,23.65,1,local,normal,none,0
2025-01-09T01:25:33.000Z,CP_018,ChangeConfiguration,437.42,119.68,70.2,26.8,52.35,32.0,55.0,440.0,-87.68,-15.2,2.58,1,manipulated,combined_attack,critical,1
2025-01-01T10:56:39.000Z,CP_020,SetChargingProfile,388.85,17.01,40.6,87.3,11.81,26.09,52.7,427.78,9.08,12.1,38.93,1,csms,normal,none,0
2025-01-06T04:58:07.000Z,CP_001,ChangeConfiguration,386.23,26.51,25.7,43.6,11.77,35.79,38.4,422.46,9.28,12.7,36.23,1,local,normal,none,0
2025-01-01T02:44:44.000Z,CP_013,ChangeConfiguration,403.32,26.62,21.1,24.5,11.55,39.51,40.4,424.38,12.89,19.3,21.06,0,local,normal,none,0
2025-01-01T01:30:50.000Z,CP_007,ChangeConfiguration,383.77,26.54,28.9,44.9,20.01,32.08,48.7,416.69,5.54,19.8,32.92,1,local,normal,none,0
2025-01-01T00:48:23.000Z,CP_018,SetChargingProfile,418.14,30.76,43.0,60.9,14.53,36.88,58.4,457.85,6.12,15.4,39.71,0,csms,normal,none,0
2025-01-01T07:22:00.000Z,CP_019,Reset,392.95,18.79,21.3,73.0,15.08,31.25,38.4,428.51,12.46,17.1,35.56,0,local,normal,none,0
2025-01-01T10:01:25.000Z,CP_006,Reset,412.05,25.89,40.8,88.2,8.69,39.33,54.4,443.83,13.44,13.6,31.78,0,local,normal,none,0
2025-01-01T14:45:46.000Z,CP_018,SetChargingProfile,405.53,23.61,43.5,40.5,11.78,30.31,63.4,436.69,6.7,19.9,31.16,0,local,normal,none,0
2025-01-04T05:03:49.000Z,CP_014,SetChargingProfile,567.15,17.86,40.2,87.2,10.13,32.0,55.0,440.0,14.14,14.8,-127.15,1,manipulated,voltage_spike,high,1
2025-01-02T10:00:01.000Z,CP_018,RemoteStartTransaction,396.45,16.27,38.1,55.5,11.59,26.29,58.6,425.06,10.02,20.5,28.61,0,csms,normal,none,0
2025-01-03T09:15:06.000Z,CP_009,RemoteStartTransaction,409.2,20.82,106.5,49.3,16.03,32.0,55.0,440.0,11.18,-51.5,30.8,1,manipulated,temperature_limit_bypass,critical,1
2025-01-02T05:00:14.000Z,CP_005,UpdateFirmware,414.44,25.87,42.8,43.3,17.61,37.52,64.6,452.09,11.65,21.8,37.65,1,csms,normal,none,0
2025-01-02T23:06:57.000Z,CP_012,SetChargingProfile,539.04,24.75,38.8,47.3,13.34,32.0,55.0,440.0,7.25,16.2,-99.04,1,manipulated,voltage_spike,high,1
2025-01-01T07:13:37.000Z,CP_011,ChangeConfiguration,410.97,28.62,34.9,33.6,21.77,43.5,53.0,446.94,14.88,18.1,35.97,0,csms,normal,none,0
2025-01-01T22:56:44.000Z,CP_010,Reset,385.16,22.14,34.7,24.2,19.43,30.12,49.1,419.72,7.98,14.4,34.56,1,local,normal,none,0
2025-01-01T11:51:07.000Z,CP_014,Reset,415.58,27.89,42.4,42.9,21.62,37.85,59.9,454.07,9.96,17.5,38.49,1,csms,normal,none,0
2025-01-01T14:11:20.000Z,CP_018,RemoteStartTransaction,393.69,21.67,39.3,71.3,16.79,33.6,58.5,417.54,11.93,19.2,23.85,1,local,normal,none,0
2025-01-01T05:15:43.000Z,CP_004,RemoteStartTransaction,394.15,24.96,41.9,92.8,18.34,39.22,55.5,417.4,14.26,13.6,23.25,1,csms,normal,none,0
2025-01-07T09:47:01.000Z,CP_013,SetChargingProfile,400.45,58.89,42.8,104.8,17.96,32.0,55.0,440.0,-26.89,12.2,39.55,1,manipulated,battery_overcharge,critical,1
2025-01-04T23:51:15.000Z,CP_019,Reset,402.62,30.31,35.7,55.3,16.1,38.81,50.0,438.32,8.5,14.3,35.7,0,local,normal,none,0
2025-01-01T19:05:55.000Z,CP_003,SetChargingProfile,408.88,46.07,30.4,112.1,19.52,32.0,55.0,440.0,-14.07,24.6,31.12,1,manipulated,battery_overcharge,critical,1
2025-01-05T08:50:07.000Z,CP_009,RemoteStartTransaction,400.83,16.06,31.3,80.8,9.24,25.55,55.8,422.78,9.49,24.5,21.95,0,local,normal,none,0
2025-01-01T15:27:42.000Z,CP_020,SetChargingProfile,397.68,20.37,38.9,19.7,13.68,28.2,59.1,427.41,7.83,20.2,29.73,0,csms,normal,none,0
2025-01-03T14:53:04.000Z,CP_020,ChangeConfiguration,391.51,60.72,33.7,101.3,9.03,32.0,55.0,440.0,-28.72,21.3,48.49,1,manipulated,battery_overcharge,critical,1
2025-01-03T14:31:42.000Z,CP_017,UpdateFirmware,390.47,21.5,41.5,56.5,21.31,26.82,58.0,428.77,5.32,16.5,38.3,1,local,normal,none,0
2025-01-01T20:33:20.000Z,CP_020,RemoteStartTransaction,418.21,31.13,110.4,70.5,19.66,32.0,55.0,440.0,0.87,-55.4,21.79,1,manipulated,temperature_limit_bypass,critical,1
2025-01-02T03:02:24.000Z,CP_009,SetChargingProfile,402.26,18.08,34.6,31.7,12.23,30.18,46.9,425.33,12.1,12.3,23.07,0,local,normal,none,0
2025-01-01T22:10:28.000Z,CP_019,ChangeConfiguration,417.95,26.55,44.2,72.6,14.46,35.14,57.5,447.7,8.59,13.3,29.75,1,local,normal,none,0
2025-01-03T11:06:26.000Z,CP_019,UpdateFirmware,412.51,21.69,34.6,75.3,7.64,34.1,51.5,448.23,12.41,16.9,35.72,0,csms,normal,none,0
2025-01-01T05:15:03.000Z,CP_014,ChangeConfiguration,384.64,25.8,21.4,66.6,17.01,32.56,31.6,407.38,6.76,10.2,22.74,0,local,normal,none,0
2025-01-04T01:33:09.000Z,CP_001,RemoteStartTransaction,415.21,25.02,111.1,36.1,17.85,32.0,55.0,440.0,6.98,-56.1,24.79,1,manipulated,temperature_limit_bypass,critical,1
2025-01-01T08:08:51.000Z,CP_014,RemoteStartTransaction,404.1,30.18,32.8,81.7,15.4,38.32,53.9,435.17,8.14,21.1,31.07,0,csms,normal,none,0
2025-01-01T13:53:29.000Z,CP_003,SetChargingProfile,390.81,304.45,22.7,60.5,118.98,32.0,55.0,440.0,-272.45,32.3,49.19,1,manipulated,overcurrent_attack,critical,1
2025-01-02T01:34:37.000Z,CP_005,RemoteStartTransaction,392.36,27.28,33.1,21.5,21.94,42.04,45.3,431.02,14.76,12.2,38.66,1,csms,normal,none,0
2025-01-02T06:41:26.000Z,CP_016,ChangeConfiguration,406.02,28.09,27.2,34.3,8.26,40.78,47.0,430.66,12.69,19.8,24.64,0,local,normal,none,0
2025-01-02T22:17:42.000Z,CP_004,Reset,380.76,29.88,36.2,29.6,12.96,44.65,47.7,407.07,14.77,11.5,26.31,0,csms,normal,none,0
2025-01-06T12:43:17.000Z,CP_001,SetChargingProfile,419.15,29.7,82.0,22.0,14.67,32.0,55.0,440.0,2.3,-27.0,20.85,1,manipulated,temperature_limit_bypass,critical,1
2025-01-01T00:26:22.000Z,CP_018,RemoteStartTransaction,389.43,17.88,33.3,18.1,12.68,30.49,51.4,413.82,12.61,18.1,24.39,1,csms,normal,none,0
2025-01-02T16:02:07.000Z,CP_019,Reset,385.06,20.17,24.6,57.8,7.91,28.34,39.8,412.52,8.17,15.2,27.46,0,local,normal,none,0
2025-01-01T18:10:52.000Z,CP_017,RemoteStartTransaction,385.08,27.38,23.2,69.9,20.0,33.56,36.4,414.55,6.18,13.2,29.47,1,csms,normal,none,0
2025-01-03T15:05:26.000Z,CP_008,ChangeConfiguration,394.86,29.27,27.6,54.6,9.96,38.01,38.2,418.9,8.74,10.6,24.04,1,csms,normal,none,0
2025-01-02T05:49:55.000Z,CP_020,RemoteStartTransaction,417.15,26.14,35.8,14.6,15.06,34.33,54.3,443.69,8.19,18.5,26.54,0,csms,normal,none,0
2025-01-03T20:19:50.000Z,CP_015,Reset,396.03,22.62,35.5,56.6,21.62,31.46,50.6,432.31,8.84,15.1,36.28,1,local,normal,none,0
2025-01-03T23:04:12.000Z,CP_014,ChangeConfiguration,407.45,31.22,69.6,18.7,14.13,32.0,55.0,440.0,0.78,-14.6,32.55,1,manipulated,temperature_limit_bypass,high,1
2025-01-02T07:41:57.000Z,CP_002,SetChargingProfile,407.3,21.13,42.9,90.3,13.03,31.53,57.1,445.53,10.4,14.2,38.23,1,local,normal,none,0
2025-01-01T01:15:43.000Z,CP_014,Reset,381.31,16.42,39.8,81.5,14.98,28.83,54.6,404.72,12.41,14.8,23.41,1,csms,normal,none,0
2025-01-03T07:42:00.000Z,CP_015,RemoteStartTransaction,285.85,17.67,25.2,60.2,5.05,32.0,55.0,440.0,14.33,29.8,154.15,1,manipulated,voltage_drop,medium,1
2025-01-04T14:21:59.000Z,CP_006,SetChargingProfile,578.43,29.95,39.3,48.8,17.32,32.0,55.0,440.0,2.05,15.7,-138.43,1,manipulated,voltage_spike,high,1
2025-01-01T04:33:51.000Z,CP_011,UpdateFirmware,419.36,31.48,34.9,79.8,19.63,44.01,51.1,447.02,12.53,16.2,27.66,0,csms,normal,none,0
2025-01-06T01:57:26.000Z,CP_015,SetChargingProfile,496.74,31.01,20.0,31.4,15.4,32.0,55.0,440.0,0.99,35.0,-56.74,1,manipulated,voltage_spike,high,1
2025-01-10T07:12:36.000Z,CP_020,ChangeConfiguration,482.03,24.77,39.1,44.7,11.94,32.0,55.0,440.0,7.23,15.9,-42.03,1,manipulated,voltage_spike,high,1
2025-01-03T00:53:17.000Z,CP_016,ChangeConfiguration,549.44,26.02,29.9,69.2,14.3,32.0,55.0,440.0,5.98,25.1,-109.44,1,manipulated,voltage_spike,high,1
2025-01-02T06:01:55.000Z,CP_014,RemoteStartTransaction,408.09,22.31,28.0,42.5,12.97,32.76,47.9,437.59,10.45,19.9,29.5,1,local,normal,none,0
2025-01-02T23:30:54.000Z,CP_020,UpdateFirmware,392.62,30.37,42.0,58.8,11.41,37.2,63.5,422.84,6.83,21.5,30.22,0,csms,normal,none,0
2025-01-01T04:13:34.000Z,CP_009,Reset,385.3,21.58,21.7,30.8,11.56,30.96,39.8,411.35,9.38,18.1,26.05,0,local,normal,none,0
2025-01-03T04:37:11.000Z,CP_008,Reset,400.3,22.82,31.7,24.0,10.28,32.06,50.8,426.36,9.24,19.1,26.06,1,csms,normal,none,0
2025-01-09T23:09:12.000Z,CP_008,ChangeConfiguration,387.95,288.75,33.1,76.3,112.02,32.0,55.0,440.0,-256.75,21.9,52.05,1,manipulated,overcurrent_attack,critical,1
2025-01-01T02:56:15.000Z,CP_003,SetChargingProfile,383.43,23.78,21.7,74.7,18.58,30.06,38.8,414.43,6.28,17.1,31.0,1,csms,normal,none,0
2025-01-05T23:13:16.000Z,CP_009,SetChargingProfile,416.88,195.35,35.8,50.4,81.44,32.0,55.0,440.0,-163.35,19.2,23.12,1,manipulated,overcurrent_attack,critical,1
2025-01-03T21:56:21.000Z,CP_002,RemoteStartTransaction,270.98,20.09,35.7,46.2,5.44,32.0,55.0,440.0,11.91,19.3,169.02,1,manipulated,voltage_drop,medium,1
2025-01-01T01:15:35.000Z,CP_015,Reset,385.33,23.43,33.3,57.5,12.03,35.98,49.9,421.63,12.55,16.6,36.3,1,local,normal,none,0
2025-01-07T12:40:36.000Z,CP_001,RemoteStartTransaction,416.88,158.17,37.2,88.6,65.94,32.0,55.0,440.0,-126.17,17.8,23.12,1,manipulated,overcurrent_attack,critical,1
2025-01-01T00:19:56.000Z,CP_010,Reset,419.38,19.44,27.9,75.6,21.17,32.66,51.7,449.61,13.22,23.8,30.23,0,csms,normal,none,0
2025-01-01T13:22:26.000Z,CP_002,Reset,418.74,25.61,28.8,59.1,10.51,37.18,42.2,440.9,11.57,13.4,22.16,1,csms,normal,none,0
2025-01-03T00:02:53.000Z,CP_003,ChangeConfiguration,457.19,27.97,34.3,24.7,12.79,32.0,55.0,440.0,4.03,20.7,-17.19,1,manipulated,voltage_spike,high,1
2025-01-03T18:45:40.000Z,CP_006,UpdateFirmware,403.07,19.41,44.1,73.1,14.22,33.78,62.1,435.36,14.37,18.0,32.29,0,csms,normal,none,0
2025-01-02T12:00:51.000Z,CP_010,SetChargingProfile,401.89,31.5,39.5,17.4,8.77,39.64,63.5,425.12,8.14,24.0,23.23,1,local,normal,none,0
2025-01-05T17:32:04.000Z,CP_004,RemoteStartTransaction,383.1,57.06,34.3,101.4,17.34,32.0,55.0,440.0,-25.06,20.7,56.9,1,manipulated,battery_overcharge,critical,1
2025-01-04T04:24:37.000Z,CP_003,ChangeConfiguration,391.16,69.99,32.4,83.3,27.38,32.0,55.0,440.0,-37.99,22.6,48.84,1,manipulated,overcurrent_attack,high,1
2025-01-05T18:35:01.000Z,CP_018,SetChargingProfile,481.28,69.16,80.2,22.6,33.29,32.0,55.0,440.0,-37.16,-25.2,-41.28,1,manipulated,combined_attack,critical,1
2025-01-01T06:34:22.000Z,CP_012,UpdateFirmware,382.76,26.36,20.3,45.7,14.56,35.7,35.7,420.59,9.34,15.4,37.83,0,local,normal,none,0
2025-01-09T19:24:11.000Z,CP_008,RemoteStartTransaction,488.73,22.43,23.9,60.9,10.96,32.0,55.0,440.0,9.57,31.1,-48.73,1,manipulated,voltage_spike,high,1
2025-01-04T10:44:58.000Z,CP_008,SetChargingProfile,381.14,28.24,32.3,92.5,16.14,36.86,49.5,409.86,8.62,17.2,28.72,1,csms,normal,none,0
2025-01-01T22:01:43.000Z,CP_013,UpdateFirmware,404.18,21.23,27.6,63.0,18.5,32.84,45.4,434.02,11.61,17.8,29.84,0,local,normal,none,0
2025-01-03T09:47:43.000Z,CP_018,RemoteStartTransaction,391.44,29.56,40.2,54.4,7.77,36.01,60.3,415.44,6.45,20.1,24.0,1,local,normal,none,0
2025-01-01T19:09:12.000Z,CP_016,SetChargingProfile,412.23,18.83,32.5,94.6,19.8,29.0,53.3,447.94,10.17,20.8,35.71,1,csms,normal,none,0
2025-01-01T13:07:14.000Z,CP_002,ChangeConfiguration,390.65,55.68,22.5,114.3,16.46,32.0,55.0,440.0,-23.68,32.5,49.35,1,manipulated,battery_overcharge,critical,1
2025-01-02T05:18:37.000Z,CP_004,UpdateFirmware,398.82,29.86,34.6,90.3,8.44,43.75,52.1,436.17,13.89,17.5,37.35,1,local,normal,none,0
2025-01-05T12:25:00.000Z,CP_015,Reset,402.17,29.27,43.0,52.7,17.76,38.51,55.4,441.63,9.24,12.4,39.46,1,csms,normal,none,0
2025-01-01T09:05:28.000Z,CP_002,ChangeConfiguration,415.58,27.75,35.1,12.2,10.74,39.49,58.0,447.32,11.74,22.9,31.74,1,csms,normal,none,0
2025-01-01T08:31:43.000Z,CP_010,Reset,389.68,26.54,37.9,77.1,8.48,41.45,55.1,417.7,14.91,17.2,28.02,1,csms,normal,none,0
2025-01-01T18:05:21.000Z,CP_002,RemoteStartTransaction,390.66,22.28,33.6,25.4,20.48,29.78,49.3,410.91,7.5,15.7,20.25,1,local,normal,none,0
2025-01-04T18:56:26.000Z,CP_010,RemoteStartTransaction,392.56,27.59,38.9,48.2,19.19,36.0,62.7,428.76,8.41,23.8,36.2,0,csms,normal,none,0
2025-01-02T19:06:23.000Z,CP_001,ChangeConfiguration,380.5,42.78,27.7,107.5,15.69,32.0,55.0,440.0,-10.78,27.3,59.5,1,manipulated,battery_overcharge,critical,1
2025-01-01T07:45:01.000Z,CP_010,Reset,395.6,21.12,30.3,37.6,12.88,34.4,42.1,419.65,13.28,11.8,24.05,0,local,normal,none,0
2025-01-01T09:56:46.000Z,CP_003,SetChargingProfile,415.68,29.59,35.8,79.1,15.85,42.28,49.0,436.41,12.69,13.2,20.73,1,csms,normal,none,0
2025-01-03T04:54:38.000Z,CP_004,RemoteStartTransaction,384.83,25.15,21.0,23.0,12.82,40.06,35.5,414.55,14.91,14.5,29.72,0,local,normal,none,0
2025-01-01T05:19:05.000Z,CP_017,SetChargingProfile,416.84,31.59,23.9,37.8,15.96,44.22,43.6,449.7,12.63,19.7,32.86,1,csms,normal,none,0
2025-01-02T02:56:07.000Z,CP_015,SetChargingProfile,381.84,20.19,27.9,69.9,17.3,32.87,46.5,413.14,12.68,18.6,31.3,0,local,normal,none,0
2025-01-03T04:50:29.000Z,CP_002,SetChargingProfile,413.4,20.79,38.1,36.8,15.22,27.87,58.4,449.39,7.08,20.3,35.99,0,csms,normal,none,0
2025-01-01T06:30:01.000Z,CP_010,UpdateFirmware,396.64,31.39,22.9,90.0,9.47,39.51,39.7,420.78,8.12,16.8,24.14,1,local,normal,none,0
2025-01-03T11:23:24.000Z,CP_020,Reset,381.63,21.86,36.2,69.9,15.59,34.6,48.3,408.33,12.74,12.1,26.7,0,local,normal,none,0
2025-01-03T08:17:49.000Z,CP_009,SetChargingProfile,406.64,31.22,36.8,66.6,20.87,42.56,54.2,442.55,11.34,17.4,35.91,0,csms,normal,none,0
2025-01-01T21:31:18.000Z,CP_014,UpdateFirmware,389.91,18.44,32.8,31.2,18.59,32.08,57.7,414.86,13.64,24.9,24.95,0,local,normal,none,0
2025-01-01T03:27:18.000Z,CP_005,Reset,387.6,19.48,21.5,72.5,8.29,27.62,32.3,417.14,8.14,10.8,29.54,0,csms,normal,none,0
2025-01-03T03:31:02.000Z,CP_016,Reset,400.53,27.59,43.4,86.9,20.07,34.91,54.3,420.91,7.32,10.9,20.38,1,csms,normal,none,0
2025-01-02T07:33:10.000Z,CP_006,RemoteStartTransaction,397.5,31.55,132.3,46.1,9.89,32.0,55.0,440.0,0.45,-77.3,42.5,1,manipulated,temperature_limit_bypass,critical,1
2025-01-05T18:35:00.000Z,CP_011,Reset,384.92,18.06,25.2,23.7,15.61,31.57,35.7,424.52,13.51,10.5,39.6,1,local,normal,none,0
2025-01-03T00:35:24.000Z,CP_002,UpdateFirmware,410.73,30.6,34.1,66.1,9.59,44.29,46.8,444.97,13.69,12.7,34.24,1,local,normal,none,0
2025-01-01T10:29:26.000Z,CP_006,ChangeConfiguration,394.8,27.55,39.4,58.2,8.64,33.08,51.8,427.16,5.53,12.4,32.36,1,local,normal,none,0
2025-01-02T09:57:48.000Z,CP_011,SetChargingProfile,279.98,18.32,38.4,82.3,5.13,32.0,55.0,440.0,13.68,16.6,160.02,1,manipulated,voltage_drop,medium,1
2025-01-05T04:50:37.000Z,CP_007,SetChargingProfile,414.37,43.99,30.6,109.2,11.81,32.0,55.0,440.0,-11.99,24.4,25.63,1,manipulated,battery_overcharge,critical,1
2025-01-02T17:35:39.000Z,CP_010,ChangeConfiguration,259.31,28.8,20.4,13.5,7.47,32.0,55.0,440.0,3.2,34.6,180.69,1,manipulated,voltage_drop,medium,1
2025-01-03T06:34:54.000Z,CP_019,Reset,394.63,20.41,37.0,74.2,13.43,33.25,54.2,422.03,12.84,17.2,27.4,1,local,normal,none,0
2025-01-02T14:40:30.000Z,CP_007,Reset,394.42,16.83,36.7,92.7,10.85,26.17,46.9,430.31,9.34,10.2,35.89,0,local,normal,none,0
2025-01-03T20:20:14.000Z,CP_007,ChangeConfiguration,403.27,28.92,38.8,23.2,10.78,41.18,54.3,441.31,12.26,15.5,38.04,1,csms,normal,none,0
2025-01-02T02:15:20.000Z,CP_011,UpdateFirmware,390.85,17.25,29.3,52.7,20.57,24.04,51.4,430.48,6.79,22.1,39.63,0,local,normal,none,0
2025-01-05T09:29:41.000Z,CP_014,Reset,394.07,29.25,30.6,92.8,12.3,43.51,47.5,421.53,14.26,16.9,27.46,0,local,normal,none,0
2025-01-03T10:01:19.000Z,CP_008,RemoteStartTransaction,390.9,383.24,39.6,65.7,149.81,32.0,55.0,440.0,-351.24,15.4,49.1,1,manipulated,overcurrent_attack,critical,1
2025-01-01T18:04:48.000Z,CP_005,Reset,401.18,22.37,36.2,31.2,9.06,34.73,53.7,428.92,12.36,17.5,27.74,0,local,normal,none,0
2025-01-02T10:29:24.000Z,CP_012,RemoteStartTransaction,392.34,21.75,42.1,49.6,19.12,33.97,63.5,418.74,12.22,21.4,26.4,1,local,normal,none,0
2025-01-04T10:48:42.000Z,CP_019,SetChargingProfile,412.13,18.96,22.8,25.7,11.7,30.56,33.9,441.2,11.6,11.1,29.07,1,local,normal,none,0
2025-01-07T08:29:07.000Z,CP_004,UpdateFirmware,384.28,20.52,42.4,17.9,14.62,29.13,65.0,412.1,8.61,22.6,27.82,0,local,normal,none,0
2025-01-02T06:36:49.000Z,CP_008,RemoteStartTransaction,491.7,140.01,68.5,80.0,68.84,32.0,55.0,440.0,-108.01,-13.5,-51.7,1,manipulated,combined_attack,critical,1
2025-01-04T21:17:07.000Z,CP_009,SetChargingProfile,417.72,27.39,26.2,86.1,10.05,32.4,46.1,444.15,5.01,19.9,26.43,1,local,normal,none,0
2025-01-04T22:33:47.000Z,CP_010,SetChargingProfile,543.64,23.22,31.7,23.3,12.62,32.0,55.0,440.0,8.78,23.3,-103.64,1,manipulated,voltage_spike,high,1
2025-01-01T17:07:36.000Z,CP_018,RemoteStartTransaction,412.93,21.87,40.6,13.5,17.9,32.33,65.4,434.98,10.46,24.8,22.05,1,csms,normal,none,0
2025-01-01T10:18:51.000Z,CP_004,Reset,398.73,17.2,38.9,29.2,17.27,28.94,54.9,435.64,11.74,16.0,36.91,1,csms,normal,none,0
2025-01-02T15:36:01.000Z,CP_007,ChangeConfiguration,392.84,19.08,26.9,37.1,13.84,25.26,39.1,418.31,6.18,12.2,25.47,0,csms,normal,none,0
2025-01-03T08:08:12.000Z,CP_017,SetChargingProfile,412.22,18.28,85.4,73.2,17.87,32.0,55.0,440.0,13.72,-30.4,27.78,1,manipulated,temperature_limit_bypass,critical,1
2025-01-03T08:52:39.000Z,CP_020,ChangeConfiguration,385.83,16.72,40.5,27.0,12.86,29.3,63.3,408.08,12.58,22.8,22.25,0,csms,normal,none,0
2025-01-02T11:32:15.000Z,CP_002,UpdateFirmware,405.03,30.06,42.3,79.3,7.83,40.61,56.5,428.06,10.55,14.2,23.03,0,csms,normal,none,0
2025-01-04T10:20:52.000Z,CP_018,ChangeConfiguration,405.07,25.99,43.4,43.6,13.65,33.31,55.0,431.54,7.32,11.6,26.47,1,local,normal,none,0
2025-01-04T17:08:00.000Z,CP_015,SetChargingProfile,396.52,29.13,37.6,73.0,7.51,37.88,51.0,422.19,8.75,13.4,25.67,1,local,normal,none,0
2025-01-04T06:52:39.000Z,CP_012,RemoteStartTransaction,407.63,31.41,36.9,78.4,8.68,37.76,49.8,443.95,6.35,12.9,36.32,0,csms,normal,none,0
2025-01-01T20:46:32.000Z,CP_011,RemoteStartTransaction,505.32,151.41,85.9,90.8,76.51,32.0,55.0,440.0,-119.41,-30.9,-65.32,1,manipulated,combined_attack,critical,1
2025-01-03T03:38:42.000Z,CP_016,ChangeConfiguration,400.46,18.36,31.4,20.4,14.54,25.67,55.5,421.05,7.31,24.1,20.59,0,local,normal,none,0
2025-01-01T05:00:37.000Z,CP_015,SetChargingProfile,405.39,27.16,41.3,77.6,13.21,41.84,63.7,435.28,14.68,22.4,29.89,1,local,normal,none,0
2025-01-01T10:41:20.000Z,CP_017,ChangeConfiguration,411.67,22.64,40.3,73.8,10.74,34.97,55.4,435.79,12.33,15.1,24.12,0,csms,normal,none,0
2025-01-01T10:00:48.000Z,CP_004,Reset,388.44,28.67,29.4,54.2,21.45,36.33,46.7,423.58,7.66,17.3,35.14,1,local,normal,none,0
2025-01-02T20:42:11.000Z,CP_001,RemoteStartTransaction,383.63,29.53,43.5,90.6,12.48,36.14,61.0,418.2,6.61,17.5,34.57,0,csms,normal,none,0
2025-01-08T06:23:32.000Z,CP_002,ChangeConfiguration,383.95,31.2,78.3,70.6,8.47,32.0,55.0,440.0,0.8,-23.3,56.05,1,manipulated,temperature_limit_bypass,high,1
2025-01-06T23:17:19.000Z,CP_012,ChangeConfiguration,393.66,102.32,37.4,58.1,40.28,32.0,55.0,440.0,-70.32,17.6,46.34,1,manipulated,overcurrent_attack,critical,1
2025-01-04T00:29:58.000Z,CP_005,RemoteStartTransaction,246.99,24.54,33.2,38.7,6.06,32.0,55.0,440.0,7.46,21.8,193.01,1,manipulated,voltage_drop,medium,1
2025-01-02T07:38:01.000Z,CP_017,RemoteStartTransaction,391.18,27.19,40.4,41.3,16.43,38.78,57.5,419.44,11.59,17.1,28.26,0,local,normal,none,0
2025-01-01T00:42:59.000Z,CP_005,SetChargingProfile,390.58,30.24,38.6,23.2,11.51,37.35,53.7,424.33,7.11,15.1,33.75,1,local,normal,none,0
2025-01-05T08:05:07.000Z,CP_014,ChangeConfiguration,419.33,40.62,35.8,117.5,20.54,32.0,55.0,440.0,-8.62,19.2,20.67,1,manipulated,battery_overcharge,critical,1
2025-01-02T04:28:06.000Z,CP_011,RemoteStartTransaction,382.69,16.71,37.8,11.9,12.41,22.8,59.8,421.29,6.09,22.0,38.6,0,csms,normal,none,0
2025-01-01T05:35:57.000Z,CP_019,SetChargingProfile,387.17,18.72,32.3,38.8,14.23,24.62,53.0,415.83,5.9,20.7,28.66,0,local,normal,none,0
2025-01-04T06:00:37.000Z,CP_017,SetChargingProfile,396.17,18.04,27.4,41.4,15.41,23.57,48.0,432.59,5.53,20.6,36.42,0,local,normal,none,0
2025-01-03T15:43:52.000Z,CP_004,RemoteStartTransaction,388.98,19.25,43.7,79.1,11.29,31.71,59.4,417.61,12.46,15.7,28.63,0,local,normal,none,0
2025-01-01T19:26:53.000Z,CP_010,RemoteStartTransaction,419.9,26.72,23.4,16.1,7.63,38.93,40.7,448.63,12.21,17.3,28.73,0,csms,normal,none,0
2025-01-02T01:39:11.000Z,CP_014,RemoteStartTransaction,400.61,17.39,36.7,25.7,9.45,25.63,50.4,425.83,8.24,13.7,25.22,1,local,normal,none,0
2025-01-01T04:01:37.000Z,CP_019,SetChargingProfile,407.09,31.33,29.9,70.8,8.51,43.24,49.3,429.13,11.91,19.4,22.04,0,csms,normal,none,0
2025-01-03T19:53:20.000Z,CP_006,ChangeConfiguration,284.43,23.04,31.7,92.1,6.55,32.0,55.0,440.0,8.96,23.3,155.57,1,manipulated,voltage_drop,medium,1
2025-01-03T02:50:03.000Z,CP_006,RemoteStartTransaction,385.72,307.44,39.9,23.8,118.59,32.0,55.0,440.0,-275.44,15.1,54.28,1,manipulated,overcurrent_attack,critical,1
2025-01-02T13:26:35.000Z,CP_014,ChangeConfiguration,387.55,17.11,41.0,50.4,17.32,23.9,66.0,417.38,6.79,25.0,29.83,1,local,normal,none,0
2025-01-01T09:54:19.000Z,CP_015,UpdateFirmware,416.59,25.0,44.2,57.4,9.36,32.43,57.3,449.52,7.43,13.1,32.93,1,csms,normal,none,0
2025-01-05T19:45:55.000Z,CP_014,RemoteStartTransaction,400.99,26.71,26.5,80.6,8.75,40.73,41.6,436.05,14.02,15.1,35.06,0,local,normal,none,0
2025-01-01T07:08:50.000Z,CP_016,UpdateFirmware,381.05,24.86,29.2,78.3,15.45,35.98,40.5,407.24,11.12,11.3,26.19,1,local,normal,none,0
2025-01-01T07:47:27.000Z,CP_004,SetChargingProfile,414.05,30.24,20.2,21.8,16.85,38.53,43.6,453.15,8.29,23.4,39.1,0,local,normal,none,0
2025-01-03T09:14:06.000Z,CP_001,RemoteStartTransaction,459.59,142.31,77.2,70.5,65.4,32.0,55.0,440.0,-110.31,-22.2,-19.59,1,manipulated,combined_attack,critical,1
2025-01-02T07:54:31.000Z,CP_012,ChangeConfiguration,384.11,68.97,40.6,117.2,21.91,32.0,55.0,440.0,-36.97,14.4,55.89,1,manipulated,battery_overcharge,critical,1
2025-01-02T04:25:23.000Z,CP_019,Reset,409.33,20.66,31.6,53.4,13.19,30.68,51.5,446.29,10.02,19.9,36.96,0,csms,normal,none,0
2025-01-03T00:18:12.000Z,CP_013,ChangeConfiguration,403.76,24.47,118.2,46.9,17.34,32.0,55.0,440.0,7.53,-63.2,36.24,1,manipulated,temperature_limit_bypass,critical,1
2025-01-05T01:01:44.000Z,CP_002,ChangeConfiguration,405.65,18.94,31.1,64.5,7.44,25.94,45.7,437.17,7.0,14.6,31.52,0,csms,normal,none,0
2025-01-02T08:18:45.000Z,CP_012,SetChargingProfile,477.39,24.85,43.5,92.1,11.86,32.0,55.0,440.0,7.15,11.5,-37.39,1,manipulated,voltage_spike,high,1
2025-01-03T05:46:14.000Z,CP_016,UpdateFirmware,389.35,25.39,33.8,49.8,19.29,33.8,45.1,426.27,8.41,11.3,36.92,1,csms,normal,none,0
2025-01-05T08:48:16.000Z,CP_020,SetChargingProfile,494.95,18.82,32.7,53.7,9.31,32.0,55.0,440.0,13.18,22.3,-54.95,1,manipulated,voltage_spike,high,1
2025-01-01T14:27:06.000Z,CP_003,UpdateFirmware,393.62,28.3,43.9,43.7,18.69,33.6,58.0,433.47,5.3,14.1,39.85,0,local,normal,none,0
2025-01-01T12:14:20.000Z,CP_008,Reset,409.51,29.92,29.4,28.8,14.28,39.76,52.8,432.41,9.84,23.4,22.9,1,csms,normal,none,0
2025-01-04T18:08:10.000Z,CP_014,ChangeConfiguration,380.23,30.14,37.7,19.4,11.56,36.48,54.0,406.85,6.34,16.3,26.62,0,csms,normal,none,0
2025-01-04T01:56:05.000Z,CP_001,ChangeConfiguration,419.61,19.61,37.2,91.4,20.79,26.58,52.1,440.87,6.97,14.9,21.26,0,local,normal,none,0
2025-01-02T01:15:30.000Z,CP_013,SetChargingProfile,391.9,17.17,21.5,47.4,14.47,24.21,40.6,418.15,7.04,19.1,26.25,1,local,normal,none,0
2025-01-04T18:08:49.000Z,CP_013,Reset,387.4,29.94,35.7,69.8,7.42,41.21,51.5,421.22,11.27,15.8,33.82,0,local,normal,none,0
2025-01-01T19:08:06.000Z,CP_001,Reset,417.95,21.32,35.5,78.3,12.21,29.67,57.7,455.14,8.35,22.2,37.19,0,local,normal,none,0
2025-01-02T07:48:16.000Z,CP_016,ChangeConfiguration,398.43,27.72,28.8,21.9,15.38,34.56,52.1,438.24,6.84,23.3,39.81,0,csms,normal,none,0
2025-01-02T01:00:35.000Z,CP_014,UpdateFirmware,387.43,25.37,29.5,75.6,11.71,32.83,40.6,412.79,7.46,11.1,25.36,0,local,normal,none,0
2025-01-05T22:02:32.000Z,CP_001,ChangeConfiguration,382.93,27.11,38.7,42.4,18.29,40.67,54.7,403.14,13.56,16.0,20.21,0,local,normal,none,0
2025-01-08T16:21:59.000Z,CP_005,ChangeConfiguration,400.98,29.27,66.0,45.4,9.6,32.0,55.0,440.0,2.73,-11.0,39.02,1,manipulated,temperature_limit_bypass,high,1
2025-01-01T15:45:48.000Z,CP_015,SetChargingProfile,404.61,30.49,20.5,28.3,9.58,44.89,39.6,433.08,14.4,19.1,28.47,0,local,normal,none,0
2025-01-03T06:33:03.000Z,CP_016,SetChargingProfile,417.59,16.52,28.7,83.1,18.73,26.09,40.5,447.95,9.57,11.8,30.36,0,csms,normal,none,0
2025-01-01T16:30:05.000Z,CP_020,UpdateFirmware,401.57,16.02,43.4,67.7,13.7,25.23,66.5,435.52,9.21,23.1,33.95,0,local,normal,none,0
2025-01-01T08:18:31.000Z,CP_006,Reset,392.58,23.22,21.3,40.5,7.54,29.59,43.5,431.86,6.37,22.2,39.28,1,local,normal,none,0
2025-01-05T13:30:42.000Z,CP_011,RemoteStartTransaction,387.1,317.3,21.9,67.7,122.83,32.0,55.0,440.0,-285.3,33.1,52.9,1,manipulated,overcurrent_attack,critical,1
2025-01-03T07:17:04.000Z,CP_011,SetChargingProfile,407.39,25.22,22.8,45.2,12.73,32.12,38.0,440.5,6.9,15.2,33.11,0,local,normal,none,0
2025-01-05T15:08:30.000Z,CP_011,ChangeConfiguration,418.98,22.36,25.3,42.6,13.58,33.33,36.4,450.12,10.97,11.1,31.14,1,csms,normal,none,0
2025-01-03T03:54:38.000Z,CP_004,UpdateFirmware,389.31,22.8,32.5,75.0,18.58,33.74,53.8,425.33,10.94,21.3,36.02,1,local,normal,none,0
2025-01-08T10:38:56.000Z,CP_017,ChangeConfiguration,418.06,25.09,64.8,66.4,18.91,32.0,55.0,440.0,6.91,-9.8,21.94,1,manipulated,temperature_limit_bypass,high,1
2025-01-02T03:40:28.000Z,CP_006,ChangeConfiguration,383.19,17.37,23.1,15.5,7.83,24.72,40.4,418.4,7.35,17.3,35.21,0,local,normal,none,0
2025-01-07T21:10:50.000Z,CP_014,RemoteStartTransaction,214.04,19.98,28.8,29.2,4.28,32.0,55.0,440.0,12.02,26.2,225.96,1,manipulated,voltage_drop,medium,1
2025-01-06T22:06:00.000Z,CP_016,ChangeConfiguration,385.08,31.93,135.0,19.3,10.74,32.0,55.0,440.0,0.07,-80.0,54.92,1,manipulated,temperature_limit_bypass,critical,1
2025-01-04T09:35:22.000Z,CP_007,SetChargingProfile,380.45,19.22,27.0,77.2,11.89,29.29,41.9,400.57,10.07,14.9,20.12,1,local,normal,none,0
2025-01-01T00:18:44.000Z,CP_013,SetChargingProfile,390.98,25.05,37.1,73.3,8.12,36.11,54.6,429.06,11.06,17.5,38.08,0,local,normal,none,0
2025-01-05T21:31:55.000Z,CP_012,SetChargingProfile,415.57,418.63,26.3,38.7,173.97,32.0,55.0,440.0,-386.63,28.7,24.43,1,manipulated,overcurrent_attack,critical,1
2025-01-01T20:06:25.000Z,CP_002,SetChargingProfile,388.62,20.07,41.0,18.2,18.27,27.67,56.4,419.77,7.6,15.4,31.15,1,csms,normal,none,0
2025-01-02T03:46:10.000Z,CP_016,RemoteStartTransaction,405.97,18.79,44.2,69.0,20.96,31.66,57.5,437.75,12.87,13.3,31.78,1,local,normal,none,0
2025-01-01T06:11:36.000Z,CP_011,SetChargingProfile,391.69,211.37,20.7,48.8,82.79,32.0,55.0,440.0,-179.37,34.3,48.31,1,manipulated,overcurrent_attack,critical,1
2025-01-04T22:39:57.000Z,CP_012,SetChargingProfile,393.73,30.69,97.2,17.8,7.55,32.0,55.0,440.0,1.31,-42.2,46.27,1,manipulated,temperature_limit_bypass,critical,1
2025-01-01T16:29:19.000Z,CP_004,RemoteStartTransaction,383.62,28.92,27.6,69.9,16.21,36.07,50.4,406.59,7.15,22.8,22.97,1,local,normal,none,0
2025-01-04T03:13:15.000Z,CP_016,RemoteStartTransaction,398.15,23.07,35.0,10.6,20.28,30.85,54.4,434.55,7.78,19.4,36.4,0,csms,normal,none,0
2025-01-02T17:58:55.000Z,CP_016,UpdateFirmware,398.69,29.93,43.4,56.6,9.37,44.41,61.5,430.51,14.48,18.1,31.82,1,local,normal,none,0
2025-01-01T02:28:09.000Z,CP_016,SetChargingProfile,397.69,20.85,26.9,14.8,14.81,28.95,43.7,418.83,8.1,16.8,21.14,0,csms,normal,none,0
2025-01-03T07:25:06.000Z,CP_007,RemoteStartTransaction,402.83,230.5,24.0,76.1,92.85,32.0,55.0,440.0,-198.5,31.0,37.17,1,manipulated,overcurrent_attack,critical,1
2025-01-02T03:34:36.000Z,CP_013,Reset,410.63,30.82,26.4,91.7,13.93,39.79,47.3,450.29,8.97,20.9,39.66,0,csms,normal,none,0
2025-01-01T02:48:48.000Z,CP_016,UpdateFirmware,400.76,23.08,27.0,94.7,13.76,36.22,51.5,430.16,13.14,24.5,29.4,1,local,normal,none,0
2025-01-08T09:48:05.000Z,CP_003,SetChargingProfile,397.44,21.93,119.7,47.6,18.63,32.0,55.0,440.0,10.07,-64.7,42.56,1,manipulated,temperature_limit_bypass,critical,1
2025-01-08T14:34:41.000Z,CP_001,RemoteStartTransaction,276.88,27.62,27.3,43.9,7.65,32.0,55.0,440.0,4.38,27.7,163.12,1,manipulated,voltage_drop,medium,1
2025-01-01T00:27:18.000Z,CP_015,Reset,380.13,27.55,38.0,92.6,18.52,37.63,49.6,412.64,10.08,11.6,32.51,0,csms,normal,none,0
2025-01-01T00:58:57.000Z,CP_003,UpdateFirmware,405.37,29.27,21.1,38.4,9.31,44.07,33.5,434.21,14.8,12.4,28.84,0,csms,normal,none,0
2025-01-01T01:38:25.000Z,CP_001,RemoteStartTransaction,388.18,31.13,39.2,75.0,11.63,37.33,56.7,416.79,6.2,17.5,28.61,1,csms,normal,none,0
2025-01-01T11:28:04.000Z,CP_019,UpdateFirmware,391.97,31.39,37.3,48.8,11.81,46.38,60.1,414.1,14.99,22.8,22.13,1,local,normal,none,0
2025-01-05T08:28:19.000Z,CP_008,SetChargingProfile,415.02,45.17,39.5,112.2,21.54,32.0,55.0,440.0,-13.17,15.5,24.98,1,manipulated,battery_overcharge,critical,1
2025-01-01T21:23:26.000Z,CP_008,RemoteStartTransaction,418.78,25.77,38.8,76.6,10.82,33.16,63.3,454.47,7.39,24.5,35.69,1,local,normal,none,0
2025-01-03T08:57:41.000Z,CP_010,RemoteStartTransaction,387.75,29.45,38.2,78.6,12.92,37.05,49.0,409.41,7.6,10.8,21.66,0,csms,normal,none,0
2025-01-01T06:17:14.000Z,CP_016,ChangeConfiguration,381.16,21.38,37.0,44.4,9.81,31.05,48.9,413.61,9.67,11.9,32.45,1,csms,normal,none,0
2025-01-07T04:00:36.000Z,CP_014,ChangeConfiguration,408.8,389.99,36.1,60.1,159.43,32.0,55.0,440.0,-357.99,18.9,31.2,1,manipulated,overcurrent_attack,critical,1
2025-01-05T18:23:57.000Z,CP_004,RemoteStartTransaction,416.43,17.08,30.5,89.2,14.76,22.3,49.5,450.36,5.22,19.0,33.93,1,csms,normal,none,0
2025-01-06T07:33:41.000Z,CP_007,ChangeConfiguration,402.81,23.58,72.4,62.6,15.56,32.0,55.0,440.0,8.42,-17.4,37.19,1,manipulated,temperature_limit_bypass,high,1
2025-01-03T20:43:44.000Z,CP_020,UpdateFirmware,390.12,24.96,31.3,89.7,16.76,39.39,42.1,428.9,14.43,10.8,38.78,1,local,normal,none,0
2025-01-06T10:28:00.000Z,CP_005,ChangeConfiguration,399.19,24.24,44.9,85.5,17.59,33.29,64.1,437.41,9.05,19.2,38.22,1,local,normal,none,0
2025-01-07T03:32:36.000Z,CP_018,RemoteStartTransaction,469.69,126.13,73.4,54.9,59.24,32.0,55.0,440.0,-94.13,-18.4,-29.69,1,manipulated,combined_attack,critical,1
2025-01-04T22:46:58.000Z,CP_008,Reset,407.13,22.69,31.4,47.3,12.57,32.38,45.7,446.18,9.69,14.3,39.05,0,local,normal,none,0
2025-01-03T01:10:15.000Z,CP_013,Reset,388.82,17.27,35.6,53.9,19.08,28.4,56.0,414.26,11.13,20.4,25.44,1,local,normal,none,0
2025-01-01T11:27:40.000Z,CP_002,ChangeConfiguration,400.53,31.57,36.9,65.0,17.82,45.88,54.8,433.47,14.31,17.9,32.94,1,local,normal,none,0
2025-01-05T00:14:00.000Z,CP_019,ChangeConfiguration,406.28,481.38,39.1,65.2,195.58,32.0,55.0,440.0,-449.38,15.9,33.72,1,manipulated,overcurrent_attack,critical,1
2025-01-02T06:22:52.000Z,CP_005,Reset,391.62,20.6,37.9,39.4,13.86,28.16,55.1,415.66,7.56,17.2,24.04,1,local,normal,none,0
2025-01-01T08:01:41.000Z,CP_011,SetChargingProfile,273.39,21.35,39.1,21.8,5.84,32.0,55.0,440.0,10.65,15.9,166.61,1,manipulated,voltage_drop,medium,1
2025-01-07T05:13:54.000Z,CP_010,SetChargingProfile,403.37,20.15,96.5,73.4,21.94,32.0,55.0,440.0,11.85,-41.5,36.63,1,manipulated,temperature_limit_bypass,critical,1
2025-01-02T02:07:44.000Z,CP_015,Reset,395.21,24.76,31.9,23.0,17.55,36.06,46.4,428.44,11.3,14.5,33.23,1,csms,normal,none,0
2025-01-03T04:47:30.000Z,CP_011,Reset,408.7,30.03,40.5,80.1,17.6,40.09,55.8,440.74,10.06,15.3,32.04,1,local,normal,none,0
2025-01-01T08:54:12.000Z,CP_006,Reset,385.46,17.77,31.4,48.5,17.63,27.69,46.2,408.5,9.92,14.8,23.04,0,csms,normal,none,0
2025-01-02T19:48:10.000Z,CP_008,ChangeConfiguration,415.46,25.66,39.7,64.2,16.33,32.36,64.3,452.56,6.7,24.6,37.1,1,local,normal,none,0
2025-01-01T14:02:26.000Z,CP_005,RemoteStartTransaction,380.65,24.85,34.6,71.2,11.71,31.81,48.1,412.05,6.96,13.5,31.4,1,local,normal,none,0
2025-01-01T19:18:55.000Z,CP_011,UpdateFirmware,383.46,23.31,29.2,34.8,18.85,35.71,42.8,410.83,12.4,13.6,27.37,0,csms,normal,none,0
2025-01-04T23:56:39.000Z,CP_019,ChangeConfiguration,472.49,111.98,76.2,78.2,52.91,32.0,55.0,440.0,-79.98,-21.2,-32.49,1,manipulated,combined_attack,critical,1
2025-01-03T05:39:35.000Z,CP_006,SetChargingProfile,396.73,267.9,29.5,59.6,106.28,32.0,55.0,440.0,-235.9,25.5,43.27,1,manipulated,overcurrent_attack,critical,1
2025-01-06T03:55:17.000Z,CP_003,UpdateFirmware,418.04,21.75,29.4,50.0,13.57,32.84,45.9,441.16,11.09,16.5,23.12,0,local,normal,none,0
2025-01-01T04:04:59.000Z,CP_005,SetChargingProfile,399.56,16.31,42.7,62.6,10.94,27.8,52.9,432.21,11.49,10.2,32.65,0,local,normal,none,0
2025-01-02T14:27:43.000Z,CP_010,ChangeConfiguration,404.99,20.59,41.9,33.0,14.69,29.28,55.9,443.13,8.69,14.0,38.14,0,csms,normal,none,0
2025-01-01T02:54:41.000Z,CP_003,SetChargingProfile,396.21,22.03,31.9,64.1,17.66,27.86,54.6,429.11,5.83,22.7,32.9,0,csms,normal,none,0
2025-01-04T18:27:57.000Z,CP_005,SetChargingProfile,233.66,19.86,27.3,38.6,4.64,32.0,55.0,440.0,12.14,27.7,206.34,1,manipulated,voltage_drop,medium,1
2025-01-05T22:47:42.000Z,CP_016,ChangeConfiguration,398.45,17.32,36.4,70.7,13.79,27.03,50.6,421.68,9.71,14.2,23.23,0,csms,normal,none,0
2025-01-03T07:57:07.000Z,CP_001,Reset,393.1,19.52,38.2,89.9,11.31,29.34,62.5,420.07,9.82,24.3,26.97,1,local,normal,none,0
2025-01-07T11:08:18.000Z,CP_013,RemoteStartTransaction,270.53,26.51,21.9,89.8,7.17,32.0,55.0,440.0,5.49,33.1,169.47,1,manipulated,voltage_drop,medium,1
2025-01-03T09:24:26.000Z,CP_013,ChangeConfiguration,397.32,16.27,36.8,55.5,16.76,27.45,58.1,429.03,11.18,21.3,31.71,1,csms,normal,none,0
2025-01-01T13:45:00.000Z,CP_007,ChangeConfiguration,391.13,27.26,39.9,59.1,19.07,37.63,55.4,415.07,10.37,15.5,23.94,1,local,normal,none,0
2025-01-02T18:34:44.000Z,CP_020,SetChargingProfile,395.1,21.57,43.8,92.6,15.82,26.71,66.0,415.42,5.14,22.2,20.32,0,local,normal,none,0
2025-01-03T06:24:00.000Z,CP_015,UpdateFirmware,388.8,26.53,27.0,63.0,8.04,40.38,43.2,424.15,13.85,16.2,35.35,0,csms,normal,none,0
2025-01-03T12:40:03.000Z,CP_019,SetChargingProfile,386.76,16.83,44.8,78.8,16.52,24.7,56.0,416.87,7.87,11.2,30.11,1,csms,normal,none,0
2025-01-01T11:58:13.000Z,CP_009,ChangeConfiguration,391.19,30.13,20.9,62.6,10.99,38.08,37.1,422.2,7.95,16.2,31.01,0,local,normal,none,0
2025-01-01T21:18:49.000Z,CP_012,ChangeConfiguration,413.42,59.78,36.2,101.5,17.55,32.0,55.0,440.0,-27.78,18.8,26.58,1,manipulated,battery_overcharge,critical,1
2025-01-01T02:47:11.000Z,CP_014,RemoteStartTransaction,412.09,29.83,40.3,32.7,18.9,35.91,63.4,449.26,6.08,23.1,37.17,0,local,normal,none,0
2025-01-01T23:37:44.000Z,CP_015,SetChargingProfile,406.94,17.72,40.9,93.4,13.59,27.86,57.0,442.17,10.14,16.1,35.23,0,local,normal,none,0
2025-01-07T09:45:01.000Z,CP_016,SetChargingProfile,253.84,31.08,44.7,28.3,7.89,32.0,55.0,440.0,0.92,10.3,186.16,1,manipulated,voltage_drop,medium,1
2025-01-02T02:50:48.000Z,CP_002,UpdateFirmware,419.7,29.87,23.2,83.6,11.05,41.98,45.6,454.93,12.11,22.4,35.23,1,csms,normal,none,0
2025-01-03T11:47:35.000Z,CP_008,UpdateFirmware,381.07,16.04,26.6,91.3,19.58,25.77,46.4,418.92,9.73,19.8,37.85,0,local,normal,none,0
2025-01-03T21:39:12.000Z,CP_019,ChangeConfiguration,410.3,31.32,33.0,73.8,14.74,36.51,52.9,440.94,5.19,19.9,30.64,1,csms,normal,none,0
2025-01-03T22:42:09.000Z,CP_001,ChangeConfiguration,281.15,27.12,25.5,84.4,7.62,32.0,55.0,440.0,4.88,29.5,158.85,1,manipulated,voltage_drop,medium,1
2025-01-01T18:05:44.000Z,CP_017,ChangeConfiguration,419.34,31.74,39.5,49.5,8.54,45.64,50.8,448.79,13.9,11.3,29.45,1,csms,normal,none,0
2025-01-06T23:52:44.000Z,CP_001,SetChargingProfile,386.18,17.68,29.4,58.5,19.87,24.91,52.5,419.56,7.23,23.1,33.38,1,local,normal,none,0
2025-01-02T12:13:14.000Z,CP_016,ChangeConfiguration,390.84,30.79,37.1,33.8,15.33,42.37,49.8,427.85,11.58,12.7,37.01,0,csms,normal,none,0
2025-01-01T15:33:53.000Z,CP_017,RemoteStartTransaction,568.52,23.0,20.8,52.9,13.08,32.0,55.0,440.0,9.0,34.2,-128.52,1,manipulated,voltage_spike,high,1
2025-01-04T00:19:49.000Z,CP_012,RemoteStartTransaction,411.33,22.46,30.1,59.3,16.97,32.18,47.8,446.55,9.72,17.7,35.22,1,csms,normal,none,0
2025-01-03T16:25:05.000Z,CP_014,Reset,410.95,18.09,23.4,57.5,14.52,29.61,36.3,443.27,11.52,12.9,32.32,0,csms,normal,none,0
2025-01-02T06:53:06.000Z,CP_019,ChangeConfiguration,406.04,26.99,24.1,16.3,19.75,34.94,38.9,445.07,7.95,14.8,39.03,1,csms,normal,none,0
2025-01-02T02:15:33.000Z,CP_016,SetChargingProfile,418.45,31.56,23.6,33.8,8.04,38.87,46.3,446.71,7.31,22.7,28.26,1,csms,normal,none,0
2025-01-01T04:09:41.000Z,CP_005,UpdateFirmware,382.86,18.65,27.7,73.7,15.71,26.54,39.6,416.63,7.89,11.9,33.77,1,local,normal,none,0
2025-01-04T03:13:55.000Z,CP_016,Reset,413.48,20.47,38.3,72.6,11.0,28.74,57.0,451.32,8.27,18.7,37.84,0,csms,normal,none,0
2025-01-03T03:39:01.000Z,CP_003,UpdateFirmware,414.57,22.09,33.1,69.5,21.71,29.31,49.5,435.8,7.22,16.4,21.23,0,local,normal,none,0
2025-01-05T01:57:30.000Z,CP_001,RemoteStartTransaction,488.5,168.92,82.6,29.1,82.52,32.0,55.0,440.0,-136.92,-27.6,-48.5,1,manipulated,combined_attack,critical,1
2025-01-02T03:48:38.000Z,CP_008,SetChargingProfile,510.16,143.77,56.4,53.2,73.35,32.0,55.0,440.0,-111.77,-1.4,-70.16,1,manipulated,combined_attack,critical,1
2025-01-04T10:06:31.000Z,CP_018,SetChargingProfile,269.89,20.89,44.8,75.5,5.64,32.0,55.0,440.0,11.11,10.2,170.11,1,manipulated,voltage_drop,medium,1
2025-01-04T11:49:25.000Z,CP_010,SetChargingProfile,449.95,163.66,75.5,16.1,73.64,32.0,55.0,440.0,-131.66,-20.5,-9.95,1,manipulated,combined_attack,critical,1
2025-01-06T00:56:01.000Z,CP_002,ChangeConfiguration,431.34,133.53,60.5,42.0,57.6,32.0,55.0,440.0,-101.53,-5.5,8.66,1,manipulated,combined_attack,critical,1
2025-01-02T19:25:05.000Z,CP_003,RemoteStartTransaction,402.18,18.86,27.8,28.6,15.78,25.69,49.0,440.79,6.83,21.2,38.61,1,csms,normal,none,0
2025-01-01T03:03:20.000Z,CP_019,SetChargingProfile,381.8,29.39,28.7,73.1,7.79,43.3,43.8,403.75,13.91,15.1,21.95,1,local,normal,none,0
2025-01-04T07:58:48.000Z,CP_007,ChangeConfiguration,402.07,26.21,20.8,32.9,21.66,36.86,39.3,437.87,10.65,18.5,35.8,0,local,normal,none,0
2025-01-03T02:12:01.000Z,CP_010,ChangeConfiguration,386.97,30.17,38.0,38.9,15.5,36.96,48.3,423.83,6.79,10.3,36.86,0,csms,normal,none,0
2025-01-01T01:28:22.000Z,CP_012,RemoteStartTransaction,404.59,22.96,36.0,77.3,8.24,34.67,52.1,434.85,11.71,16.1,30.26,0,csms,normal,none,0
2025-01-05T02:45:33.000Z,CP_005,SetChargingProfile,413.88,26.97,39.8,37.1,14.38,39.32,53.7,447.63,12.35,13.9,33.75,1,csms,normal,none,0
